id,domain,domain_description,sql_complexity,sql_complexity_description,sql_task_type,sql_task_type_description,sql_prompt,sql_context,sql,sql_explanation
5097,forestry,"Comprehensive data on sustainable forest management, timber production, wildlife habitat, and carbon sequestration in forestry.",single join,"only one join (specify inner, outer, cross)",analytics and reporting,"generating reports, dashboards, and analytical insights","What is the total volume of timber sold by each salesperson, sorted by salesperson?","CREATE TABLE salesperson (salesperson_id INT, name TEXT, region TEXT); INSERT INTO salesperson (salesperson_id, name, region) VALUES (1, 'John Doe', 'North'), (2, 'Jane Smith', 'South'); CREATE TABLE timber_sales (sales_id INT, salesperson_id INT, volume REAL, sale_date DATE); INSERT INTO timber_sales (sales_id, salesperson_id, volume, sale_date) VALUES (1, 1, 120, '2021-01-01'), (2, 1, 150, '2021-02-01'), (3, 2, 180, '2021-01-01');","SELECT salesperson_id, name, SUM(volume) as total_volume FROM timber_sales JOIN salesperson ON timber_sales.salesperson_id = salesperson.salesperson_id GROUP BY salesperson_id, name ORDER BY total_volume DESC;","Joins timber_sales and salesperson tables, groups sales by salesperson, calculates total volume sold by each salesperson, and orders the results by total volume in descending order."
5098,defense industry,"Defense contract data, military equipment maintenance, threat intelligence metrics, and veteran employment stats.",aggregation,"aggregation functions (COUNT, SUM, AVG, MIN, MAX, etc.), and HAVING clause",analytics and reporting,"generating reports, dashboards, and analytical insights",List all the unique equipment types and their corresponding total maintenance frequency from the equipment_maintenance table.,"CREATE TABLE equipment_maintenance (equipment_type VARCHAR(255), maintenance_frequency INT);","SELECT equipment_type, SUM(maintenance_frequency) AS total_maintenance_frequency FROM equipment_maintenance GROUP BY equipment_type;","This query groups the equipment_maintenance table by equipment_type and calculates the sum of maintenance_frequency for each group, then returns the equipment_type and the corresponding total_maintenance_frequency."
5099,marine biology,"Comprehensive data on marine species, oceanography, conservation efforts, and climate change impacts in marine biology.",basic SQL,basic SQL with a simple select statement,analytics and reporting,"generating reports, dashboards, and analytical insights",How many marine species are found in the Southern Ocean?,"CREATE TABLE marine_species (name VARCHAR(50), common_name VARCHAR(50), location VARCHAR(50));",SELECT COUNT(*) FROM marine_species WHERE location = 'Southern Ocean';,This query counts the number of marine species found in the Southern Ocean by using the COUNT() function with a WHERE clause.
5100,financial services,"Detailed financial data including investment strategies, risk management, fraud detection, customer analytics, and regulatory compliance.",aggregation,"aggregation functions (COUNT, SUM, AVG, MIN, MAX, etc.), and HAVING clause",analytics and reporting,"generating reports, dashboards, and analytical insights",What is the total trade value and average price for each trader and stock in the trade_history table?,"CREATE TABLE trade_history (id INT, trader_id INT, stock VARCHAR(255), price DECIMAL(5,2), quantity INT, trade_time TIMESTAMP);","SELECT trader_id, stock, SUM(price * quantity) as total_trade_value, AVG(price) as avg_price FROM trade_history GROUP BY trader_id, stock;",This query calculates the total trade value and average price for each trader and stock by grouping the trade_history table by the trader_id and stock columns and summing up the product of price and quantity for each trade and getting the average price for each group.
5101,energy,"Energy market data covering renewable energy sources, energy storage, carbon pricing, and energy efficiency.",window functions,"window functions (e.g., ROW_NUMBER, LEAD, LAG, RANk, NTILE, PERCENT_RANK, etc.) with partitioning and ordering",analytics and reporting,"generating reports, dashboards, and analytical insights",Find the energy efficiency upgrades with the highest cost and their types.,"CREATE TABLE upgrades (id INT, cost FLOAT, type TEXT); INSERT INTO upgrades (id, cost, type) VALUES (1, 500, 'Insulation'), (2, 1000, 'HVAC'), (3, 1500, 'Lighting');","SELECT type, cost FROM (SELECT type, cost, ROW_NUMBER() OVER (ORDER BY cost DESC) as rn FROM upgrades) sub WHERE rn = 1;",The SQL query uses the ROW_NUMBER function to rank the energy efficiency upgrades based on their cost in descending order. It then filters the upgrade with the highest cost by using the subquery and WHERE clause.
5102,defense operations,"Defense data on military innovation, peacekeeping operations, defense diplomacy, and humanitarian assistance.",basic SQL,basic SQL with a simple select statement,analytics and reporting,"generating reports, dashboards, and analytical insights",What is the total spending on humanitarian assistance by the European Union in the last 3 years?,"CREATE SCHEMA if not exists defense; CREATE TABLE if not exists eu_humanitarian_assistance (id INT PRIMARY KEY, year INT, spending INT); INSERT INTO defense.eu_humanitarian_assistance (id, year, spending) VALUES (1, 2019, 1500), (2, 2020, 1800), (3, 2021, 2100);",SELECT SUM(spending) FROM defense.eu_humanitarian_assistance WHERE year BETWEEN 2019 AND 2021;,This SQL query calculates the total spending on humanitarian assistance by the European Union in the last 3 years. It uses the SUM() aggregation function to find the total spending and WHERE clause to filter the result by year.
5103,aquaculture,"Aquatic farming data, fish stock management, ocean health metrics, and sustainable seafood trends.",single join,"only one join (specify inner, outer, cross)",analytics and reporting,"generating reports, dashboards, and analytical insights",What is the average water temperature for each fish species in February?,"CREATE TABLE SpeciesWaterTemp (SpeciesID int, Date date, WaterTemp float); INSERT INTO SpeciesWaterTemp (SpeciesID, Date, WaterTemp) VALUES (1, '2022-02-01', 12.8), (1, '2022-02-02', 13.1), (2, '2022-02-01', 14.3), (2, '2022-02-02', 14.7);","SELECT SpeciesName, AVG(WaterTemp) as AvgTemp FROM SpeciesWaterTemp INNER JOIN FishSpecies ON SpeciesWaterTemp.SpeciesID = FishSpecies.SpeciesID WHERE MONTH(Date) = 2 GROUP BY SpeciesName;",This query calculates the average water temperature for each fish species in February. It filters the records where the month of the date is February (2) and performs an inner join between the SpeciesWaterTemp and FishSpecies tables based on the species ID. It then groups the results by species name and calculates the average water temperature for each group.
5104,nonprofit operations,"Donation records, program outcomes, volunteer engagement metrics, budget reports, and community impact assessments.",basic SQL,basic SQL with a simple select statement,data manipulation,"inserting, updating, or deleting records",Delete a program's outcome data,"CREATE TABLE Program_Outcomes (id INT, program_id INT, outcome_type VARCHAR, value INT, outcome_date DATE); INSERT INTO Program_Outcomes (id, program_id, outcome_type, value, outcome_date) VALUES (1, 1001, 'participants', 50, '2021-01-01'), (2, 1002, 'hours_donated', 1000, '2021-01-01');",DELETE FROM Program_Outcomes WHERE program_id = 1002;,This query removes the record with a program_id of 1002 from the Program_Outcomes table.
5105,public transportation,"Extensive data on route planning, fare collection, vehicle maintenance, and accessibility in public transportation.",basic SQL,basic SQL with a simple select statement,analytics and reporting,"generating reports, dashboards, and analytical insights",Find the total fare collected from passengers on 'Green Line' buses,"CREATE TABLE bus_routes (route_name VARCHAR(50), fare FLOAT); INSERT INTO bus_routes (route_name, fare) VALUES ('Green Line', 1.50), ('Red Line', 2.00), ('Blue Line', 1.75);",SELECT SUM(fare) FROM bus_routes WHERE route_name = 'Green Line';,This SQL query calculates the total fare collected from passengers on the 'Green Line' by summing the 'fare' column values where the 'route_name' is 'Green Line'.
5106,real estate,"Real estate data on inclusive housing policies, sustainable urbanism, property co-ownership, and housing affordability.",basic SQL,basic SQL with a simple select statement,analytics and reporting,"generating reports, dashboards, and analytical insights",What is the average property size in inclusive housing areas?,"CREATE TABLE Inclusive_Housing (Property_ID INT, Inclusive VARCHAR(10), Property_Size INT); INSERT INTO Inclusive_Housing (Property_ID, Inclusive, Property_Size) VALUES (1, 'Yes', 900), (2, 'No', 1100), (3, 'Yes', 800), (4, 'No', 1200);",SELECT AVG(Property_Size) FROM Inclusive_Housing WHERE Inclusive = 'Yes';,"The SQL query calculates the average property size in inclusive housing areas by using the AVG function on the Property_Size column, and filtering the data for rows where the Inclusive column is 'Yes'."
5107,rural health,"Detailed records on healthcare access, disease prevalence, and resource allocation in rural health.",single join,"only one join (specify inner, outer, cross)",analytics and reporting,"generating reports, dashboards, and analytical insights",What is the average income of farmers in each district in India?,"CREATE TABLE farmers_india (id INT, name VARCHAR(255), district_id INT, age INT, income INT); INSERT INTO farmers_india (id, name, district_id, age, income) VALUES (1, 'Farmer A', 1, 45, 50000); CREATE TABLE districts_india (id INT, name VARCHAR(255), state VARCHAR(255)); INSERT INTO districts_india (id, name, state) VALUES (1, 'District A', 'Maharashtra');","SELECT d.name, AVG(f.income) FROM farmers_india f JOIN districts_india d ON f.district_id = d.id GROUP BY d.name;","The SQL query joins the farmers_india and districts_india tables, and then groups the average income of farmers by district."
5108,marine biology,"Comprehensive data on marine species, oceanography, conservation efforts, and climate change impacts in marine biology.",subqueries,"subqueries, including correlated and nested subqueries",analytics and reporting,"generating reports, dashboards, and analytical insights",What is the average sea surface temperature in the Pacific Ocean per year?,"CREATE TABLE Ocean(id INT, region VARCHAR(20), temperature DECIMAL(5,2)); INSERT INTO Ocean(id, region, temperature) VALUES (1, 'Pacific', 20.5), (2, 'Atlantic', 18.3), (3, 'Indian', 23.2);","SELECT AVG(temperature) FROM (SELECT temperature FROM Ocean WHERE region = 'Pacific' GROUP BY temperature, YEAR(STR_TO_DATE(region, '%Y'))) AS PacificAverage;","This query calculates the average sea surface temperature in the Pacific Ocean per year. It first groups the data by temperature and year (assuming the region name contains the year information), then calculates the average temperature for the Pacific Ocean group."
5109,sustainable infrastructure,"Green building data, renewable energy infrastructure projects, carbon offset initiatives, and smart city technology adoption.",basic SQL,basic SQL with a simple select statement,data manipulation,"inserting, updating, or deleting records",Update the end date of carbon offset initiative 'Initiative 1' in Australia to '2025-12-31'.,"CREATE TABLE carbon_offsets (initiative_id INT, initiative_name VARCHAR(255), country VARCHAR(255), start_date DATE, end_date DATE);",UPDATE carbon_offsets SET end_date = '2025-12-31' WHERE initiative_name = 'Initiative 1' AND country = 'Australia';,This SQL query updates the end date of carbon offset initiative 'Initiative 1' in Australia to '2025-12-31' by modifying the end_date value in the carbon_offsets table where the initiative_name is 'Initiative 1' and country is 'Australia'.
5110,beauty industry,"Cosmetics sales data, beauty product ingredient transparency, consumer preferences, and sustainability metrics.",single join,"only one join (specify inner, outer, cross)",analytics and reporting,"generating reports, dashboards, and analytical insights",Which regions have the highest and lowest sustainability metrics for products?,"CREATE TABLE sustainability_metrics (product_id INT, carbon_footprint INT, water_usage INT, waste_generation INT, region VARCHAR(50)); INSERT INTO sustainability_metrics (product_id, carbon_footprint, water_usage, waste_generation, region) VALUES (1, 10, 50, 20, 'Northeast'), (2, 15, 60, 30, 'Southwest'), (3, 8, 40, 15, 'Midwest'); CREATE TABLE products (product_id INT, product_name VARCHAR(50)); INSERT INTO products (product_id, product_name) VALUES (1, 'Lipstick'), (2, 'Eyeshadow'), (3, 'Blush');","SELECT region, MAX(sustainability_metrics.carbon_footprint) as max_carbon_footprint, MAX(sustainability_metrics.water_usage) as max_water_usage, MAX(sustainability_metrics.waste_generation) as max_waste_generation FROM sustainability_metrics JOIN products ON sustainability_metrics.product_id = products.product_id GROUP BY region;","Retrieve the regions with the highest and lowest sustainability metrics for products by joining the sustainability_metrics table with the products table, grouping by the region column, and applying the MAX function to the carbon_footprint, water_usage, and waste_generation columns."
5111,automotive,"Vehicle safety testing results, autonomous driving research data, electric vehicle adoption statistics, and auto show information.",basic SQL,basic SQL with a simple select statement,data definition,"creating, altering, or dropping tables and other database objects",Remove the 'vehicle_safety_testing' table and its records,"CREATE TABLE vehicle_safety_testing (id INT PRIMARY KEY, vehicle_model VARCHAR(255), test_score FLOAT);",DROP TABLE vehicle_safety_testing;,The DROP TABLE statement is used to remove the 'vehicle_safety_testing' table and all its records.
5112,marine biology,"Comprehensive data on marine species, oceanography, conservation efforts, and climate change impacts in marine biology.",aggregation,"aggregation functions (COUNT, SUM, AVG, MIN, MAX, etc.), and HAVING clause",analytics and reporting,"generating reports, dashboards, and analytical insights",Show the conservation status of marine mammals and birds by year.,"CREATE TABLE mammals (id INT, name VARCHAR(255), conservation_status VARCHAR(255), year INT); CREATE TABLE birds (id INT, name VARCHAR(255), conservation_status VARCHAR(255), year INT); CREATE VIEW combined AS SELECT 'Mammals' AS animal_group, * FROM mammals UNION ALL SELECT 'Birds', * FROM birds;","SELECT animal_group, conservation_status, year, COUNT(*) FROM combined GROUP BY animal_group, conservation_status, year;","This query uses a view to combine the mammals and birds tables, groups the combined table by the animal_group, conservation_status, and year columns, and calculates the count of records in each group."
5113,defense security,"Detailed records on military technology, intelligence operations, national security, and cybersecurity strategies.",basic SQL,basic SQL with a simple select statement,analytics and reporting,"generating reports, dashboards, and analytical insights",What are the names and types of military bases located in 'California'?,"CREATE TABLE Armed_Forces (base_id INT, base_name VARCHAR(50), base_location VARCHAR(50), base_type VARCHAR(50)); INSERT INTO Armed_Forces (base_id, base_name, base_location, base_type) VALUES (1, 'Fort Bragg', 'North Carolina', 'Army'); INSERT INTO Armed_Forces (base_id, base_name, base_location, base_type) VALUES (2, 'Camp Pendleton', 'California', 'Marines');","SELECT base_name, base_type FROM Armed_Forces WHERE base_location = 'California';","This query filters the 'Armed_Forces' table to show only the records where the base_location is 'California'. It then selects the base_name and base_type columns from these records, showing the names and types of the bases located in 'California'."
5114,arts operations and management,"Data on art collections, cultural event attendance, artist demographics, museum operations, and heritage preservation efforts.",single join,"only one join (specify inner, outer, cross)",analytics and reporting,"generating reports, dashboards, and analytical insights",What is the total value of artworks for each artist in the 'artists_valuation' table?,"CREATE TABLE artist (id INT, name VARCHAR(50)); INSERT INTO artist (id, name) VALUES (1, 'Picasso'), (2, 'Warhol'), (3, 'Basquiat'); CREATE TABLE artists_valuation (artist_id INT, valuation INT); INSERT INTO artists_valuation (artist_id, valuation) VALUES (1, 10000000), (1, 12000000), (2, 8000000), (2, 9000000), (3, 11000000);","SELECT a.name, SUM(av.valuation) AS total_valuation FROM artist a JOIN artists_valuation av ON a.id = av.artist_id GROUP BY a.id, a.name;",The query performs a join between the artist table and the artists_valuation table based on the artist_id. The SUM function is then applied to calculate the total valuation for each artist. The results are grouped by the artist name and id.
5115,biotechnology,"Genetic research data, bioprocess engineering information, biotech startup funding, and biosensor technology development.",single join,"only one join (specify inner, outer, cross)",analytics and reporting,"generating reports, dashboards, and analytical insights",List startups that received funding for biosensor development,"CREATE TABLE startups (id INT, name VARCHAR(50), domain VARCHAR(50), location VARCHAR(50)); INSERT INTO startups (id, name, domain, location) VALUES (1, 'SensBiotech', 'Biosensors', 'CA'); INSERT INTO startups (id, name, domain, location) VALUES (2, 'BioSignal', 'Bioinformatics', 'NY'); CREATE TABLE funding (id INT, startup_id INT, amount DECIMAL(10, 2), purpose VARCHAR(50)); INSERT INTO funding (id, startup_id, amount, purpose) VALUES (1, 1, 50000.00, 'Biosensor Development'); INSERT INTO funding (id, startup_id, amount, purpose) VALUES (2, 2, 30000.00, 'Data Analysis');",SELECT s.name FROM startups s JOIN funding f ON s.id = f.startup_id WHERE s.domain = 'Biosensors' AND f.purpose = 'Biosensor Development';,"This query joins the startups and funding tables on startup_id, filtering for Biosensors startups with Biosensor Development funding and returning their names."
5116,defense operations,"Defense data on military innovation, peacekeeping operations, defense diplomacy, and humanitarian assistance.",aggregation,"aggregation functions (COUNT, SUM, AVG, MIN, MAX, etc.), and HAVING clause",analytics and reporting,"generating reports, dashboards, and analytical insights",What is the total amount of humanitarian assistance provided by non-governmental organizations (NGOs) to countries in Africa in the last 5 years?,"CREATE TABLE HumanitarianAssistance (Country VARCHAR(50), Organization VARCHAR(50), Amount INT, Year INT); INSERT INTO HumanitarianAssistance (Country, Organization, Amount, Year) VALUES ('Kenya', 'Doctors Without Borders', 2000000, 2018), ('Nigeria', 'International Rescue Committee', 3000000, 2019), ('South Africa', 'Oxfam', 1500000, 2020), ('Ethiopia', 'Save the Children', 2500000, 2017), ('Sudan', 'Care International', 1800000, 2016);","SELECT SUM(Amount) AS TotalAssistance, Country FROM HumanitarianAssistance WHERE Organization NOT IN ('Government', 'Military') AND Year BETWEEN 2016 AND 2020 GROUP BY Country;",This query calculates the total amount of humanitarian assistance provided by non-governmental organizations (NGOs) to countries in Africa in the last 5 years. It does this by summing the amount column for rows where the organization is not in the list of government and military organizations and the year is between 2016 and 2020. The query also groups the results by country so that the total amount of assistance provided to each country is displayed separately.
5117,automotive,"Vehicle safety testing results, autonomous driving research data, electric vehicle adoption statistics, and auto show information.",aggregation,"aggregation functions (COUNT, SUM, AVG, MIN, MAX, etc.), and HAVING clause",analytics and reporting,"generating reports, dashboards, and analytical insights",What is the total number of autonomous driving research papers published by country in the past year?,"CREATE TABLE ResearchPapers (ID INT, Title VARCHAR(100), PublishedDate DATE, Author VARCHAR(50), Country VARCHAR(50)); INSERT INTO ResearchPapers (ID, Title, PublishedDate, Author, Country) VALUES (1, 'AD Research 1', '2022-01-15', 'A. Smith', 'USA'), (2, 'AD Research 2', '2022-03-20', 'B. Johnson', 'Canada'), (3, 'AD Research 3', '2021-12-12', 'C. Lee', 'South Korea'), (4, 'AD Research 4', '2022-05-08', 'D. Patel', 'India'), (5, 'AD Research 5', '2021-11-01', 'E. Chen', 'China');","SELECT Country, COUNT(*) as Total_Papers FROM ResearchPapers WHERE PublishedDate >= DATE_SUB(CURRENT_DATE, INTERVAL 1 YEAR) AND Author LIKE '%autonomous%' GROUP BY Country;","This query filters for autonomous driving research papers published in the past year, groups them by country, and calculates the total number of papers for each country."
5118,cybersecurity,"Threat intelligence data, vulnerability assessments, security incident response metrics, and cybersecurity policy analysis.",aggregation,"aggregation functions (COUNT, SUM, AVG, MIN, MAX, etc.), and HAVING clause",analytics and reporting,"generating reports, dashboards, and analytical insights","What are the unique combinations of security incident types and their corresponding statuses in the incident_responses table, excluding any records with 'In Progress' status?","CREATE TABLE incident_responses (incident VARCHAR(50), status VARCHAR(15)); INSERT INTO incident_responses (incident, status) VALUES ('Incident 1', 'Resolved'), ('Incident 2', 'In Progress'), ('Incident 3', 'Resolved'), ('Incident 4', 'In Progress'), ('Incident 5', 'Assessed');","SELECT incident, status FROM incident_responses WHERE status != 'In Progress' GROUP BY incident, status;","This query selects the unique combinations of incident types and statuses, excluding any records with an 'In Progress' status. It groups the result set by both columns, ensuring that only unique combinations are returned."
5119,biotechnology,"Genetic research data, bioprocess engineering information, biotech startup funding, and biosensor technology development.",aggregation,"aggregation functions (COUNT, SUM, AVG, MIN, MAX, etc.), and HAVING clause",analytics and reporting,"generating reports, dashboards, and analytical insights",What is the maximum number of genetic research projects in Japan per year?,"CREATE SCHEMA if not exists genetic;CREATE TABLE if not exists genetic.projects (id INT PRIMARY KEY, name VARCHAR(100), start_date DATE);INSERT INTO genetic.projects (id, name, start_date) VALUES (1, 'ProjectX', '2018-01-01'), (2, 'ProjectY', '2020-05-15'), (3, 'ProjectZ', '2017-08-08'), (4, 'ProjectW', '2021-03-03'), (5, 'ProjectV', '2020-09-20'), (6, 'ProjectU', '2019-12-31');","SELECT YEAR(start_date) AS year, MAX(COUNT(*)) AS projects_count FROM genetic.projects GROUP BY year;","This SQL query calculates the maximum number of genetic research projects per year in Japan by using the YEAR() function to extract the year from the start_date column, and the COUNT() function to count the number of projects for each year. The query then groups the results by the year using the GROUP BY clause, and uses a subquery with the MAX() function to retrieve the maximum count of projects for each year."
5120,construction,"Building permit data, construction labor statistics, project timeline information, and sustainable building practices.",aggregation,"aggregation functions (COUNT, SUM, AVG, MIN, MAX, etc.), and HAVING clause",analytics and reporting,"generating reports, dashboards, and analytical insights",How many construction projects were completed each month in 2020 and 2021?,"CREATE TABLE project_timeline (id INT, project VARCHAR(50), start_date DATE, end_date DATE); INSERT INTO project_timeline (id, project, start_date, end_date) VALUES (1, 'Office Building', '2019-12-20', '2021-04-30'), (2, 'Residential Apartments', '2021-03-01', '2022-08-01'), (3, 'School', '2020-06-15', '2021-10-15'), (4, 'Library', '2020-01-01', '2020-06-15'), (5, 'Park', '2021-01-01', '2021-12-31');","SELECT YEAR(start_date) AS year, MONTH(start_date) AS month, COUNT(*) AS projects FROM project_timeline WHERE end_date IS NOT NULL GROUP BY year, month;","The prompt asks for the number of construction projects completed each month in 2020 and 2021. We use the project_timeline table, filter the rows where the end_date is not null (meaning the project was completed), and group the results by year and month."
5121,construction,"Building permit data, construction labor statistics, project timeline information, and sustainable building practices.",basic SQL,basic SQL with a simple select statement,analytics and reporting,"generating reports, dashboards, and analytical insights",What is the average labor cost per worker per week in the 'LaborStatistics' table?,"CREATE TABLE LaborStatistics (workerID INT, laborDate DATE, hourlyRate DECIMAL(10,2), hoursWorked DECIMAL(10,2));",SELECT AVG(hourlyRate * hoursWorked * 5) AS AverageLaborCost FROM LaborStatistics;,"This query calculates the average labor cost per worker per week by multiplying the hourlyRate by hoursWorked and then by 5 (assuming 5 working days in a week), and finally calculating the average value using AVG."
5122,agriculture,"Comprehensive data on agroecology, food justice, indigenous food systems, and urban agriculture.",basic SQL,basic SQL with a simple select statement,analytics and reporting,"generating reports, dashboards, and analytical insights","List all food justice organizations in Africa, along with the number of projects they have implemented.","CREATE TABLE food_justice_orgs (org_id INT, org_name TEXT, country TEXT, num_projects INT); INSERT INTO food_justice_orgs (org_id, org_name, country, num_projects) VALUES (1, 'Org A', 'Kenya', 10), (2, 'Org B', 'Nigeria', 7), (3, 'Org C', 'South Africa', 15);","SELECT org_name, num_projects FROM food_justice_orgs WHERE country = 'Africa';","This SQL query lists all food justice organizations in Africa, along with the number of projects they have implemented. It does this by selecting the 'org_name' and 'num_projects' columns and filtering the results by the 'country' column."
5123,wildlife conservation,"Animal population data, habitat preservation efforts, and community education programs.",basic SQL,basic SQL with a simple select statement,analytics and reporting,"generating reports, dashboards, and analytical insights",Retrieve the names and species of all animals that weigh more than 500 kg,"CREATE TABLE animals (id INT, name VARCHAR(20), species VARCHAR(20), weight DECIMAL(5, 2)); INSERT INTO animals (id, name, species, weight) VALUES (1, 'Elephant', 'African', 6000), (2, 'Lion', 'African', 400), (3, 'Hippo', 'African', 3000), (4, 'Tiger', 'Asian', 300), (5, 'Crane', 'African', 100), (6, 'Rhinoceros', 'African', 2000), (7, 'Zebra', 'African', 450), (8, 'Giraffe', 'African', 1200), (9, 'Bear', 'Eurasian', 600), (10, 'Crocodile', 'Nile', 700);","SELECT name, species FROM animals WHERE weight > 500;",This query filters the 'animals' table by the 'weight' column to retrieve the names and species of all animals that weigh more than 500 kg.
5124,hospitality technology,"Hotel tech adoption metrics, online travel agency data, virtual tour engagement stats, and hospitality AI trends.",basic SQL,basic SQL with a simple select statement,analytics and reporting,"generating reports, dashboards, and analytical insights",Identify hotels with the highest virtual tour engagement in the APAC region in Q1 2022,"CREATE TABLE virtual_tour_stats (hotel_id INT, hotel_name TEXT, region TEXT, q1_2022_views INT); INSERT INTO virtual_tour_stats (hotel_id, hotel_name, region, q1_2022_views) VALUES (10, 'Hotel X', 'APAC', 500), (11, 'Hotel Y', 'APAC', 650);","SELECT hotel_name, q1_2022_views FROM virtual_tour_stats WHERE region = 'APAC' ORDER BY q1_2022_views DESC LIMIT 5;",The SQL query lists the top 5 hotels with the highest virtual tour engagement in the APAC region in Q1 2022 by filtering hotels based on the 'region' column and ordering them by Q1 2022 views in descending order. The LIMIT clause limits the output to 5 rows.
5125,cybersecurity,"Threat intelligence data, vulnerability assessments, security incident response metrics, and cybersecurity policy analysis.",subqueries,"subqueries, including correlated and nested subqueries",analytics and reporting,"generating reports, dashboards, and analytical insights","What are the common cybersecurity policies across all departments, according to our Policy Analysis database?","CREATE TABLE PolicyAnalysis (id INT, policy VARCHAR(100), department VARCHAR(50)); INSERT INTO PolicyAnalysis (id, policy, department) VALUES (1, 'Data Access Policy', 'Sales'), (2, 'Password Policy', 'Marketing');",SELECT policy FROM PolicyAnalysis GROUP BY policy HAVING COUNT(DISTINCT department) = (SELECT COUNT(DISTINCT department) FROM PolicyAnalysis);,The SQL query groups cybersecurity policies by policy and filters the result set to only show policies that are present in all departments.
5126,venture capital,"Company founding data, investment rounds, exit strategies, and diversity metrics in the startup ecosystem.",basic SQL,basic SQL with a simple select statement,analytics and reporting,"generating reports, dashboards, and analytical insights",How many companies were founded by women in the San Francisco Bay Area?,"CREATE TABLE companies (id INT, name TEXT, city TEXT, state TEXT, founder_gender TEXT); INSERT INTO companies (id, name, city, state, founder_gender) VALUES (1, 'Acme Inc', 'San Francisco', 'CA', 'female');",SELECT COUNT(*) FROM companies WHERE city='San Francisco' AND state='CA' AND founder_gender='female';,"The SQL query counts the number of companies founded by women in the San Francisco Bay Area by selecting all records where the city is 'San Francisco', the state is 'CA', and the founder_gender is 'female', and then calculating the count of these records."
5127,finance,"Financial data on Shariah-compliant finance, socially responsible lending, financial capability, and financial wellbeing.",basic SQL,basic SQL with a simple select statement,analytics and reporting,"generating reports, dashboards, and analytical insights",What was the total value of socially responsible loans issued to women in H2 2021?,"CREATE TABLE socially_responsible_loans (id INT, value DECIMAL(10, 2), client_gender VARCHAR(10), date DATE);",SELECT SUM(value) FROM socially_responsible_loans WHERE client_gender = 'female' AND date BETWEEN '2021-07-01' AND '2021-12-31';,Calculate the total value of loans from the socially_responsible_loans table where the client_gender is 'female' and the date is within H2 2021.
5128,space,"Space data on space exploration, satellite technology, space debris mitigation, and astrobiology.",aggregation,"aggregation functions (COUNT, SUM, AVG, MIN, MAX, etc.), and HAVING clause",analytics and reporting,"generating reports, dashboards, and analytical insights","What is the maximum distance of all satellites from the Earth's surface, organized by country of origin?","CREATE TABLE satellites (id INT, name VARCHAR(255), country_of_origin VARCHAR(255), avg_distance FLOAT);","SELECT country_of_origin, MAX(avg_distance) FROM satellites GROUP BY country_of_origin;",The SQL query calculates the maximum distance of all satellites from the Earth's surface for each country of origin. It does this by grouping the records in the satellites table by the country_of_origin column and then calculating the maximum distance using the MAX() function.
5129,telecommunications,"Mobile and broadband subscriber data, network infrastructure investments, customer usage patterns, and regulatory compliance information.",basic SQL,basic SQL with a simple select statement,analytics and reporting,"generating reports, dashboards, and analytical insights",What is the total data usage for mobile customers in the city of Toronto for the year 2022?,"CREATE TABLE mobile_usage (subscriber_id INT, data_usage FLOAT, city VARCHAR(20), year INT); INSERT INTO mobile_usage (subscriber_id, data_usage, city, year) VALUES (1, 3.5, 'Toronto', 2022), (2, 4.2, 'New York', 2022), (3, 3.8, 'Toronto', 2022);",SELECT SUM(data_usage) FROM mobile_usage WHERE city = 'Toronto' AND year = 2022;,"This query calculates the total data usage for mobile customers in the city of Toronto for the year 2022 by selecting the data_usage column from the mobile_usage table where the city is 'Toronto' and the year is 2022, and then calculating the sum using the SUM() function."
5130,maritime,"Vessel performance data, cargo tracking, safety records, and regulatory compliance.",basic SQL,basic SQL with a simple select statement,analytics and reporting,"generating reports, dashboards, and analytical insights",What is the maximum cargo weight for VesselC?,"CREATE TABLE vessels (id INT, name TEXT, max_cargo_weight INT); INSERT INTO vessels (id, name, max_cargo_weight) VALUES (3, 'VesselC', 50000);",SELECT max_cargo_weight FROM vessels WHERE name = 'VesselC';,This query finds the maximum cargo weight for VesselC. It does this by selecting the max_cargo_weight column from the vessels table where the name column is equal to 'VesselC'. This will return a single row with the maximum cargo weight for that vessel.
5131,healthcare,"Healthcare data on mental health parity, cultural competency, health equity metrics, and community health workers.",basic SQL,basic SQL with a simple select statement,analytics and reporting,"generating reports, dashboards, and analytical insights",What is the minimum cultural competency score by worker?,"CREATE TABLE worker_scores (worker_id INT, score INT); INSERT INTO worker_scores (worker_id, score) VALUES (1, 95), (2, 88), (3, 72);","SELECT worker_id, MIN(score) FROM worker_scores;",This query calculates the minimum cultural competency score by worker. It selects the worker ID and the minimum score for each worker.
5132,cybersecurity,"Threat intelligence data, vulnerability assessments, security incident response metrics, and cybersecurity policy analysis.",aggregation,"aggregation functions (COUNT, SUM, AVG, MIN, MAX, etc.), and HAVING clause",analytics and reporting,"generating reports, dashboards, and analytical insights",What is the total number of security incidents that have occurred in each region in the past year?,"CREATE TABLE incident_region(id INT, region VARCHAR(50), incidents INT, incident_date DATE);","SELECT region, SUM(incidents) as total_incidents FROM incident_region WHERE incident_date > DATE(NOW()) - INTERVAL 365 DATE GROUP BY region;",The SQL query calculates the total number of security incidents that have occurred in each region in the past year using the SUM() function and the GROUP BY clause.
5133,defense operations,"Defense data on military innovation, peacekeeping operations, defense diplomacy, and humanitarian assistance.",basic SQL,basic SQL with a simple select statement,data retrieval,basic data fetching queries,Show all records in the defense_diplomacy table where the participant_country is 'China' or 'India',"CREATE TABLE defense_diplomacy (diplomacy_id INT, event_name VARCHAR(50), participant_country VARCHAR(50), event_date DATE, event_description TEXT);","SELECT * FROM defense_diplomacy WHERE participant_country IN ('China', 'India');",This query selects all records from the defense_diplomacy table where the participant_country is 'China' or 'India'.
5134,defense security,"Detailed records on military technology, intelligence operations, national security, and cybersecurity strategies.",basic SQL,basic SQL with a simple select statement,analytics and reporting,"generating reports, dashboards, and analytical insights","What was the total number of military personnel in the United States in 2018, 2019, and 2020?","CREATE TABLE us_military_personnel (id INT, year INT, personnel INT); INSERT INTO us_military_personnel (id, year, personnel) VALUES (1, 2018, 2100000), (2, 2019, 2150000), (3, 2020, 2180000);","SELECT SUM(personnel) FROM us_military_personnel WHERE year IN (2018, 2019, 2020);","The SQL query calculates the total number of military personnel in the United States in 2018, 2019, and 2020 by summing the 'personnel' column from the 'us_military_personnel' table where the 'year' is either 2018, 2019, or 2020."
5135,justice,"Justice data on restorative justice, access to justice, criminal justice reform, and legal technology.",basic SQL,basic SQL with a simple select statement,analytics and reporting,"generating reports, dashboards, and analytical insights",What is the name and age of the youngest inmate in the prison table?,"CREATE TABLE prison (id INT, name TEXT, security_level TEXT, age INT); INSERT INTO prison (id, name, security_level, age) VALUES (1, 'John Doe', 'low_security', 25); INSERT INTO prison (id, name, security_level, age) VALUES (2, 'Jane Smith', 'medium_security', 35);","SELECT name, age FROM prison ORDER BY age LIMIT 1;",This query selects the name and age of the youngest inmate in the prison table by ordering the records by the age column in ascending order and selecting the top record using the LIMIT clause.
5136,tourism,"International visitor statistics, travel advisory information, destination marketing data, and sustainable tourism practices.",basic SQL,basic SQL with a simple select statement,analytics and reporting,"generating reports, dashboards, and analytical insights",What is the average hotel star rating for hotels in Japan and South Korea?,"CREATE TABLE hotel_ratings (country VARCHAR(50), stars FLOAT); INSERT INTO hotel_ratings (country, stars) VALUES ('Japan', 4.2), ('South Korea', 4.5);","SELECT AVG(stars) FROM hotel_ratings WHERE country IN ('Japan', 'South Korea');",The SQL query calculates the average hotel star rating for hotels in Japan and South Korea by averaging the stars column values where the country is either 'Japan' or 'South Korea'.
5137,media,"Media data on content diversity, media literacy, disinformation detection, and media representation.",aggregation,"aggregation functions (COUNT, SUM, AVG, MIN, MAX, etc.), and HAVING clause",analytics and reporting,"generating reports, dashboards, and analytical insights",What is the total word count for articles in each language per week?,"CREATE TABLE Articles (id INT, language TEXT, publish_date DATE, word_count INT); INSERT INTO Articles (id, language, publish_date, word_count) VALUES (1, 'Language 1', '2023-01-01', 500);","SELECT language, DATE_TRUNC('week', publish_date) as week, SUM(word_count) as total_word_count FROM Articles GROUP BY language, week ORDER BY week;",This query calculates the total word count for articles in each language per week. It groups the data by both 'language' and 'week' columns and calculates the sum of word counts for each group using the SUM function. It orders the results by week.
5138,public health,"Community health statistics, infectious disease tracking data, healthcare access metrics, and public health policy analysis.",single join,"only one join (specify inner, outer, cross)",analytics and reporting,"generating reports, dashboards, and analytical insights","What is the average age of patients who received a flu shot in California, grouped by county?","CREATE TABLE vaccinations (patient_id INT, county VARCHAR(20), vaccine VARCHAR(20)); INSERT INTO vaccinations (patient_id, county, vaccine) VALUES (1, 'Los Angeles', 'Flu'), (2, 'San Francisco', 'Flu'), (3, 'San Diego', 'Flu'); CREATE TABLE patients (patient_id INT, age INT); INSERT INTO patients (patient_id, age) VALUES (1, 45), (2, 30), (3, 50);","SELECT v.county, AVG(p.age) as avg_age FROM vaccinations v INNER JOIN patients p ON v.patient_id = p.patient_id WHERE vaccine = 'Flu' AND county = 'California' GROUP BY v.county;","This query joins the 'vaccinations' and 'patients' tables on 'patient_id'. It filters for patients who received a flu shot in California. Then, it calculates the average age of those patients, grouped by county."
5139,automotive,"Vehicle safety testing results, autonomous driving research data, electric vehicle adoption statistics, and auto show information.",basic SQL,basic SQL with a simple select statement,analytics and reporting,"generating reports, dashboards, and analytical insights",What was the highest horsepower vehicle at the 2021 Geneva Motor Show?,"CREATE TABLE geneva_motor_show (year INT, make VARCHAR(50), model VARCHAR(50), horsepower INT); INSERT INTO geneva_motor_show (year, make, model, horsepower) VALUES (2021, 'Koenigsegg', 'Jesko', 1600), (2021, 'Bugatti', 'Chiron Super Sport', 1578), (2021, 'Rimac', 'Nevera', 1914), (2021, 'Pagani', 'Huayra BC', 800);","SELECT make, model, MAX(horsepower) FROM geneva_motor_show WHERE year = 2021;","This query lists the highest horsepower vehicle at the 2021 Geneva Motor Show by using the SELECT statement with the make, model, and MAX function on the horsepower column, filtering the records for 2021 using the WHERE clause."
5140,rural development,"Agricultural innovation metrics, rural infrastructure projects, community development initiatives, and economic diversification efforts.",aggregation,"aggregation functions (COUNT, SUM, AVG, MIN, MAX, etc.), and HAVING clause",analytics and reporting,"generating reports, dashboards, and analytical insights",What is the number of economic diversification initiatives in tourism and their total budget for the last 3 years?,"CREATE TABLE economic_diversification (id INT, initiative_name TEXT, budget INT, category TEXT, start_year INT); INSERT INTO economic_diversification (id, initiative_name, budget, category, start_year) VALUES (1, 'Cultural Festival', 30000, 'Tourism', 2019), (2, 'Eco-Lodge Development', 50000, 'Tourism', 2020), (3, 'Agri-Tourism Program', 40000, 'Tourism', 2021);","SELECT category, start_year, COUNT(*), SUM(budget) FROM economic_diversification WHERE start_year >= 2019 GROUP BY category, start_year;",Calculate the number and total budget for economic diversification initiatives in the tourism sector for the last 3 years using COUNT(*) and SUM() functions and grouping by category and start year.
5141,automotive,"Vehicle safety testing results, autonomous driving research data, electric vehicle adoption statistics, and auto show information.",basic SQL,basic SQL with a simple select statement,analytics and reporting,"generating reports, dashboards, and analytical insights",Which electric vehicle models have a safety rating above 4.5?,"CREATE TABLE VehicleModels (Model VARCHAR(255), Manufacturer VARCHAR(255), SafetyRating FLOAT); INSERT INTO VehicleModels (Model, Manufacturer, SafetyRating) VALUES ('Model S', 'Tesla', 5.1), ('Model 3', 'Tesla', 4.9), ('Prius', 'Toyota', 4.6), ('Civic', 'Honda', 4.4);",SELECT Model FROM VehicleModels WHERE SafetyRating > 4.5;,This query retrieves the names of electric vehicle models with a safety rating above 4.5 by selecting the Model column for rows where the SafetyRating column is greater than 4.5.
5142,sports entertainment,"Sports team performance data, fan demographics, ticket sales statistics, and athlete wellbeing programs.",aggregation,"aggregation functions (COUNT, SUM, AVG, MIN, MAX, etc.), and HAVING clause",analytics and reporting,"generating reports, dashboards, and analytical insights","How many athletes have participated in wellbeing programs in each sport in the last year, and which sport had the most participants?","CREATE TABLE wellbeing_programs (athlete_id INT, sport VARCHAR(50), program_date DATE); INSERT INTO wellbeing_programs (athlete_id, sport, program_date) VALUES (1, 'Soccer', '2022-01-01'), (2, 'Basketball', '2022-01-02'), (3, 'Football', '2022-01-03'), (4, 'Soccer', '2022-01-04'), (5, 'Baseball', '2022-01-05');","SELECT sport, COUNT(DISTINCT athlete_id) AS participants FROM wellbeing_programs WHERE program_date >= DATE_SUB(CURDATE(), INTERVAL 1 YEAR) GROUP BY sport ORDER BY participants DESC;",The query filters the wellbeing programs data for the last year and then calculates the number of distinct athletes who participated in each sport using the COUNT DISTINCT function. The query groups the results by sport and orders them by number of participants in descending order.
5143,space,"Space data on space exploration, satellite technology, space debris mitigation, and astrobiology.",subqueries,"subqueries, including correlated and nested subqueries",analytics and reporting,"generating reports, dashboards, and analytical insights",What is the total number of space missions led by women?,"CREATE TABLE space_missions (id INT, name VARCHAR(255), leader VARCHAR(255), year INT); INSERT INTO space_missions (id, name, leader, year) VALUES (1, 'Mars Rover', 'Dr. Jessica Watkins', 2022); INSERT INTO space_missions (id, name, leader, year) VALUES (2, 'ISS Expedition', 'Anousheh Ansari', 2023);",SELECT COUNT(*) FROM space_missions WHERE leader IN (SELECT name FROM astronauts WHERE gender = 'Female');,"This query counts the number of space missions led by women by using a subquery to first select the names of all female astronauts, and then using the WHERE clause to filter the rows to be counted based on whether the leader is one of those names."
5144,public safety,"Crime statistics, emergency response times, community policing metrics, and disaster preparedness data.",basic SQL,basic SQL with a simple select statement,analytics and reporting,"generating reports, dashboards, and analytical insights",What is the average response time for fires in Boston?,"CREATE TABLE boston_emergency_response (id INT, incident_type TEXT, response_time INT); INSERT INTO boston_emergency_response (id, incident_type, response_time) VALUES  (1, 'Fire', 120), (2, 'Medical', 150), (3, 'Police', 180);",SELECT AVG(response_time) FROM boston_emergency_response WHERE incident_type = 'Fire';,The SQL query calculates the average response time for fires in Boston by selecting the response_time column and applying the AVG function for rows with an incident_type value of 'Fire'.
5145,retail,"Retail data on circular supply chains, ethical labor practices, product transparency, and consumer education.",subqueries,"subqueries, including correlated and nested subqueries",analytics and reporting,"generating reports, dashboards, and analytical insights",What is the percentage of products that are made from recycled materials?,"CREATE TABLE products(product_id INT, is_recycled BOOLEAN);",SELECT (COUNT(*) * 100.0 / (SELECT COUNT(*) FROM products)) as percentage FROM products WHERE is_recycled = TRUE;,This query calculates the percentage of products that are made from recycled materials by dividing the count of recycled products by the total number of products.
5146,real estate,"Real estate data on inclusive housing policies, sustainable urbanism, property co-ownership, and housing affordability.",single join,"only one join (specify inner, outer, cross)",analytics and reporting,"generating reports, dashboards, and analytical insights",List property co-owners in New York City who have not implemented accessibility features.,"CREATE TABLE CoOwners (CoOwnerID int, PropertyID int, City varchar(20)); CREATE TABLE Properties (PropertyID int, Accessibility varchar(5)); INSERT INTO CoOwners (CoOwnerID, PropertyID, City) VALUES (1, 1, 'New York City'); INSERT INTO Properties (PropertyID, Accessibility) VALUES (1, 'No'); INSERT INTO CoOwners (CoOwnerID, PropertyID, City) VALUES (2, 2, 'New York City'); INSERT INTO Properties (PropertyID, Accessibility) VALUES (2, 'Yes');","SELECT CoOwners.CoOwnerID, Properties.City FROM CoOwners INNER JOIN Properties ON CoOwners.PropertyID = Properties.PropertyID WHERE Properties.City = 'New York City' AND Properties.Accessibility = 'No';","The SQL query lists property co-owners in New York City who have not implemented accessibility features. It uses the INNER JOIN clause to combine the records from CoOwners and Properties tables based on the PropertyID column. It then applies the WHERE clause to filter the records based on the City and Accessibility columns in the Properties table. Finally, it selects the CoOwnerID column from the CoOwners table and the City column from the Properties table."
5147,ethical fashion,"Extensive data on sustainable materials, fair labor practices, circular economy, and consumer awareness in ethical fashion.",basic SQL,basic SQL with a simple select statement,analytics and reporting,"generating reports, dashboards, and analytical insights","What is the total revenue generated by brands that have a circular business model, in the year 2020?","CREATE TABLE BrandRevenue (brand VARCHAR(255), revenue DECIMAL(10,2), year INT, circular_model BOOLEAN);",SELECT SUM(revenue) FROM BrandRevenue WHERE circular_model = TRUE AND year = 2020;,"This query calculates the total revenue generated by brands that have a circular business model, in the year 2020. It filters the results to only include brands with a circular business model and revenue data for the year 2020, and then applies the SUM function to calculate the total revenue."
5148,automotive,"Vehicle safety testing results, autonomous driving research data, electric vehicle adoption statistics, and auto show information.",window functions,"window functions (e.g., ROW_NUMBER, LEAD, LAG, RANk, NTILE, PERCENT_RANK, etc.) with partitioning and ordering",analytics and reporting,"generating reports, dashboards, and analytical insights",Which autonomous vehicles have the highest safety ratings in the 'auto_show' table?,"CREATE TABLE auto_show (id INT, vehicle_name VARCHAR(50), safety_rating INT);","SELECT vehicle_name, safety_rating FROM (SELECT vehicle_name, safety_rating, RANK() OVER (ORDER BY safety_rating DESC) as safety_rank FROM auto_show WHERE vehicle_name LIKE '%Autonomous%') AS auton_ranks WHERE safety_rank = 1;","Ranks vehicles by safety ratings in descending order, then filters for the top-ranked autonomous vehicles by safety ratings."
5149,restaurant operations,"Restaurant revenue data, menu engineering information, food safety inspection records, and sustainable sourcing practices.",single join,"only one join (specify inner, outer, cross)",analytics and reporting,"generating reports, dashboards, and analytical insights",What is the average food safety inspection score for restaurants located in 'Westwood'?,"CREATE TABLE Restaurants (RestaurantID int, RestaurantName varchar(255), Region varchar(255)); CREATE TABLE Inspections (InspectionID int, RestaurantID int, InspectionScore int, InspectionDate date);",SELECT AVG(I.InspectionScore) as AvgInspectionScore FROM Restaurants R INNER JOIN Inspections I ON R.RestaurantID = I.RestaurantID WHERE R.Region = 'Westwood';,The SQL query joins the Restaurants and Inspections tables based on the RestaurantID. It then calculates the average food safety inspection score for restaurants located in 'Westwood'.
5150,public health,"Community health statistics, infectious disease tracking data, healthcare access metrics, and public health policy analysis.",aggregation,"aggregation functions (COUNT, SUM, AVG, MIN, MAX, etc.), and HAVING clause",analytics and reporting,"generating reports, dashboards, and analytical insights",How many hospitals are there in each state in the United States?,"CREATE TABLE Hospitals (HospitalID INT, HospitalName VARCHAR(255), State VARCHAR(255)); INSERT INTO Hospitals (HospitalID, HospitalName, State) VALUES (1, 'Alaska General Hospital', 'Alaska'), (2, 'Bama Healthcare', 'Alabama'), (3, 'California Care', 'California'), (4, 'Delaware Hospital', 'Delaware'), (5, 'Florida Medical Center', 'Florida');","SELECT State, COUNT(*) FROM Hospitals GROUP BY State;",This query calculates the number of hospitals in each state by grouping the Hospitals table by the State column and applying the COUNT function to each group.
5151,wildlife conservation,"Animal population data, habitat preservation efforts, and community education programs.",multiple_joins,"two or more joins (specify inner, outer, cross)",analytics and reporting,"generating reports, dashboards, and analytical insights",What are the names and habitats of all animals that are part of an education program in the 'Americas' region?,"CREATE TABLE AnimalEducation (id INT, animal_id INT, program_id INT); INSERT INTO AnimalEducation (id, animal_id, program_id) VALUES (1, 1, 1), (2, 2, 1), (3, 3, 2);","SELECT a.name, h.name FROM Animals a INNER JOIN AnimalEducation ae ON a.id = ae.animal_id INNER JOIN EducationPrograms e ON ae.program_id = e.id INNER JOIN Coordinators c ON e.coordinator_id = c.id INNER JOIN Habitat h ON a.habitat_id = h.id WHERE c.region = 'Americas';","This query joins the Animals, AnimalEducation, EducationPrograms, Coordinators, and Habitat tables on the animal_id, program_id, coordinator_id, and habitat_id columns. It then filters for rows where the coordinator's region is 'Americas'. Finally, it selects the name columns from the Animals and Habitat tables."
5152,defense contractors,"Military equipment sales data, defense project timelines, contract negotiations, and geopolitical risk assessments.",basic SQL,basic SQL with a simple select statement,analytics and reporting,"generating reports, dashboards, and analytical insights","List defense projects that started in 2019 and their associated risks, if any.","CREATE TABLE DefenseProjects (id INT, project_name VARCHAR(50), start_date DATE, risk_level INT); INSERT INTO DefenseProjects (id, project_name, start_date, risk_level) VALUES (1, 'Project G', '2019-01-01', 3), (2, 'Project H', '2018-06-15', 5), (3, 'Project I', '2019-12-31', NULL);","SELECT project_name, risk_level FROM DefenseProjects WHERE start_date >= '2019-01-01' AND start_date <= '2019-12-31' AND risk_level IS NOT NULL;",This query selects project_name and risk_level from the DefenseProjects table where the start_date is in 2019 and the risk_level is not null.
5153,waste management,"Waste generation metrics, recycling rates, landfill capacity data, and circular economy initiatives.",aggregation,"aggregation functions (COUNT, SUM, AVG, MIN, MAX, etc.), and HAVING clause",analytics and reporting,"generating reports, dashboards, and analytical insights",What is the total waste generation in the textile category for each country in 2021?',"CREATE TABLE textile_waste (country VARCHAR(50), year INT, amount INT); INSERT INTO textile_waste (country, year, amount) VALUES ('Bangladesh', 2021, 50000), ('Vietnam', 2021, 40000), ('India', 2021, 30000);","SELECT country, SUM(amount) as total_textile_waste FROM textile_waste WHERE year = 2021 GROUP BY country;",This SQL query calculates the total waste generation in the textile category for each country in 2021. It does this by grouping the data by country and summing up the amount of textile waste for each country in 2021.
5154,defense industry,"Defense contract data, military equipment maintenance, threat intelligence metrics, and veteran employment stats.",basic SQL,basic SQL with a simple select statement,analytics and reporting,"generating reports, dashboards, and analytical insights",How many military equipment maintenance requests were there in January 2020?,"CREATE TABLE maintenance_requests (request_id INT, date DATE, type VARCHAR(255)); INSERT INTO maintenance_requests (request_id, date, type) VALUES (1, '2020-01-01', 'equipment'); INSERT INTO maintenance_requests (request_id, date, type) VALUES (2, '2020-01-15', 'facility');",SELECT COUNT(*) FROM maintenance_requests WHERE date BETWEEN '2020-01-01' AND '2020-01-31' AND type = 'equipment';,"This query counts the number of military equipment maintenance requests in January 2020 by selecting all records with a date in January 2020 and a type of 'equipment', and then counting the number of selected records."
5155,chemicals,"Chemical manufacturing data, safety protocols, environmental impact assessments, and product innovation metrics.",subqueries,"subqueries, including correlated and nested subqueries",analytics and reporting,"generating reports, dashboards, and analytical insights",List all the suppliers and their contact information who have not supplied any raw materials in the last 6 months.,"CREATE TABLE Suppliers (supplier_id INT, supplier_name VARCHAR(20), contact_name VARCHAR(20), contact_phone VARCHAR(15), last_supply DATE);","SELECT Suppliers.* FROM Suppliers LEFT JOIN (SELECT supplier_id FROM Raw_Materials WHERE supply_date >= DATE_SUB(CURDATE(), INTERVAL 6 MONTH) GROUP BY supplier_id) AS RM ON Suppliers.supplier_id = RM.supplier_id WHERE RM.supplier_id IS NULL;","The query performs a left join between the 'Suppliers' and 'Raw_Materials' tables on the 'supplier_id' field, and selects all records from the 'Suppliers' table where the 'supplier_id' does not exist in the 'Raw_Materials' table for the last 6 months."
5156,philanthropy,"Philanthropy data on effective altruism, impact investing, philanthropic trends, and donor demographics.",aggregation,"aggregation functions (COUNT, SUM, AVG, MIN, MAX, etc.), and HAVING clause",analytics and reporting,"generating reports, dashboards, and analytical insights",What is the total donation amount by region?,"CREATE TABLE Donors (DonorID int, DonorName varchar(100), Region varchar(50), Country varchar(50), DonationDate date, AmountDonated decimal(10,2)); INSERT INTO Donors (DonorID, DonorName, Region, Country, DonationDate, AmountDonated) VALUES (1, 'John Doe', 'North America', 'USA', '2022-01-01', 500.00), (2, 'Jane Smith', 'North America', 'Canada', '2021-01-01', 300.00), (3, 'Ali Khan', 'Asia', 'Pakistan', '2022-03-01', 250.00);","SELECT Region, SUM(AmountDonated) as TotalDonated FROM Donors GROUP BY Region;",The SQL query calculates the total donation amount by region by grouping the Donors table by the Region column and calculating the sum of the AmountDonated column.
5157,space,"Space data on space exploration, satellite technology, space debris mitigation, and astrobiology.",basic SQL,basic SQL with a simple select statement,analytics and reporting,"generating reports, dashboards, and analytical insights",Display the names of all satellites launched before 2010,"CREATE TABLE satellites (id INT, name TEXT, country TEXT, launch_date DATE); INSERT INTO satellites (id, name, country, launch_date) VALUES (1, 'Sentinel-1A', 'France', '2012-04-03'); INSERT INTO satellites (id, name, country, launch_date) VALUES (2, 'Sentinel-1B', 'France', '2014-04-22'); INSERT INTO satellites (id, name, country, launch_date) VALUES (3, 'USA-202', 'USA', '2011-03-24'); INSERT INTO satellites (id, name, country, launch_date) VALUES (4, 'INSAT-3A', 'India', '2003-04-10');",SELECT name FROM satellites WHERE launch_date < '2010-01-01';,"This query selects all rows from the satellites table where the launch_date is before 2010, and returns the name column."
5158,hospitality technology,"Hotel tech adoption metrics, online travel agency data, virtual tour engagement stats, and hospitality AI trends.",basic SQL,basic SQL with a simple select statement,analytics and reporting,"generating reports, dashboards, and analytical insights",Count the number of unique users who engaged with virtual tours in 'January'?,"CREATE TABLE user_activity (user_id INT, activity_date DATE); INSERT INTO user_activity (user_id, activity_date) VALUES (1, '2023-01-01'), (2, '2023-01-05'), (3, '2023-01-07'), (4, '2023-01-10'), (5, '2023-01-12');",SELECT COUNT(DISTINCT user_id) FROM user_activity WHERE EXTRACT(MONTH FROM activity_date) = 1;,"The SQL query counts the number of unique users who engaged with virtual tours in January by using the COUNT function on distinct user_id values and filtering the rows with a WHERE clause to only consider activity_date in January. The EXTRACT function is used to extract the month from the activity_date column, ensuring that only activities in January are considered."
5159,gaming technology,"Player demographics, game design data, esports event information, and virtual reality technology adoption.",single join,"only one join (specify inner, outer, cross)",analytics and reporting,"generating reports, dashboards, and analytical insights",What is the average age of players who use VR in France?,"CREATE TABLE Players (PlayerID INT, Age INT, Gender VARCHAR(10), Country VARCHAR(20)); INSERT INTO Players (PlayerID, Age, Gender, Country) VALUES (1, 25, 'Male', 'France'); INSERT INTO Players (PlayerID, Age, Gender, Country) VALUES (2, 30, 'Female', 'France'); CREATE TABLE VRUsers (PlayerID INT, VRDevice VARCHAR(20)); INSERT INTO VRUsers (PlayerID, VRDevice) VALUES (1, 'Oculus');",SELECT AVG(Age) FROM Players JOIN VRUsers ON Players.PlayerID = VRUsers.PlayerID WHERE Country = 'France';,"Join Players and VRUsers tables, filter French players, then calculate the average age of VR users."
5160,wildlife conservation,"Animal population data, habitat preservation efforts, and community education programs.",single join,"only one join (specify inner, outer, cross)",analytics and reporting,"generating reports, dashboards, and analytical insights",Calculate the total population of animals in North American conservation programs,"CREATE TABLE conservation_programs (id INT, program_name VARCHAR(255), location VARCHAR(255)); CREATE TABLE animal_populations (id INT, program_id INT, animal_type VARCHAR(255), population INT); INSERT INTO conservation_programs (id, program_name, location) VALUES (1, 'Yellowstone National Park', 'USA'), (2, 'Banff National Park', 'Canada'), (3, 'Everglades National Park', 'USA'); INSERT INTO animal_populations (id, program_id, animal_type, population) VALUES (1, 1, 'Bison', 5000), (2, 1, 'Elk', 7000), (3, 2, 'Moose', 3000), (4, 3, 'Alligator', 2000);",SELECT SUM(animal_populations.population) FROM conservation_programs INNER JOIN animal_populations ON conservation_programs.id = animal_populations.program_id WHERE conservation_programs.location = 'USA' OR conservation_programs.location = 'Canada';,This query calculates the total population of animals in North American conservation programs. It joins the 'conservation_programs' table with the 'animal_populations' table on the program_id field and filters the results to only include rows where the location is 'USA' or 'Canada'. It then calculates the sum of the population.
5161,forestry,"Comprehensive data on sustainable forest management, timber production, wildlife habitat, and carbon sequestration in forestry.",single join,"only one join (specify inner, outer, cross)",analytics and reporting,"generating reports, dashboards, and analytical insights",How many tree species in the temperate rainforest have a DBH greater than 50 cm?,"CREATE TABLE biomes (biome_id INT PRIMARY KEY, name VARCHAR(50), area_km2 FLOAT); INSERT INTO biomes (biome_id, name, area_km2) VALUES (1, 'Tropical Rainforest', 15000000.0), (2, 'Temperate Rainforest', 250000.0), (3, 'Boreal Forest', 12000000.0); CREATE TABLE trees (tree_id INT PRIMARY KEY, species VARCHAR(50), biome_id INT, dbh FLOAT, FOREIGN KEY (biome_id) REFERENCES biomes(biome_id)); INSERT INTO trees (tree_id, species, biome_id, dbh) VALUES (1, 'Douglas Fir', 2, 60.0), (2, 'Western Hemlock', 2, 45.0), (3, 'Red Alder', 2, 30.0);",SELECT COUNT(DISTINCT species) FROM trees JOIN biomes ON trees.biome_id = biomes.biome_id WHERE trees.dbh > 50.0 AND biomes.name = 'Temperate Rainforest';,"This query first joins the trees and biomes tables based on the biome_id foreign key. It then filters the rows based on the biome_id foreign key that corresponds to the 'Temperate Rainforest' biome and the dbh column that is greater than 50.0. Finally, it counts the number of distinct species in these rows."
5162,ethical fashion,"Extensive data on sustainable materials, fair labor practices, circular economy, and consumer awareness in ethical fashion.",subqueries,"subqueries, including correlated and nested subqueries",analytics and reporting,"generating reports, dashboards, and analytical insights",What is the total quantity of cotton sourced from the United States by brands that have committed to fair labor practices?,"CREATE TABLE cotton_source (brand VARCHAR(255), country VARCHAR(255), quantity INT); INSERT INTO cotton_source (brand, country, quantity) VALUES ('BrandA', 'USA', 1500), ('BrandB', 'USA', 2000), ('BrandC', 'China', 1000);",SELECT SUM(quantity) FROM cotton_source WHERE country = 'USA' AND brand IN (SELECT brand FROM fair_labor WHERE commitment = 'yes');,"This query calculates the total quantity of cotton sourced from the United States by brands that have committed to fair labor practices. It uses a subquery to first get the list of brands that have made such a commitment, and then filters the cotton_source table to only include rows for those brands and the United States. Finally, it calculates the sum of the quantity column for those rows."
5163,media,"Media data on content diversity, media literacy, disinformation detection, and media representation.",window functions,"window functions (e.g., ROW_NUMBER, LEAD, LAG, RANk, NTILE, PERCENT_RANK, etc.) with partitioning and ordering",analytics and reporting,"generating reports, dashboards, and analytical insights","Find the title and genre of the top 3 movies with the highest ratings from studios based in Italy, ordered by ratings in descending order.","CREATE TABLE movies (title VARCHAR(255), genre VARCHAR(255), studio VARCHAR(255), rating FLOAT); INSERT INTO movies (title, genre, studio, rating) VALUES ('Movie19', 'Action', 'Italy Studio1', 8.5), ('Movie20', 'Drama', 'Italy Studio2', 9.0);","SELECT title, genre FROM (SELECT title, genre, studio, rating, ROW_NUMBER() OVER (PARTITION BY studio ORDER BY rating DESC) as rank FROM movies WHERE studio LIKE '%Italy%') subquery WHERE rank <= 3 ORDER BY rating DESC;","The query finds the title and genre of the top 3 movies with the highest ratings from studios based in Italy, ordered by ratings in descending order. It uses a subquery with the ROW_NUMBER() function to rank movies by rating within each studio and filters the top 3 movies in the outer query."
5164,oceanography,"Marine life research data, ocean floor mapping projects, pollution control initiatives, and maritime law compliance.",window functions,"window functions (e.g., ROW_NUMBER, LEAD, LAG, RANk, NTILE, PERCENT_RANK, etc.) with partitioning and ordering",analytics and reporting,"generating reports, dashboards, and analytical insights",List the top 3 marine species with the highest population growth rate.,"CREATE TABLE marine_species (id INT, name VARCHAR(255), population_size INT, growth_rate DECIMAL(4,2)); INSERT INTO marine_species (id, name, population_size, growth_rate) VALUES (1, 'Clownfish', 10000, 0.05), (2, 'Sea Turtle', 5000, 0.10), (3, 'Dolphin', 20000, 0.02);","SELECT name, growth_rate FROM (SELECT name, growth_rate, ROW_NUMBER() OVER (ORDER BY growth_rate DESC) rn FROM marine_species) t WHERE rn <= 3;",This query lists the top 3 marine species with the highest population growth rate by using a subquery with the ROW_NUMBER() window function to assign row numbers based on the growth_rate column in descending order. The outer query then selects the name and growth_rate columns from the subquery where the row number is less than or equal to 3.
5165,sustainable infrastructure,"Green building data, renewable energy infrastructure projects, carbon offset initiatives, and smart city technology adoption.",basic SQL,basic SQL with a simple select statement,analytics and reporting,"generating reports, dashboards, and analytical insights",What is the minimum energy production of wind turbines installed in China after 2016?,"CREATE TABLE wind_turbines (id INT, installation_year INT, energy_production FLOAT, country VARCHAR(50)); INSERT INTO wind_turbines (id, installation_year, energy_production, country) VALUES (1, 2005, 2.8, 'China'), (2, 2008, 3.5, 'India'), (3, 2012, 4.2, 'Germany'), (4, 2015, 4.5, 'China'), (5, 2016, 4.7, 'China'), (6, 2017, 5.0, 'China');",SELECT MIN(energy_production) FROM wind_turbines WHERE installation_year > 2016 AND country = 'China';,The SQL query calculates the minimum energy production of wind turbines installed in China after 2016 by filtering the records based on the installation_year and country and then applying the MIN function to the energy_production column.
5166,government policy,"Government data on open data initiatives, public participation, evidence-based policy making, and government transparency.",basic SQL,basic SQL with a simple select statement,data manipulation,"inserting, updating, or deleting records","Insert a new record into the ""Legislation"" table with the ID of 4, a description of ""Climate Change Act"", and a status of ""Draft""","CREATE TABLE Legislation (ID INT, Description TEXT, Status VARCHAR(255));","INSERT INTO Legislation (ID, Description, Status) VALUES (4, 'Climate Change Act', 'Draft');","Insert a new record into the ""Legislation"" table with the ID of 4, a description of ""Climate Change Act"", and a status of ""Draft""."
5167,philanthropy,"Philanthropy data on effective altruism, impact investing, philanthropic trends, and donor demographics.",basic SQL,basic SQL with a simple select statement,analytics and reporting,"generating reports, dashboards, and analytical insights",What is the total donation amount from donors aged 40 and above?,"CREATE TABLE Donors (DonorID INT, DonorName TEXT, DonationAmount DECIMAL(10,2), Age INT);",SELECT SUM(DonationAmount) FROM Donors WHERE Age >= 40;,"This query calculates the total donation amount from donors aged 40 and above. It does this by using the SUM aggregation function on the DonationAmount column, while filtering the Donors table to only include rows where the Age is greater than or equal to 40."
5168,food industry,"Food safety records, nutrition data, supply chain transparency, and sustainable food trends.",basic SQL,basic SQL with a simple select statement,analytics and reporting,"generating reports, dashboards, and analytical insights",How many times has there been a recall of organic chicken products in the US in the last 2 years?,"CREATE TABLE recalls(id INT, product VARCHAR(30), reason VARCHAR(30), state VARCHAR(20), date DATE); INSERT INTO recalls(id, product, reason, state, date) VALUES (1, 'Organic Chicken Breast', 'contamination', 'California', '2021-01-01'); INSERT INTO recalls(id, product, reason, state, date) VALUES (2, 'Organic Chicken Wings', 'mislabeling', 'Texas', '2021-02-01');",SELECT COUNT(*) FROM recalls WHERE product LIKE 'Organic Chicken%' AND date BETWEEN '2020-01-01' AND '2022-12-31';,"The SQL query counts the number of times there has been a recall of organic chicken products in the US in the last 2 years. It does this by counting the number of rows where the product starts with ""Organic Chicken"" and the date is between January 1st, 2020 and December 31st, 2022."
5169,defense security,"Detailed records on military technology, intelligence operations, national security, and cybersecurity strategies.",basic SQL,basic SQL with a simple select statement,analytics and reporting,"generating reports, dashboards, and analytical insights",What is the total number of military personnel involved in cybersecurity operations in Asia?,"CREATE TABLE MilitaryCyberOps (Id INT, Region VARCHAR(50), Personnel INT, Year INT); INSERT INTO MilitaryCyberOps (Id, Region, Personnel, Year) VALUES (1, 'Asia', 200, 2021); INSERT INTO MilitaryCyberOps (Id, Region, Personnel, Year) VALUES (2, 'Europe', 300, 2021);",SELECT SUM(Personnel) FROM MilitaryCyberOps WHERE Region = 'Asia';,"This SQL query calculates the total number of military personnel involved in cybersecurity operations in Asia. It does this by summing the Personnel column, while filtering rows with a Region value of 'Asia' using the WHERE clause."
5170,mining operations,"Mining operation data, environmental impact stats, workforce diversity, and resource depletion metrics.",aggregation,"aggregation functions (COUNT, SUM, AVG, MIN, MAX, etc.), and HAVING clause",analytics and reporting,"generating reports, dashboards, and analytical insights",Display total resources extracted and the respective extraction dates for 'gold' and 'silver' resources from the 'resource_extraction' table.,"CREATE TABLE resource_extraction (resource_type VARCHAR(50), extraction_date DATE, quantity INT); INSERT INTO resource_extraction (resource_type, extraction_date, quantity) VALUES ('gold', '2022-01-01', 100), ('silver', '2022-01-05', 200);","SELECT resource_type, SUM(quantity) as total_quantity, extraction_date FROM resource_extraction WHERE resource_type IN ('gold', 'silver') GROUP BY resource_type, extraction_date;","The SQL query filters the 'resource_extraction' table to only include rows where the 'resource_type' is either 'gold' or 'silver'. Then, it groups the filtered data by 'resource_type' and 'extraction_date' and calculates the total quantity for each group."
5171,civil engineering,"Infrastructure development data, engineering design standards, public works project information, and resilience metrics.",basic SQL,basic SQL with a simple select statement,analytics and reporting,"generating reports, dashboards, and analytical insights","What is the name, height, and number of stories for all buildings in the city of New York with more than 50 floors?","CREATE TABLE Buildings (id INT, name VARCHAR(100), height FLOAT, num_stories INT, city VARCHAR(50)); INSERT INTO Buildings (id, name, height, num_stories, city) VALUES (1, 'Empire State Building', 381, 102, 'New York');","SELECT name, height, num_stories FROM Buildings WHERE city = 'New York' AND num_stories > 50;","This query selects the name, height, and num_stories columns from the Buildings table where the city is 'New York' and the num_stories is greater than 50."
5172,manufacturing,"Detailed records on ethical manufacturing, circular economy, workforce development, and industry 4.0.",basic SQL,basic SQL with a simple select statement,analytics and reporting,"generating reports, dashboards, and analytical insights","Count the number of factories in the ""renewable energy"" sector that have more than 50 employees.","CREATE TABLE factories (id INT, sector TEXT, employee_count INT); INSERT INTO factories (id, sector, employee_count) VALUES (1, 'renewable energy', 60), (2, 'renewable energy', 40), (3, 'oil', 70), (4, 'coal', 80), (5, 'renewable energy', 30);",SELECT COUNT(*) FROM factories WHERE sector = 'renewable energy' HAVING employee_count > 50;,"The SQL query counts the number of factories in the 'renewable energy' sector by using the COUNT function with the '*' symbol. It filters the records based on the condition 'employee_count' > 50 using the HAVING clause, which is used with aggregate functions in SQL."
5173,sports entertainment,"Sports team performance data, fan demographics, ticket sales statistics, and athlete wellbeing programs.",basic SQL,basic SQL with a simple select statement,analytics and reporting,"generating reports, dashboards, and analytical insights",How many sports_events took place in '2019' with a ticket sales count greater than 50000?,"CREATE TABLE sports_events (event_id INT, year INT, tickets_sold INT); INSERT INTO sports_events (event_id, year, tickets_sold) VALUES (1, 2017, 60000), (2, 2018, 80000), (3, 2017, 55000), (4, 2019, 52000);",SELECT COUNT(*) FROM sports_events WHERE year = 2019 AND tickets_sold > 50000;,The SQL query counts the number of sports_events that took place in the year 2019 with a ticket sales count greater than 50000.
5174,startups,"Company founding data, funding records, diversity metrics, and innovation trends.",single join,"only one join (specify inner, outer, cross)",analytics and reporting,"generating reports, dashboards, and analytical insights",Show the total funding amount for companies with female founders,"CREATE TABLE companies (company_id INT, company_name VARCHAR(255), founding_year INT, founder_gender VARCHAR(10));CREATE TABLE funding_rounds (funding_round_id INT, company_id INT, funding_amount INT);",SELECT SUM(fr.funding_amount) FROM companies c INNER JOIN funding_rounds fr ON c.company_id = fr.company_id WHERE c.founder_gender = 'Female';,"This query joins the companies and funding_rounds table on the company_id column, and filters the results to only include companies with female founders. It then calculates the total funding amount for these companies."
5175,automotive,"Vehicle safety testing results, autonomous driving research data, electric vehicle adoption statistics, and auto show information.",basic SQL,basic SQL with a simple select statement,analytics and reporting,"generating reports, dashboards, and analytical insights",What are the vehicle safety testing organizations that operate in the UK and France?,"CREATE TABLE SafetyOrgs (name VARCHAR(20), country VARCHAR(10)); INSERT INTO SafetyOrgs (name, country) VALUES ('Euro NCAP', 'UK'); INSERT INTO SafetyOrgs (name, country) VALUES ('ADAC', 'Germany'); INSERT INTO SafetyOrgs (name, country) VALUES ('UTAC', 'France');","SELECT name FROM SafetyOrgs WHERE country IN ('UK', 'France');","The query selects the name from the SafetyOrgs table where the country is in ('UK', 'France')."
5176,defense operations,"Defense data on military innovation, peacekeeping operations, defense diplomacy, and humanitarian assistance.",subqueries,"subqueries, including correlated and nested subqueries",data manipulation,"inserting, updating, or deleting records",Delete all humanitarian assistance missions conducted by Kenya in 2018.,"CREATE TABLE humanitarian_assistance (mission_id INT, country_id INT, year INT, FOREIGN KEY (country_id) REFERENCES country(id));",DELETE FROM humanitarian_assistance WHERE country_id = (SELECT id FROM country WHERE name = 'Kenya') AND year = 2018;,"This query first selects the id of the country table corresponding to 'Kenya'. Then, it deletes all records from the humanitarian_assistance table with the country_id from the previously selected 'Kenya' record and year of 2018."
5177,real estate,"Real estate data on inclusive housing policies, sustainable urbanism, property co-ownership, and housing affordability.",basic SQL,basic SQL with a simple select statement,analytics and reporting,"generating reports, dashboards, and analytical insights","Count the number of wheelchair-accessible properties in New York with a listing price above $800,000.","CREATE TABLE properties (id INT, city VARCHAR(20), listing_price INT, wheelchair_accessible BOOLEAN); INSERT INTO properties (id, city, listing_price, wheelchair_accessible) VALUES (1, 'New York', 900000, true); INSERT INTO properties (id, city, listing_price, wheelchair_accessible) VALUES (2, 'New York', 700000, false);",SELECT COUNT(*) FROM properties WHERE city = 'New York' AND listing_price > 800000 AND wheelchair_accessible = true;,"This SQL query counts the number of wheelchair-accessible properties in New York with a listing price above $800,000. It does this by using the COUNT() function on all rows with the WHERE clause filtering for the city of New York, listing prices above $800,000, and wheelchair-accessible properties."
5178,food industry,"Food safety records, nutrition data, supply chain transparency, and sustainable food trends.",basic SQL,basic SQL with a simple select statement,analytics and reporting,"generating reports, dashboards, and analytical insights",What is the minimum serving size of gluten-free meals available in convenience stores?,"CREATE TABLE MealTypes (meal_id INT, meal_name VARCHAR(255), meal_type VARCHAR(255), serving_size INT, store_type VARCHAR(255)); INSERT INTO MealTypes (meal_id, meal_name, meal_type, serving_size, store_type) VALUES (1, 'Chicken Salad', 'Gluten-free', 250, 'Convenience Store'), (2, 'Beef Stew', 'Vegetarian', 300, 'Convenience Store'), (3, 'Pork Chops', 'Standard', 400, 'Convenience Store');",SELECT MIN(serving_size) FROM MealTypes WHERE meal_type = 'Gluten-free' AND store_type = 'Convenience Store';,"The SQL query finds the minimum serving size of gluten-free meals available in convenience stores by using the MIN function on the serving_size column, filtering by meal_type as 'Gluten-free' and store_type as 'Convenience Store'."
5179,construction,"Building permit data, construction labor statistics, project timeline information, and sustainable building practices.",basic SQL,basic SQL with a simple select statement,analytics and reporting,"generating reports, dashboards, and analytical insights","Which sustainable practices were used in the 'Structural Engineering' department that cost over $10,000?","CREATE TABLE SustainablePractices (PracticeID INT, PracticeName VARCHAR(50), Description VARCHAR(255), Department VARCHAR(50), Cost DECIMAL(10,2)); INSERT INTO SustainablePractices (PracticeID, PracticeName, Description, Department, Cost) VALUES (5, 'Green Roof', 'Installing a green roof to reduce energy consumption and improve air quality.', 'Structural Engineering', 12000.00), (6, 'Rainwater Harvesting', 'Collecting and storing rainwater for irrigation and non-potable uses.', 'Structural Engineering', 8000.00);",SELECT SustainablePractices.PracticeName FROM SustainablePractices WHERE SustainablePractices.Department = 'Structural Engineering' AND SustainablePractices.Cost > 10000.00;,"This SQL query filters the SustainablePractices table to only include rows from the 'Structural Engineering' department and with a Cost greater than $10,000. It then returns the names of the sustainable practices that meet these criteria."
5180,government services,"Public service delivery, budget allocation, citizen feedback, and policy impact.",basic SQL,basic SQL with a simple select statement,data manipulation,"inserting, updating, or deleting records","Add a new policy impact record to the ""PolicyImpact"" table","CREATE TABLE PolicyImpact (ID INT, Policy TEXT, Impact TEXT, StartDate DATE, EndDate DATE);","INSERT INTO PolicyImpact (ID, Policy, Impact, StartDate, EndDate) VALUES (3001, 'Body Cameras for Police Officers', 'Reduction in use-of-force incidents by 25%', '2021-01-01', '2022-12-31');","* Step 1: Insert a new record into the ""PolicyImpact"" table with ID 3001.* * Step 2: Specify the policy, impact, start date, and end date for the new record."
5181,public transportation,"Extensive data on route planning, fare collection, vehicle maintenance, and accessibility in public transportation.",basic SQL,basic SQL with a simple select statement,analytics and reporting,"generating reports, dashboards, and analytical insights",What was the average fare collected on weekdays in February 2021 for the 'Red Line'?,"CREATE SCHEMA trans schemas.trans; CREATE TABLE red_line (route_id INT, fare FLOAT, date DATE); INSERT INTO red_line (route_id, fare, date) VALUES (102, 3.00, '2021-02-01'), (102, 3.00, '2021-02-02'), (102, 3.00, '2021-02-03'), (102, 3.00, '2021-02-04'), (102, 3.00, '2021-02-05'), (102, 3.00, '2021-02-06'), (102, 3.00, '2021-02-07');",SELECT AVG(fare) FROM red_line WHERE route_id = 102 AND EXTRACT(DAY FROM date) BETWEEN 2 AND 6 AND EXTRACT(MONTH FROM date) = 2;,"This query calculates the average fare collected on weekdays in February 2021 for the Red Line. It averages the 'fare' column where the 'route_id' equals 102, and the 'date' is within the range of Monday to Friday in February."
5182,entertainment industry,"Audience demographics, viewership trends, content ratings, production budgets, and marketing strategies for movies, TV shows, and music.",basic SQL,basic SQL with a simple select statement,analytics and reporting,"generating reports, dashboards, and analytical insights",Get the average production budget for Action and Drama movies released between 2000 and 2010.,"CREATE TABLE movies (id INT, title VARCHAR(100), genre VARCHAR(50), release_year INT, production_budget INT); INSERT INTO movies (id, title, genre, release_year, production_budget) VALUES (1, 'MovieA', 'Action', 2005, 15000000); INSERT INTO movies (id, title, genre, release_year, production_budget) VALUES (2, 'MovieB', 'Action', 2002, 20000000); INSERT INTO movies (id, title, genre, release_year, production_budget) VALUES (3, 'MovieC', 'Drama', 2008, 12000000);","SELECT AVG(production_budget) FROM movies WHERE genre IN ('Action', 'Drama') AND release_year BETWEEN 2000 AND 2010;","This query calculates the average production budget for Action and Drama movies released between 2000 and 2010. It first filters the records based on the genre and release year, then calculates the average of the production_budget column."
5183,chemicals,"Chemical manufacturing data, safety protocols, environmental impact assessments, and product innovation metrics.",basic SQL,basic SQL with a simple select statement,analytics and reporting,"generating reports, dashboards, and analytical insights",What is the maximum production capacity of any tank in the Eastern region?,"CREATE TABLE Production (tank VARCHAR(20), capacity INT, location VARCHAR(20)); INSERT INTO Production (tank, capacity, location) VALUES ('Tank3', 100000, 'Eastern'), ('Tank4', 150000, 'Western');",SELECT MAX(capacity) FROM Production WHERE location = 'Eastern';,This query determines the maximum production capacity of any tank in the Eastern region by filtering the Production table for the specified location and then calculating the maximum capacity.
5184,oil and gas,"Exploration data, production figures, infrastructure development, and market trends.",single join,"only one join (specify inner, outer, cross)",analytics and reporting,"generating reports, dashboards, and analytical insights","List all the fields, including the ones without production, with their corresponding production rate","CREATE TABLE fields_production (field_id INT, production_rate FLOAT); INSERT INTO fields_production (field_id, production_rate) VALUES (1, 1000.0), (2, 2000.0), (3, NULL);","SELECT f.field_id, f.field_name, fp.production_rate FROM fields f LEFT JOIN fields_production fp ON f.field_id = fp.field_id;","The SQL query performs a left join between the fields and fields_production tables, retrieving all records from the fields table and the corresponding production rate for each field from the fields_production table."
5185,restaurant operations,"Restaurant revenue data, menu engineering information, food safety inspection records, and sustainable sourcing practices.",aggregation,"aggregation functions (COUNT, SUM, AVG, MIN, MAX, etc.), and HAVING clause",analytics and reporting,"generating reports, dashboards, and analytical insights",Identify the menu items that were 86'ed (ran out) before 5pm on a specific day for the 'Gourmet Greens' restaurant.,"CREATE TABLE menu_items (id INT, restaurant_id INT, name VARCHAR(50), available INT, available_time TIME); INSERT INTO menu_items (id, restaurant_id, name, available, available_time) VALUES (1, 3, 'Kale Salad', 10, '12:00:00'), (2, 3, 'Beet Burger', 15, '12:00:00'), (3, 3, 'Carrot Fries', 20, '12:00:00'), (4, 3, 'Quinoa Bowl', 30, '12:00:00');",SELECT name FROM menu_items WHERE restaurant_id = 3 AND available_time < '17:00:00' GROUP BY name HAVING SUM(available) = 0;,This query filters menu items for the 'Gourmet Greens' restaurant (WHERE restaurant_id = 3) and available_time before 5 pm. It then calculates the available quantity for each menu item and filters out items with a quantity greater than zero (HAVING SUM(available) = 0).
5186,rare earth elements,"Rare earth element production data, market trends, environmental impact stats, and supply chain transparency.",basic SQL,basic SQL with a simple select statement,analytics and reporting,"generating reports, dashboards, and analytical insights",Which REEs were produced in Australia in 2020?,"CREATE TABLE production (country VARCHAR(255), REE VARCHAR(255), amount INT, year INT); INSERT INTO production (country, REE, amount, year) VALUES ('Australia', 'Neodymium', 100, 2020); INSERT INTO production (country, REE, amount, year) VALUES ('Australia', 'Praseodymium', 150, 2020);",SELECT DISTINCT REE FROM production WHERE country = 'Australia' AND year = 2020;,This query lists the REEs produced in Australia in 2020 by selecting the distinct REE column values where the country is 'Australia' and the year is 2020.
5187,healthcare,"Healthcare data on mental health parity, cultural competency, health equity metrics, and community health workers.",single join,"only one join (specify inner, outer, cross)",analytics and reporting,"generating reports, dashboards, and analytical insights",Show cultural competency training records for community health workers,"CREATE TABLE CulturalCompetencyTraining (TrainingID INT PRIMARY KEY, MHW_ID INT, TrainingName TEXT, TrainingDate DATE); INSERT INTO CulturalCompetencyTraining (TrainingID, MHW_ID, TrainingName, TrainingDate) VALUES (1, 123, 'Cultural Competency 101', '2021-06-15');","SELECT CulturalCompetencyTraining.TrainingID, CulturalCompetencyTraining.MHW_ID, CulturalCompetencyTraining.TrainingName, CulturalCompetencyTraining.TrainingDate, CommunityHealthWorker.Name FROM CulturalCompetencyTraining INNER JOIN CommunityHealthWorker ON CulturalCompetencyTraining.MHW_ID = CommunityHealthWorker.WorkerID;","Join 'CulturalCompetencyTraining' and 'CommunityHealthWorker' tables on MHW_ID, retrieving TrainingID, MHW_ID, TrainingName, TrainingDate, and CommunityHealthWorker.Name."
5188,defense industry,"Defense contract data, military equipment maintenance, threat intelligence metrics, and veteran employment stats.",subqueries,"subqueries, including correlated and nested subqueries",analytics and reporting,"generating reports, dashboards, and analytical insights",Calculate the percentage of defense contracts awarded to companies in California,"CREATE TABLE contract_states (company_name TEXT, contract_id INT, state TEXT); INSERT INTO contract_states (company_name, contract_id, state) VALUES ('Lockheed Martin', 1, 'California'), ('Boeing', 2, 'Washington'), ('Raytheon', 3, 'Massachusetts'), ('Northrop Grumman', 4, 'California'), ('General Dynamics', 5, 'Florida');","SELECT state, (COUNT(*)::FLOAT / (SELECT COUNT(*) FROM contract_states)) * 100 AS percentage FROM contract_states GROUP BY state;","This query calculates the percentage of defense contracts awarded to companies in each state by dividing the number of contracts for each state by the total number of contracts, then multiplying by 100."
5189,transportation,"Transportation data on electric vehicle adoption, autonomous vehicles, public transportation systems, and multimodal mobility.",basic SQL,basic SQL with a simple select statement,analytics and reporting,"generating reports, dashboards, and analytical insights",Find the average speed of electric vehicles in New York and London?,"CREATE TABLE vehicle_speed (id INT, type VARCHAR(20), city VARCHAR(20), speed INT); INSERT INTO vehicle_speed (id, type, city, speed) VALUES (1, 'electric', 'New York', 50), (2, 'electric', 'London', 60), (3, 'gasoline', 'New York', 40);","SELECT AVG(speed) FROM vehicle_speed WHERE type = 'electric' AND city IN ('New York', 'London');",This query uses the AVG function to find the average speed of electric vehicles in the vehicle_speed table. The WHERE clause filters the data by the type and city columns.
5190,fine arts,"In-depth data on art history, curation, exhibition, and cultural impact in the fine arts.",single join,"only one join (specify inner, outer, cross)",analytics and reporting,"generating reports, dashboards, and analytical insights",What are the top 10 artists with the highest number of artworks?,"CREATE TABLE Artists (id INT, name TEXT); CREATE TABLE Artworks (id INT, artist_id INT, name TEXT);","SELECT a.name, COUNT(*) as artworks_count FROM Artists a JOIN Artworks aw ON a.id = aw.artist_id GROUP BY a.name ORDER BY artworks_count DESC LIMIT 10;",Join Artists and Artworks tables on artist_id. Group the data by artist name and calculate the number of artworks for each artist. Order the results in descending order based on the number of artworks and return the top 10 artists.
5191,water resources,"Water usage metrics, drought impact assessments, wastewater treatment data, and water conservation initiatives.",basic SQL,basic SQL with a simple select statement,analytics and reporting,"generating reports, dashboards, and analytical insights",What is the total water consumption by industrial customers in Texas and Oklahoma?,"CREATE TABLE industrial_customers (customer_id INT, location VARCHAR(255), water_consumption FLOAT); INSERT INTO industrial_customers (customer_id, location, water_consumption) VALUES (1, 'Dallas', 2000), (2, 'Houston', 2500), (3, 'Tulsa', 1800), (4, 'Oklahoma_City', 2200);","SELECT SUM(water_consumption) FROM industrial_customers WHERE location IN ('Texas', 'Oklahoma');",This SQL query calculates the total water consumption by industrial customers in Texas and Oklahoma by using the SUM function on the water_consumption column and filtering the data where the location is either 'Texas' or 'Oklahoma'.
5192,disability services,"Comprehensive data on disability accommodations, support programs, policy advocacy, and inclusion efforts in disability services.",basic SQL,basic SQL with a simple select statement,analytics and reporting,"generating reports, dashboards, and analytical insights",List the programs and their budgets for mobility accommodations.,"CREATE TABLE Programs (Program VARCHAR(20), Budget INT, Type VARCHAR(20)); INSERT INTO Programs (Program, Budget, Type) VALUES ('Wheelchair Ramp', 30000, 'Mobility'); INSERT INTO Programs (Program, Budget, Type) VALUES ('Prosthetic Services', 40000, 'Mobility');","SELECT Program, Budget FROM Programs WHERE Type = 'Mobility';",This SQL query lists the programs and their budgets for mobility accommodations.
5193,space exploration,"Spacecraft manufacturing data, space mission records, astronaut medical data, and astrophysics research.",aggregation,"aggregation functions (COUNT, SUM, AVG, MIN, MAX, etc.), and HAVING clause",analytics and reporting,"generating reports, dashboards, and analytical insights",List the space missions that have had astronauts from both the US and Canada.,"CREATE TABLE SpaceMissions (mission_name VARCHAR(30), astronaut_nationality VARCHAR(20)); INSERT INTO SpaceMissions (mission_name, astronaut_nationality) VALUES ('Mission1', 'US'); INSERT INTO SpaceMissions (mission_name, astronaut_nationality) VALUES ('Mission1', 'Canada');","SELECT mission_name FROM SpaceMissions WHERE astronaut_nationality IN ('US', 'Canada') GROUP BY mission_name HAVING COUNT(DISTINCT astronaut_nationality) = 2;","This query lists the space missions that have had astronauts from both the US and Canada by grouping the 'mission_name' and counting the distinct 'astronaut_nationality' values, and only including those with a count of 2."
5194,oceans,"Ocean data on marine conservation, ocean acidification, deep-sea exploration, and maritime safety.",basic SQL,basic SQL with a simple select statement,analytics and reporting,"generating reports, dashboards, and analytical insights",What is the average depth of all marine protected areas in the world?,"CREATE TABLE marine_protected_areas (name VARCHAR(255), location VARCHAR(255), avg_depth FLOAT); INSERT INTO marine_protected_areas (name, location, avg_depth) VALUES ('MPA 1', 'Pacific Ocean', 123.4), ('MPA 2', 'Atlantic Ocean', 567.8);",SELECT AVG(avg_depth) FROM marine_protected_areas;,This query calculates the average depth of all marine protected areas in the world by selecting the average value of the avg_depth column for all rows in the marine_protected_areas table.
5195,oil and gas,"Exploration data, production figures, infrastructure development, and market trends.",aggregation,"aggregation functions (COUNT, SUM, AVG, MIN, MAX, etc.), and HAVING clause",analytics and reporting,"generating reports, dashboards, and analytical insights",Calculate the total production in the Southern region by oil and gas type,"CREATE TABLE production (well_id INT, type VARCHAR(10), region VARCHAR(50), quantity INT); INSERT INTO production (well_id, type, region, quantity) VALUES (1, 'Oil', 'Northern', 1000), (2, 'Gas', 'Southern', 2000), (3, 'Oil', 'Southern', 3000);","SELECT type, SUM(quantity) as total_production FROM production WHERE region = 'Southern' GROUP BY type;",This SQL query groups the production data by oil and gas type for the Southern region and calculates the total production for each type.
5196,energy,"Energy market data covering renewable energy sources, energy storage, carbon pricing, and energy efficiency.",basic SQL,basic SQL with a simple select statement,analytics and reporting,"generating reports, dashboards, and analytical insights",How many electric vehicles are there in China and Japan?,"CREATE TABLE electric_vehicles (country VARCHAR(50), num_vehicles INT); INSERT INTO electric_vehicles (country, num_vehicles) VALUES ('China', 1140000), ('Japan', 850000);","SELECT SUM(num_vehicles) FROM electric_vehicles WHERE country IN ('China', 'Japan');",This query calculates the total number of electric vehicles in China and Japan by summing up the num_vehicles values for those two countries in the electric_vehicles table.
5197,sustainable infrastructure,"Green building data, renewable energy infrastructure projects, carbon offset initiatives, and smart city technology adoption.",subqueries,"subqueries, including correlated and nested subqueries",analytics and reporting,"generating reports, dashboards, and analytical insights","What is the maximum number of green buildings in each state in the US, constructed before 2015?","CREATE TABLE green_buildings_us (id INT, state VARCHAR(20), construction_year INT, type VARCHAR(20)); INSERT INTO green_buildings_us (id, state, construction_year, type) VALUES (1, 'California', 2014, 'residential'), (2, 'California', 2012, 'commercial'), (3, 'Oregon', 2016, 'residential'), (4, 'Washington', 2013, 'residential');","SELECT state, MAX(cnt) FROM (SELECT state, COUNT(*) AS cnt FROM green_buildings_us WHERE construction_year < 2015 GROUP BY state) AS subquery;","This SQL query calculates the maximum number of green buildings in each state in the US, constructed before 2015. It does this by using a subquery to group the rows by state and count the number of green buildings for each state, then calculating the maximum of those counts. The subquery is aliased as ""subquery"" and the outer query uses the MAX() aggregation function on the cnt column from the subquery."
5198,sustainable infrastructure,"Green building data, renewable energy infrastructure projects, carbon offset initiatives, and smart city technology adoption.",basic SQL,basic SQL with a simple select statement,analytics and reporting,"generating reports, dashboards, and analytical insights",List all smart city initiatives in 'City G' that were implemented after 2018.,"CREATE TABLE SmartCities (CityID INT, CityName VARCHAR(255), InitiativeName VARCHAR(255), StartDate DATE); INSERT INTO SmartCities (CityID, CityName, InitiativeName, StartDate) VALUES (1, 'City G', 'Smart Transportation', '2020-01-01');","SELECT CityName, InitiativeName, StartDate FROM SmartCities WHERE CityName = 'City G' AND StartDate > '2018-12-31';","This query lists all smart city initiatives in 'City G' that were implemented after 2018 by selecting the CityName, InitiativeName, and StartDate columns from the SmartCities table where the CityName is 'City G' and the StartDate is after December 31, 2018."
5199,food industry,"Food safety records, nutrition data, supply chain transparency, and sustainable food trends.",aggregation,"aggregation functions (COUNT, SUM, AVG, MIN, MAX, etc.), and HAVING clause",analytics and reporting,"generating reports, dashboards, and analytical insights",What is the maximum and minimum cooking time for dishes in the 'Indian' cuisine category?,"CREATE TABLE Dishes (id INT, cuisine VARCHAR(255), cooking_time INT); INSERT INTO Dishes (id, cuisine, cooking_time) VALUES (1, 'Indian', 45), (2, 'Indian', 30), (3, 'Indian', 60), (4, 'Mexican', 20);","SELECT cuisine, MIN(cooking_time) as min_cooking_time, MAX(cooking_time) as max_cooking_time FROM Dishes WHERE cuisine = 'Indian' GROUP BY cuisine;","Calculate the minimum and maximum cooking times for the 'Indian' cuisine by filtering for 'Indian' dishes, grouping by 'cuisine', and applying MIN and MAX functions to the 'cooking_time' column."
5200,defense operations,"Defense data on military innovation, peacekeeping operations, defense diplomacy, and humanitarian assistance.",basic SQL,basic SQL with a simple select statement,analytics and reporting,"generating reports, dashboards, and analytical insights",What is the total budget for all peacekeeping operations in 'african_region_table'?,"CREATE TABLE african_region_table (id INT, operation_name VARCHAR(100), country VARCHAR(50), budget INT); INSERT INTO african_region_table (id, operation_name, country, budget) VALUES (1, 'Operation Artemis', 'France', 12500000);",SELECT SUM(budget) FROM african_region_table;,This query calculates the total budget for all peacekeeping operations in the 'african_region_table' by summing the 'budget' column.
5201,transportation,"Transportation data on electric vehicle adoption, autonomous vehicles, public transportation systems, and multimodal mobility.",basic SQL,basic SQL with a simple select statement,data manipulation,"inserting, updating, or deleting records",Insert new public transportation schedules for 'paris',"CREATE TABLE if not exists new_schedules (schedule_id serial, city varchar(20), departure_time time); INSERT INTO new_schedules (city, departure_time) VALUES ('paris', '07:05:00'), ('paris', '07:20:00'), ('paris', '07:35:00'), ('paris', '07:50:00');","INSERT INTO schedules (city, departure_time) SELECT * FROM new_schedules WHERE city = 'paris';",Insert new public transportation schedules for 'paris' by selecting all records with 'paris' city from the new_schedules table and inserting them into the schedules table.
5202,real estate,"Real estate data on inclusive housing policies, sustainable urbanism, property co-ownership, and housing affordability.",aggregation,"aggregation functions (COUNT, SUM, AVG, MIN, MAX, etc.), and HAVING clause",analytics and reporting,"generating reports, dashboards, and analytical insights","Find the number of co-owned properties in the 'co_ownership' table, grouped by the number of co-owners.","CREATE TABLE co_ownership (co_id INT, property_id INT, num_owners INT);","SELECT num_owners, COUNT(*) as num_properties FROM co_ownership GROUP BY num_owners;","The SQL query groups the 'co_ownership' table data by the 'num_owners' column, then counts the number of properties for each group using the COUNT(*) function."
5203,space,"Space data on space exploration, satellite technology, space debris mitigation, and astrobiology.",aggregation,"aggregation functions (COUNT, SUM, AVG, MIN, MAX, etc.), and HAVING clause",analytics and reporting,"generating reports, dashboards, and analytical insights",How many satellites have been launched by each country in the space domain?,"CREATE TABLE satellites (id INT, country VARCHAR(255), launch_date DATE);","SELECT country, COUNT(*) AS launched_satellites FROM satellites GROUP BY country;","This query selects the country and the number of satellites launched (launched_satellites) from the satellites table, groups the results by country, and returns the groups."
5204,restaurant operations,"Restaurant revenue data, menu engineering information, food safety inspection records, and sustainable sourcing practices.",basic SQL,basic SQL with a simple select statement,analytics and reporting,"generating reports, dashboards, and analytical insights",Find the total revenue for the 'quick_service' schema's vegan menu items.,"CREATE TABLE quick_service.menu_items (menu_item_id INT, category TEXT, price DECIMAL); INSERT INTO quick_service.menu_items (menu_item_id, category, price) VALUES (1, 'Vegan Burger', 7.50), (2, 'Fruit Bowl', 4.50);",SELECT SUM(price) FROM quick_service.menu_items WHERE category = 'Vegan Burger' OR category = 'Fruit Bowl';,The SQL query calculates the total revenue for the 'quick_service' schema's vegan menu items by summing the price of all records with a category of 'Vegan Burger' or 'Fruit Bowl'.
5205,charitable organizations,"Financial data, program impact, donor demographics, and volunteer management.",subqueries,"subqueries, including correlated and nested subqueries",data manipulation,"inserting, updating, or deleting records",Delete all records of donors who have not donated more than $50 in the last 6 months.,"CREATE TABLE donors (id INT, name TEXT, donation_date DATE, amount_donated DECIMAL(10,2));","DELETE FROM donors WHERE id NOT IN (SELECT id FROM donors WHERE amount_donated > 50 AND donation_date > DATE_SUB(CURRENT_DATE, INTERVAL 6 MONTH));","This query deletes all records of donors who have not donated more than $50 in the last 6 months. It uses a subquery to select the IDs of donors who have made a donation greater than $50 in the last 6 months, and then deletes all records of donors whose ID is not in this list."
5206,defense security,"Detailed records on military technology, intelligence operations, national security, and cybersecurity strategies.",basic SQL,basic SQL with a simple select statement,data manipulation,"inserting, updating, or deleting records","Update the description of a specific cybersecurity incident in the ""cybersecurity_incidents"" table","CREATE TABLE cybersecurity_incidents (id INT, year INT, type VARCHAR(255), country VARCHAR(255), description TEXT); INSERT INTO cybersecurity_incidents (id, year, type, country, description) VALUES (1, 2018, 'Data Breach', 'US', 'Unauthorized access to sensitive personal information');",UPDATE cybersecurity_incidents SET description = 'Unauthorized access to highly sensitive personal information' WHERE id = 1;,"This query updates the description of a specific data breach incident in the ""cybersecurity_incidents"" table to reflect the updated value."
5207,hospitality technology,"Hotel tech adoption metrics, online travel agency data, virtual tour engagement stats, and hospitality AI trends.",basic SQL,basic SQL with a simple select statement,analytics and reporting,"generating reports, dashboards, and analytical insights",What is the percentage of AI adoption in the hospitality industry across different regions in 2022?,"CREATE TABLE ai_adoption (region VARCHAR(20), adoption_percentage DECIMAL(5,2), adoption_date DATE); INSERT INTO ai_adoption (region, adoption_percentage, adoption_date) VALUES ('North America', 45, '2022-01-01'), ('Europe', 40, '2022-01-01'), ('Asia', 50, '2022-01-01');","SELECT region, adoption_percentage FROM ai_adoption WHERE adoption_date = '2022-01-01';",This query retrieves the percentage of AI adoption in the hospitality industry across different regions in 2022. It selects the region and adoption_percentage columns from the ai_adoption table where the adoption_date is 2022-01-01.
5208,waste management,"Waste generation metrics, recycling rates, landfill capacity data, and circular economy initiatives.",basic SQL,basic SQL with a simple select statement,analytics and reporting,"generating reports, dashboards, and analytical insights",What is the total waste generated in the residential sector in New York City?,"CREATE TABLE waste_generation_city_v2 (sector VARCHAR(20), city VARCHAR(20), waste_quantity INT); INSERT INTO waste_generation_city_v2 (sector, city, waste_quantity) VALUES ('residential', 'New York City', 2500), ('commercial', 'New York City', 3000), ('residential', 'Los Angeles', 2200), ('commercial', 'Los Angeles', 2700), ('residential', 'Miami', 1500), ('commercial', 'Miami', 1900);",SELECT waste_quantity FROM waste_generation_city_v2 WHERE sector = 'residential' AND city = 'New York City';,* This SQL query selects the waste_quantity from the waste_generation_city_v2 table where the sector is 'residential' and the city is 'New York City' to find the total waste generated in the residential sector in New York City.
5209,construction,"Building permit data, construction labor statistics, project timeline information, and sustainable building practices.",basic SQL,basic SQL with a simple select statement,data manipulation,"inserting, updating, or deleting records",Update records in labor_statistics table and set hourly_wage = hourly_wage * 1.05 where job_category is 'Electricity',"CREATE TABLE labor_statistics (id INT, job_category VARCHAR(20), hourly_wage DECIMAL(5,2));",UPDATE labor_statistics SET hourly_wage = hourly_wage * 1.05 WHERE job_category = 'Electricity';,*This SQL query updates records in the labor_statistics table* *that meet the condition: job_category is 'Electricity' by increasing hourly_wage by 5%*
5210,oceanography,"Marine life research data, ocean floor mapping projects, pollution control initiatives, and maritime law compliance.",basic SQL,basic SQL with a simple select statement,data manipulation,"inserting, updating, or deleting records",Delete all records of marine life research data from the Mediterranean sea.,"CREATE TABLE marine_life_data (id INT, species TEXT, population INT, location TEXT); INSERT INTO marine_life_data (id, species, population, location) VALUES (1, 'Dolphin', 50, 'Mediterranean'); INSERT INTO marine_life_data (id, species, population, location) VALUES (2, 'Turtle', 25, 'Mediterranean');",DELETE FROM marine_life_data WHERE location = 'Mediterranean';,This SQL query deletes all records of marine life research data from the Mediterranean sea by removing all rows from the marine_life_data table where the location is 'Mediterranean'.
5211,defense operations,"Defense data on military innovation, peacekeeping operations, defense diplomacy, and humanitarian assistance.",basic SQL,basic SQL with a simple select statement,analytics and reporting,"generating reports, dashboards, and analytical insights",Find countries that received humanitarian assistance in Q3 of 2022.,"CREATE TABLE Humanitarian_Assistance (Country VARCHAR(100), Quarter INT, Year INT);",SELECT DISTINCT Country FROM Humanitarian_Assistance WHERE Quarter = 3 AND Year = 2022;,This query identifies countries that received humanitarian assistance in Q3 of 2022 by selecting distinct countries from the Humanitarian_Assistance table where the quarter is 3 and the year is 2022.
5212,sustainable energy,"Renewable energy project data, energy efficiency stats, carbon offset programs, and clean energy policy trends.",basic SQL,basic SQL with a simple select statement,analytics and reporting,"generating reports, dashboards, and analytical insights",What is the total installed capacity of renewable energy projects implemented in the last year?,"CREATE TABLE projects (project_id INT, name TEXT, capacity INT, implementation_date DATE); INSERT INTO projects (project_id, name, capacity, implementation_date) VALUES (1, 'Solar Farm', 5000, '2021-01-01'), (2, 'Wind Turbine', 3000, '2020-01-01'), (3, 'Geothermal Plant', 4000, '2021-01-01'), (4, 'Hydro Plant', 6000, '2019-01-01');","SELECT SUM(capacity) FROM projects WHERE implementation_date >= DATEADD(year, -1, GETDATE());",Calculate the total installed capacity of renewable energy projects implemented in the last year.
5213,arts operations and management,"Data on art collections, cultural event attendance, artist demographics, museum operations, and heritage preservation efforts.",basic SQL,basic SQL with a simple select statement,analytics and reporting,"generating reports, dashboards, and analytical insights",What is the average attendance for cultural events in a given city?,"CREATE TABLE CulturalEvents (id INT, name VARCHAR(50), city VARCHAR(50), attendance INT); INSERT INTO CulturalEvents (id, name, city, attendance) VALUES (1, 'Theater Play', 'New York', 500), (2, 'Art Exhibit', 'New York', 300), (3, 'Music Concert', 'Los Angeles', 700);",SELECT AVG(attendance) FROM CulturalEvents WHERE city = 'New York';,"The SQL query calculates the average attendance for cultural events in the city of New York by using the AVG function on the attendance column, filtering for the city of New York."
5214,arts operations and management,"Data on art collections, cultural event attendance, artist demographics, museum operations, and heritage preservation efforts.",window functions,"window functions (e.g., ROW_NUMBER, LEAD, LAG, RANk, NTILE, PERCENT_RANK, etc.) with partitioning and ordering",analytics and reporting,"generating reports, dashboards, and analytical insights","Rank artists in the 'ArtistsDemographics' table by age, in descending order, and return the top 2.","CREATE TABLE ArtistsDemographics (ArtistID INT, Age INT, Gender VARCHAR(10), Nationality VARCHAR(50)); INSERT INTO ArtistsDemographics (ArtistID, Age, Gender, Nationality) VALUES (1, 45, 'Male', 'American'), (2, 34, 'Female', 'Canadian'), (3, 50, 'Male', 'British'), (4, 35, 'Female', 'Mexican'), (5, 40, 'Non-binary', 'Australian');","SELECT ArtistID, Age, Gender, Nationality FROM (SELECT ArtistID, Age, Gender, Nationality, ROW_NUMBER() OVER (ORDER BY Age DESC) AS Rank FROM ArtistsDemographics) AS Subquery WHERE Rank <= 2;",The SQL query uses the ROW_NUMBER() function to rank artists by age in descending order. The outer query then filters the results to only include the top 2 ranked artists.
5215,defense contractors,"Military equipment sales data, defense project timelines, contract negotiations, and geopolitical risk assessments.",basic SQL,basic SQL with a simple select statement,analytics and reporting,"generating reports, dashboards, and analytical insights",What is the total value of military equipment sales in Canada?,"CREATE TABLE EquipmentSales (id INT PRIMARY KEY, country VARCHAR(50), equipment_type VARCHAR(50), sale_price DECIMAL(10, 2));",SELECT SUM(sale_price) FROM EquipmentSales WHERE country = 'Canada';,This query calculates the total value of military equipment sales in Canada by selecting the sale_price column and applying the SUM function.
5216,defense security,"Detailed records on military technology, intelligence operations, national security, and cybersecurity strategies.",basic SQL,basic SQL with a simple select statement,analytics and reporting,"generating reports, dashboards, and analytical insights",How many intelligence satellites are currently operational?,"CREATE TABLE IntelligenceSatellites (Name VARCHAR(50), Country VARCHAR(50), Operational BOOLEAN); INSERT INTO IntelligenceSatellites (Name, Country, Operational) VALUES ('USA-123', 'USA', true), ('USA-456', 'USA', false), ('China-789', 'China', true), ('China-321', 'China', true), ('Russia-987', 'Russia', false);",SELECT COUNT(*) FROM IntelligenceSatellites WHERE Operational = true;,"This SQL query counts the number of records in the IntelligenceSatellites table where the 'Operational' column is true, indicating the number of operational intelligence satellites."
5217,nonprofit,"Nonprofit data on charitable giving trends, social impact assessment, capacity building, and volunteer management.",single join,"only one join (specify inner, outer, cross)",analytics and reporting,"generating reports, dashboards, and analytical insights","List all organizations and their corresponding volunteer information from the 'volunteers' table, along with the number of hours contributed by each volunteer.","CREATE TABLE volunteers (volunteer_id INT, volunteer_name TEXT, hours_contributed INT, org_id INT); CREATE TABLE organizations (org_id INT, org_name TEXT);","SELECT organizations.org_name, volunteers.volunteer_name, SUM(volunteers.hours_contributed) as total_hours FROM volunteers INNER JOIN organizations ON volunteers.org_id = organizations.org_id GROUP BY organizations.org_name, volunteers.volunteer_name;","This query performs an inner join on the 'volunteers' and 'organizations' tables, using the org_id as the common key. It then calculates the total hours contributed by each volunteer using the SUM function and groups the result by org_name and volunteer_name."
5218,oil and gas,"Exploration data, production figures, infrastructure development, and market trends.",basic SQL,basic SQL with a simple select statement,analytics and reporting,"generating reports, dashboards, and analytical insights",What is the maximum production rate (bbl/day) for wells in the 'Gulf of Mexico'?,"CREATE TABLE wells (well_id INT, region VARCHAR(20), production_rate FLOAT); INSERT INTO wells (well_id, region, production_rate) VALUES (1, 'Gulf of Mexico', 2500), (2, 'Gulf of Mexico', 3000), (3, 'Houston', 2000);",SELECT MAX(production_rate) FROM wells WHERE region = 'Gulf of Mexico';,This SQL query calculates the maximum production rate for wells located in the 'Gulf of Mexico' by using the MAX function.
5219,oceanography,"Marine life research data, ocean floor mapping projects, pollution control initiatives, and maritime law compliance.",single join,"only one join (specify inner, outer, cross)",analytics and reporting,"generating reports, dashboards, and analytical insights","What is the maximum depth in the ocean floor mapping data for each location, and how many research stations are present in each location?","CREATE TABLE ocean_floor_mapping (id INT, location TEXT, depth FLOAT); CREATE TABLE marine_life_research_stations (id INT, station_name TEXT, location TEXT, depth FLOAT);","SELECT ocean_floor_mapping.location, MAX(ocean_floor_mapping.depth), COUNT(marine_life_research_stations.id) FROM ocean_floor_mapping INNER JOIN marine_life_research_stations ON ocean_floor_mapping.location = marine_life_research_stations.location GROUP BY ocean_floor_mapping.location;",The SQL query calculates the maximum depth in the ocean floor mapping data and the number of research stations present in each location by using the MAX() and COUNT() functions along with the INNER JOIN clause to join the two tables on the location column.
5220,forestry,"Comprehensive data on sustainable forest management, timber production, wildlife habitat, and carbon sequestration in forestry.",multiple_joins,"two or more joins (specify inner, outer, cross)",analytics and reporting,"generating reports, dashboards, and analytical insights",What is the total biomass of deciduous trees per wildlife habitat?,"CREATE TABLE tree_types (id INT, name VARCHAR(255)); INSERT INTO tree_types (id, name) VALUES (1, 'Deciduous'), (2, 'Evergreen'); CREATE TABLE trees (id INT, biomass INT, tree_type_id INT); INSERT INTO trees (id, biomass, tree_type_id) VALUES (1, 1000, 1), (2, 800, 2); CREATE TABLE wildlife_habitats (id INT, name VARCHAR(255)); INSERT INTO wildlife_habitats (id, name) VALUES (1, 'Forest'), (2, 'Grassland'); CREATE TABLE tree_habitat_associations (tree_id INT, habitat_id INT); INSERT INTO tree_habitat_associations (tree_id, habitat_id) VALUES (1, 1), (2, 1);","SELECT h.name habitat, SUM(t.biomass) total_biomass FROM trees t JOIN tree_habitat_associations tha ON t.id = tha.tree_id JOIN wildlife_habitats h ON tha.habitat_id = h.id JOIN tree_types tt ON t.tree_type_id = tt.id WHERE tt.name = 'Deciduous' GROUP BY h.name;","This query calculates the total biomass of deciduous trees per wildlife habitat. It starts by joining the trees, tree_habitat_associations, wildlife_habitats, and tree_types tables based on their relationships. Then, it uses GROUP BY to group the records by wildlife habitat, followed by SUM to calculate the total biomass for each group."
5221,ethical fashion,"Extensive data on sustainable materials, fair labor practices, circular economy, and consumer awareness in ethical fashion.",aggregation,"aggregation functions (COUNT, SUM, AVG, MIN, MAX, etc.), and HAVING clause",analytics and reporting,"generating reports, dashboards, and analytical insights",Which sustainable materials are most frequently used by the top 2 fair trade certified suppliers?,"CREATE TABLE fair_trade_suppliers (id INT PRIMARY KEY, name VARCHAR(50), material VARCHAR(50), quantity INT); INSERT INTO fair_trade_suppliers (id, name, material, quantity) VALUES (1, 'Fair Trade Farms', 'Organic Cotton', 2000), (2, 'Green Earth', 'Hemp', 1500), (3, 'Sustainable Source', 'Bamboo', 1000), (4, 'Eco Harvest', 'Recycled Polyester', 2500), (5, 'Ethical Textiles', 'Tencel', 1200), (6, 'Fair Trade Farms', 'Wool', 1000), (7, 'Green Earth', 'Silk', 1500);","SELECT material, SUM(quantity) as total_quantity FROM fair_trade_suppliers WHERE name IN ('Fair Trade Farms', 'Green Earth') GROUP BY material ORDER BY total_quantity DESC LIMIT 2;","The query calculates the total quantity of sustainable materials most frequently used by the top 2 fair trade certified suppliers. It filters the fair_trade_suppliers table where the name is in the list of top 2 fair trade certified suppliers, performs a group by operation on the material column, calculates the sum of the quantity column, and orders the results by total quantity in descending order, then limits the results to the top 2 materials."
5222,food industry,"Food safety records, nutrition data, supply chain transparency, and sustainable food trends.",basic SQL,basic SQL with a simple select statement,analytics and reporting,"generating reports, dashboards, and analytical insights",What is the minimum sustainability rating for produce suppliers in the database who supply more than 600 units of fruits and vegetables per week?,"CREATE TABLE ProduceSupplier (SupplierID INT, SustainabilityRating INT, UnitsPerWeek INT); INSERT INTO ProduceSupplier VALUES (1, 85, 550), (2, 70, 400), (3, 90, 600);",SELECT MIN(SustainabilityRating) FROM ProduceSupplier WHERE UnitsPerWeek > 600;,This SQL query calculates the minimum sustainability rating for produce suppliers who supply more than 600 units of fruits and vegetables per week. It uses the MIN function to find the lowest value in the SustainabilityRating column for records that meet the specified criteria.
5223,ocean shipping,"Detailed records on cargo handling, fleet management, port operations, and regulatory compliance in ocean shipping.",single join,"only one join (specify inner, outer, cross)",analytics and reporting,"generating reports, dashboards, and analytical insights",What is the maximum tonnage of cargo handled by any port in the last month?,"CREATE TABLE ports(id INT, name VARCHAR(50), type VARCHAR(50), region VARCHAR(50)); CREATE TABLE cargo_handling(port_id INT, cargo_type VARCHAR(50), tonnage INT, handling_date DATE); INSERT INTO ports VALUES (1, 'Port of Los Angeles', 'Seaport', 'Pacific'); INSERT INTO cargo_handling VALUES (1, 'Bulk', 50000, '2022-03-15');","SELECT MAX(cargo_handling.tonnage) FROM cargo_handling INNER JOIN ports ON cargo_handling.port_id = ports.id WHERE ports.region = 'Pacific' AND cargo_handling.handling_date >= DATE_SUB(CURRENT_DATE, INTERVAL 1 MONTH);",This query retrieves the maximum tonnage of cargo handled by any port in the Pacific region in the last month by joining the ports and cargo_handling tables and filtering on the port region and cargo handling date.
5224,restaurant operations,"Restaurant revenue data, menu engineering information, food safety inspection records, and sustainable sourcing practices.",basic SQL,basic SQL with a simple select statement,analytics and reporting,"generating reports, dashboards, and analytical insights",What is the total revenue for restaurants with a seating capacity of over 100?,"CREATE TABLE Restaurants (restaurant_id INT, name VARCHAR(255), seating_capacity INT, revenue DECIMAL(10,2)); INSERT INTO Restaurants (restaurant_id, name, seating_capacity, revenue) VALUES (1, 'Restaurant A', 150, 5000.00), (2, 'Restaurant B', 50, 6000.00), (3, 'Restaurant C', 200, 4000.00);",SELECT SUM(revenue) FROM Restaurants WHERE seating_capacity > 100;,The SQL query calculates the total revenue for restaurants with a seating capacity of over 100 by using the SUM function to add up the revenue for those restaurants and the WHERE clause to filter the results to only include restaurants with a seating capacity over 100.
5225,public health,"Community health statistics, infectious disease tracking data, healthcare access metrics, and public health policy analysis.",aggregation,"aggregation functions (COUNT, SUM, AVG, MIN, MAX, etc.), and HAVING clause",analytics and reporting,"generating reports, dashboards, and analytical insights",What is the number of vaccinations administered by gender?,"CREATE TABLE vaccinations(id INT, patient_id INT, gender TEXT, date DATE);","SELECT gender, COUNT(*) FROM vaccinations GROUP BY gender;",This query groups vaccinations by gender using the GROUP BY clause and then counts the number of vaccinations for each gender using the COUNT(*) aggregate function.
5226,restaurant operations,"Restaurant revenue data, menu engineering information, food safety inspection records, and sustainable sourcing practices.",set operations,"set operations such as UNION, INTERSECT, and EXCEPT",analytics and reporting,"generating reports, dashboards, and analytical insights","Which menu items are served at both Location1 and Location2, but not at Location3?","CREATE TABLE menu_items(menu_item VARCHAR(255), location VARCHAR(255)); INSERT INTO menu_items(menu_item, location) VALUES ('Burger', 'Location1'), ('Pizza', 'Location2'), ('Pasta', 'Location1'), ('Salad', 'Location2'), ('Burger', 'Location3');",SELECT menu_item FROM menu_items WHERE location = 'Location1' INTERSECT SELECT menu_item FROM menu_items WHERE location = 'Location2' EXCEPT SELECT menu_item FROM menu_items WHERE location = 'Location3';,"The INTERSECT and EXCEPT operators are used to return the menu items that are served at both Location1 and Location2, but not at Location3."
5227,insurance,"Underwriting data, claims processing information, risk assessment models, and policyholder demographics.",basic SQL,basic SQL with a simple select statement,data definition,"creating, altering, or dropping tables and other database objects",Alter the 'policyholders' table to add a constraint that the 'age' column should be between 1 and 120,"CREATE TABLE if not exists policyholders (policyholder_id INT PRIMARY KEY, name VARCHAR(255), age INT, gender VARCHAR(10), policy_type VARCHAR(50), premium DECIMAL(10,2));",ALTER TABLE policyholders ADD CONSTRAINT age_range CHECK (age >= 1 AND age <= 120);,The 'policyholders' table is altered to add a constraint that the 'age' column should be between 1 and 120.
5228,cosmetics,"Consumer preference data, ingredient sourcing information, product safety records, and cruelty-free certification metrics.",single join,"only one join (specify inner, outer, cross)",analytics and reporting,"generating reports, dashboards, and analytical insights",Which cruelty-free certified products were purchased in the last month from the US region?,"CREATE TABLE product (product_id INT, product_name TEXT, is_cruelty_free BOOLEAN); CREATE TABLE purchase (purchase_id INT, product_id INT, purchase_date DATE, region TEXT); INSERT INTO product VALUES (1, 'Lipstick', true), (2, 'Moisturizer', false); INSERT INTO purchase VALUES (1, 1, '2022-01-10', 'US'), (2, 2, '2022-01-15', 'CA');",SELECT p.product_name FROM purchase p JOIN product pr ON p.product_id = pr.product_id WHERE pr.is_cruelty_free = true AND p.purchase_date >= '2022-02-01' AND p.region = 'US';,"This query joins the purchase and product tables on the product_id column. It then filters for rows where the product is cruelty-free and the purchase date is within the last month and the region is 'US'. Finally, it selects the product_name column from the resulting rows."
5229,startups,"Company founding data, funding records, diversity metrics, and innovation trends.",basic SQL,basic SQL with a simple select statement,analytics and reporting,"generating reports, dashboards, and analytical insights",What is the maximum founding date for startups founded by veterans in the energy sector?,"CREATE TABLE startups(id INT, name TEXT, industry TEXT, founding_date DATE, founder_veteran BOOLEAN); INSERT INTO startups(id, name, industry, founding_date, founder_veteran) VALUES (1, 'EnergyVeteran', 'Energy', '2022-05-15', TRUE);",SELECT MAX(founding_date) FROM startups WHERE industry = 'Energy' AND founder_veteran = TRUE;,"The SQL query filters for rows where the industry is 'Energy' and founder_veteran is TRUE, and calculates the maximum value in the founding_date column for these rows."
5230,ethical fashion,"Extensive data on sustainable materials, fair labor practices, circular economy, and consumer awareness in ethical fashion.",aggregation,"aggregation functions (COUNT, SUM, AVG, MIN, MAX, etc.), and HAVING clause",analytics and reporting,"generating reports, dashboards, and analytical insights",What is the average price of items sold through each sales channel?,"CREATE TABLE sales (id INT, item_id INT, sales_channel VARCHAR(255), quantity INT, price DECIMAL(10, 2)); INSERT INTO sales (id, item_id, sales_channel, quantity, price) VALUES (1, 101, 'online', 50, 15.00), (2, 102, 'retail', 75, 20.00), (3, 103, 'online', 80, 18.00), (4, 104, 'retail', 60, 22.00), (5, 105, 'online', 90, 16.00);","SELECT sales_channel, AVG(price) FROM sales GROUP BY sales_channel;",This SQL query calculates the average price of items sold through each sales channel by finding the mean value of the 'price' column for each 'sales_channel'.
5231,higher education,"Graduate student records, research grant data, academic publishing statistics, and faculty diversity metrics.",subqueries,"subqueries, including correlated and nested subqueries",analytics and reporting,"generating reports, dashboards, and analytical insights","What is the average amount of research grants awarded per department in the 'research_grants' table, excluding departments with less than 3 grants?","CREATE TABLE research_grants (id INT, department VARCHAR(255), amount FLOAT); INSERT INTO research_grants (id, department, amount) VALUES (1, 'Computer Science', 100000), (2, 'Computer Science', 200000), (3, 'Statistics', 150000), (4, 'Philosophy', 250000), (5, 'English', 50000);","SELECT AVG(grant_avg) FROM (SELECT department, AVG(amount) AS grant_avg FROM research_grants GROUP BY department HAVING COUNT(*) >= 3) AS subquery;",The subquery calculates the average grant amount for each department and filters out departments with less than 3 grants. The outer query then calculates the average of these averages.
5232,venture capital,"Company founding data, investment rounds, exit strategies, and diversity metrics in the startup ecosystem.",basic SQL,basic SQL with a simple select statement,analytics and reporting,"generating reports, dashboards, and analytical insights",What is the total number of companies founded by solo founders in the biotech industry?,"CREATE TABLE company (id INT, name TEXT, founding_date DATE, industry TEXT, headquarters TEXT, founder_count INT);",SELECT COUNT(*) FROM company WHERE founder_count = 1 AND industry = 'biotech';,This query calculates the total number of companies founded by solo founders in the biotech industry. It starts by selecting the count of records where founder_count is 1 and industry is 'biotech'.
5233,rural health,"Detailed records on healthcare access, disease prevalence, and resource allocation in rural health.",aggregation,"aggregation functions (COUNT, SUM, AVG, MIN, MAX, etc.), and HAVING clause",analytics and reporting,"generating reports, dashboards, and analytical insights",What is the average age of healthcare workers by region?,"CREATE TABLE healthcare_workers (id INT, name VARCHAR(50), age INT, region VARCHAR(50)); INSERT INTO healthcare_workers (id, name, age, region) VALUES (1, 'John Doe', 35, 'Northeast');","SELECT region, AVG(age) as avg_age FROM healthcare_workers GROUP BY region;",This SQL query calculates the average age of healthcare workers by region. It does this by using the AVG function on the age column and grouping by the region column.
5234,cosmetics,"Consumer preference data, ingredient sourcing information, product safety records, and cruelty-free certification metrics.",basic SQL,basic SQL with a simple select statement,data manipulation,"inserting, updating, or deleting records",Update the ingredient source location for 'Retinol' from 'Australia' to 'Canada' in the 'ingredient_sources' table,"CREATE TABLE ingredient_sources (ingredient VARCHAR(100), source_location VARCHAR(100)); INSERT INTO ingredient_sources (ingredient, source_location) VALUES ('Retinol', 'Australia'), ('Hyaluronic Acid', 'USA'), ('Vitamin C', 'Brazil');",UPDATE ingredient_sources SET source_location = 'Canada' WHERE ingredient = 'Retinol';,This query updates the source location for the ingredient 'Retinol' from 'Australia' to 'Canada' in the 'ingredient_sources' table.
5235,cannabis industry,"Cannabis production data, dispensary sales stats, regulatory compliance metrics, and social equity trends.",single join,"only one join (specify inner, outer, cross)",analytics and reporting,"generating reports, dashboards, and analytical insights","Identify the dispensaries in the state of Colorado with the highest average wholesale order quantity for the last 6 months, and their corresponding average wholesale order quantity.","CREATE TABLE dispensaries (id INT PRIMARY KEY, name VARCHAR(255), state VARCHAR(255), location VARCHAR(255)); CREATE TABLE wholesale_orders (id INT PRIMARY KEY, dispensary_id INT, strain_id INT, quantity INT, order_date DATE);","SELECT dispensaries.name, AVG(wholesale_orders.quantity) as avg_quantity FROM dispensaries INNER JOIN wholesale_orders ON dispensaries.id = wholesale_orders.dispensary_id WHERE dispensaries.state = 'Colorado' AND wholesale_orders.order_date BETWEEN DATE_SUB(CURRENT_DATE, INTERVAL 6 MONTH) AND CURRENT_DATE GROUP BY dispensaries.id ORDER BY avg_quantity DESC LIMIT 10;","This query identifies the dispensaries in the state of Colorado with the highest average wholesale order quantity for the last 6 months, and their corresponding average wholesale order quantity."
5236,construction,"Building permit data, construction labor statistics, project timeline information, and sustainable building practices.",basic SQL,basic SQL with a simple select statement,analytics and reporting,"generating reports, dashboards, and analytical insights",List all sustainable building projects with a timeline greater than 120 days.,"CREATE TABLE Project_Timelines (id INT, project_name VARCHAR(255), timeline INT, is_sustainable BOOLEAN); INSERT INTO Project_Timelines (id, project_name, timeline, is_sustainable) VALUES (1, 'Green Building', 180, TRUE), (2, 'Solar Panel Installation', 120, TRUE), (3, 'Traditional Construction', 240, FALSE);",SELECT project_name FROM Project_Timelines WHERE is_sustainable = TRUE AND timeline > 120;,This query retrieves all sustainable building projects with a timeline greater than 120 days by filtering the 'Project_Timelines' table for rows where the 'is_sustainable' column is true and the 'timeline' column is greater than 120.
5237,aquaculture,"Aquatic farming data, fish stock management, ocean health metrics, and sustainable seafood trends.",aggregation,"aggregation functions (COUNT, SUM, AVG, MIN, MAX, etc.), and HAVING clause",analytics and reporting,"generating reports, dashboards, and analytical insights",What is the average sea surface temperature in the 'Pacific Ocean' for each month?,"CREATE TABLE ocean_temperature (location VARCHAR(255), date DATE, temperature FLOAT); INSERT INTO ocean_temperature (location, date, temperature) VALUES ('Pacific Ocean', '2021-01-01', 20.5), ('Pacific Ocean', '2021-02-01', 21.2), ('Pacific Ocean', '2021-03-01', 22.1);","SELECT EXTRACT(MONTH FROM date) AS month, AVG(temperature) AS avg_temperature FROM ocean_temperature WHERE location = 'Pacific Ocean' GROUP BY month;","This query calculates the average sea surface temperature in the 'Pacific Ocean' for each month. It extracts the month from the 'date' column and groups the records by month. Then, it calculates the average temperature for each group."
5238,charitable organizations,"Financial data, program impact, donor demographics, and volunteer management.",single join,"only one join (specify inner, outer, cross)",analytics and reporting,"generating reports, dashboards, and analytical insights",List all donations and the corresponding campaign from 'donations' and 'campaigns' tables,"CREATE TABLE donations (donation_id INT, donation_amount DECIMAL, donation_date DATE); CREATE TABLE campaigns (campaign_id INT, campaign_name TEXT, start_date DATE, end_date DATE);","SELECT donations.donation_id, donations.donation_amount, donations.donation_date, campaigns.campaign_name FROM donations INNER JOIN campaigns ON donations.donation_date BETWEEN campaigns.start_date AND campaigns.end_date;","This query performs an INNER JOIN on the 'donations' and 'campaigns' tables, retrieving the donation_id, donation_amount, donation_date, and campaign_name columns. The donation_date is compared to the start_date and end_date of campaigns to determine the corresponding campaign for each donation."
5239,automotive,"Vehicle safety testing results, autonomous driving research data, electric vehicle adoption statistics, and auto show information.",basic SQL,basic SQL with a simple select statement,analytics and reporting,"generating reports, dashboards, and analytical insights",What is the minimum safety rating of Italian cars?,"CREATE TABLE Safety_Testing (year INT, make VARCHAR(50), model VARCHAR(50), rating FLOAT); INSERT INTO Safety_Testing (year, make, model, rating) VALUES (2022, 'Fiat', '500', 4.3); INSERT INTO Safety_Testing (year, make, model, rating) VALUES (2022, 'Alfa Romeo', 'Giulia', 4.5);",SELECT MIN(rating) FROM Safety_Testing WHERE make = 'Italian';,This query calculates the minimum safety rating of Italian cars by finding the minimum value of the rating column in the Safety_Testing table where the make is Italian.
5240,arctic research,"In-depth data on climate change, biodiversity, indigenous communities, and resource management in arctic research.",single join,"only one join (specify inner, outer, cross)",analytics and reporting,"generating reports, dashboards, and analytical insights",Who are the researchers that have conducted climate research in the Antarctic region?,"CREATE TABLE ClimateResearch (id INT PRIMARY KEY, researcher_id INT, location VARCHAR(100), start_date DATE, end_date DATE); INSERT INTO ClimateResearch (id, researcher_id, location, start_date, end_date) VALUES (1, 2, 'Antarctic', '2022-01-01', '2022-02-28');",SELECT r.name FROM Researchers r JOIN ClimateResearch cr ON r.id = cr.researcher_id WHERE cr.location = 'Antarctic';,"This query joins the ClimateResearch table with the Researchers table using the researcher_id and filters for research conducted in the Antarctic region, then selects the names of those researchers."
5241,defense operations,"Defense data on military innovation, peacekeeping operations, defense diplomacy, and humanitarian assistance.",basic SQL,basic SQL with a simple select statement,data manipulation,"inserting, updating, or deleting records",Insert a new record into the 'humanitarian_aid' table for 'Country Z' and 'Year 2017' with an aid_amount of 5000000,"CREATE TABLE humanitarian_aid (country VARCHAR(50), year INT, aid_amount INT);","INSERT INTO humanitarian_aid (country, year, aid_amount) VALUES ('Country Z', 2017, 5000000);",This query inserts a new record into the 'humanitarian_aid' table for 'Country Z' and 'Year 2017' with an aid_amount of 5000000.
5242,mental health,"In-depth data on mental health conditions, treatment approaches, patient outcomes, and public awareness campaigns in mental health.",basic SQL,basic SQL with a simple select statement,analytics and reporting,"generating reports, dashboards, and analytical insights",How many patients have a primary diagnosis of depression and have attended at least one therapy session?,"CREATE TABLE patients (id INT, name TEXT, age INT, condition TEXT, therapy_sessions INT);",SELECT COUNT(*) FROM patients WHERE condition = 'depression' AND therapy_sessions > 0;,"The SQL query counts the number of patients who have a primary diagnosis of depression and have attended at least one therapy session. It does this by selecting the COUNT function from the patients table, filtering for rows where the condition column is 'depression' and the therapy_sessions column is greater than 0."
5243,public transportation,"Extensive data on route planning, fare collection, vehicle maintenance, and accessibility in public transportation.",basic SQL,basic SQL with a simple select statement,analytics and reporting,"generating reports, dashboards, and analytical insights",Which buses have not been serviced in the past month?,"CREATE TABLE Vehicles(type TEXT, last_service DATE);","SELECT type FROM Vehicles WHERE last_service < DATE_SUB(CURDATE(), INTERVAL 1 MONTH);","This query selects the type column from the Vehicles table, but only for rows where the last_service column is more than a month ago. This will return the types of all buses that have not been serviced in the past month."
5244,fitness industry,"Workout data, membership demographics, wearable technology metrics, and wellness trends.",basic SQL,basic SQL with a simple select statement,analytics and reporting,"generating reports, dashboards, and analytical insights",Find the total number of workouts and unique members who have participated in outdoor workouts in the last year.,"CREATE TABLE workouts (id INT, member_id INT, workout_type VARCHAR(50), duration INT, date DATE); INSERT INTO workouts (id, member_id, workout_type, duration, date) VALUES (1, 1, 'Cycling', 60, '2022-03-10'), (2, 3, 'Yoga', 45, '2022-03-15'), (3, 2, 'Running', 30, '2022-02-20'), (4, 4, 'Hiking', 120, '2022-04-01');","SELECT COUNT(*) AS total_workouts, COUNT(DISTINCT member_id) AS unique_members FROM workouts w WHERE w.workout_type LIKE '%Outdoor%' AND w.date >= DATE_SUB(CURDATE(), INTERVAL 1 YEAR);","This query finds the total number of workouts and unique members who have participated in outdoor workouts in the last year. It does this by counting the total number of rows and unique member IDs in the workouts table, filtering by outdoor workout types and workouts in the last year."
5245,space exploration,"Spacecraft manufacturing data, space mission records, astronaut medical data, and astrophysics research.",basic SQL,basic SQL with a simple select statement,analytics and reporting,"generating reports, dashboards, and analytical insights",What is the total mass (in kg) of all spacecraft manufactured by SpaceX?,"CREATE TABLE spacecraft (id INT, name VARCHAR(50), manufacturer VARCHAR(50), mass FLOAT); INSERT INTO spacecraft (id, name, manufacturer, mass) VALUES (3, 'Starship', 'SpaceX', 1250000.0); INSERT INTO spacecraft (id, name, manufacturer, mass) VALUES (4, 'Crew Dragon', 'SpaceX', 12000.0);",SELECT SUM(mass) FROM spacecraft WHERE manufacturer = 'SpaceX';,The SQL query calculates the total mass (in kg) of all spacecraft manufactured by SpaceX by filtering the spacecraft table for rows where the manufacturer column is 'SpaceX' and then using the SUM function to add up the mass values for those rows.
5246,cultural preservation,"In-depth data on heritage sites, traditional arts, language preservation, and community engagement in cultural preservation.",basic SQL,basic SQL with a simple select statement,analytics and reporting,"generating reports, dashboards, and analytical insights",Which natural heritage sites are located in Africa and are considered endangered?,"CREATE TABLE HeritageSites (SiteID INT PRIMARY KEY, Name VARCHAR(100), Category VARCHAR(50), Status VARCHAR(20), Region VARCHAR(50)); INSERT INTO HeritageSites (SiteID, Name, Category, Status, Region) VALUES (1, 'Victoria Falls', 'Natural', 'Vulnerable', 'Africa'), (2, 'Grand Canyon', 'Natural', 'Not Endangered', 'North America');",SELECT Name FROM HeritageSites WHERE Category = 'Natural' AND Status = 'Vulnerable' AND Region = 'Africa';,Select the names of natural heritage sites from the HeritageSites table where the status is vulnerable and the region is Africa.
5247,oceans,"Ocean data on marine conservation, ocean acidification, deep-sea exploration, and maritime safety.",basic SQL,basic SQL with a simple select statement,analytics and reporting,"generating reports, dashboards, and analytical insights",What is the average acidity level in the ocean?,"CREATE TABLE ocean_acidification (location TEXT, acidity FLOAT); INSERT INTO ocean_acidification (location, acidity) VALUES ('Caribbean Sea', 8.2), ('Pacific Ocean', 8.1), ('Atlantic Ocean', 8.0);",SELECT AVG(acidity) FROM ocean_acidification;,This query calculates the average acidity level in the ocean.
5248,energy,"Energy market data covering renewable energy sources, energy storage, carbon pricing, and energy efficiency.",basic SQL,basic SQL with a simple select statement,analytics and reporting,"generating reports, dashboards, and analytical insights",What is the total number of electric vehicles (in thousands) in China as of 2021?,"CREATE TABLE electric_vehicles (id INT, country TEXT, year INT, number_thousands FLOAT); INSERT INTO electric_vehicles (id, country, year, number_thousands) VALUES (1, 'China', 2020, 1500.1), (2, 'China', 2021, 1800.2);",SELECT SUM(number_thousands) FROM electric_vehicles WHERE country = 'China' AND year = 2021;,This query calculates the sum of the number_thousands column for all rows where the country is China and year is 2021.
5249,legal services,"Case outcomes, legal precedents, attorney performance metrics, client demographics, and billing information.",single join,"only one join (specify inner, outer, cross)",analytics and reporting,"generating reports, dashboards, and analytical insights",What is the total billing amount by case outcome?,"CREATE TABLE Cases (CaseID int, Outcome varchar(10), BillingID int); INSERT INTO Cases VALUES (1, 'Won', 1), (2, 'Won', 2), (3, 'Lost', 3), (4, 'Lost', 4); CREATE TABLE Billing (BillingID int, Amount decimal(10,2)); INSERT INTO Billing VALUES (1, 500.00), (2, 750.00), (3, 300.00), (4, 600.00);","SELECT C.Outcome, SUM(B.Amount) as TotalBilling FROM Cases C JOIN Billing B ON C.BillingID = B.BillingID GROUP BY C.Outcome;","The SQL query joins the Cases and Billing tables on BillingID, then groups by the Outcome field in the Cases table. It calculates the total billing amount by case outcome by summing the Amount field in the Billing table."
5250,technology,"Extensive data on ethical AI, technology for social good, digital divide, and technology accessibility.",subqueries,"subqueries, including correlated and nested subqueries",analytics and reporting,"generating reports, dashboards, and analytical insights",What is the percentage of technology for social good projects that address education?,"CREATE TABLE social_good_education (id INT, project_education VARCHAR(10)); INSERT INTO social_good_education (id, project_education) VALUES (1, 'yes'), (2, 'no'), (3, 'yes'), (4, 'yes'), (5, 'no'), (6, 'yes');",SELECT COUNT(*) * 100.0 / (SELECT COUNT(*) FROM social_good_education) AS percentage FROM social_good_education WHERE project_education = 'yes';,"This query calculates the percentage of technology for social good projects that address education. It uses a subquery to calculate the total number of projects, and then calculates the percentage of projects that address education. It uses the COUNT and WHERE clauses, as well as the WHERE clause to filter the results to only include projects that address education."
5251,finance,"Financial data on Shariah-compliant finance, socially responsible lending, financial capability, and financial wellbeing.",basic SQL,basic SQL with a simple select statement,analytics and reporting,"generating reports, dashboards, and analytical insights",How many financially capable individuals are there in Asia?,"CREATE TABLE financial_capability (id INT, individual_id INT, financially_capable BOOLEAN, country VARCHAR(50));",SELECT COUNT(*) FROM financial_capability WHERE financially_capable = TRUE AND country LIKE 'Asia%';,This query counts the number of financially capable individuals in Asia by selecting the COUNT function on the id column and filtering the data for financially_capable equal to TRUE and country starting with the string 'Asia'.
5252,food services,"Menu engineering, customer preferences, inventory management, and sustainability initiatives.",aggregation,"aggregation functions (COUNT, SUM, AVG, MIN, MAX, etc.), and HAVING clause",analytics and reporting,"generating reports, dashboards, and analytical insights",What is the total sales revenue for each menu category?,"CREATE TABLE menu (category VARCHAR(255), sales FLOAT); INSERT INTO menu (category, sales) VALUES ('Appetizers', 5000.00), ('Entrees', 12000.00), ('Desserts', 6000.00);","SELECT category, SUM(sales) FROM menu GROUP BY category;",The SQL query uses the SUM() function to add up the sales for each menu category and the GROUP BY clause to group the results by category.
5253,public health,"Community health statistics, infectious disease tracking data, healthcare access metrics, and public health policy analysis.",aggregation,"aggregation functions (COUNT, SUM, AVG, MIN, MAX, etc.), and HAVING clause",analytics and reporting,"generating reports, dashboards, and analytical insights",How many community health centers are there in each state?,"CREATE TABLE community_health_centers (center_id INT, center_name TEXT, state TEXT); INSERT INTO community_health_centers (center_id, center_name, state) VALUES (1, 'Hawaii Health & Human Services', 'HI'), (2, 'New York City Health & Hospitals', 'NY');","SELECT state, COUNT(*) FROM community_health_centers GROUP BY state;",This SQL query calculates the number of community health centers in each state by grouping the records by the 'state' column and counting the number of rows in each group using the COUNT() function.
5254,biotechnology,"Genetic research data, bioprocess engineering information, biotech startup funding, and biosensor technology development.",aggregation,"aggregation functions (COUNT, SUM, AVG, MIN, MAX, etc.), and HAVING clause",analytics and reporting,"generating reports, dashboards, and analytical insights",What are the top 3 biosensor technology patents by total citations in the UK?,"CREATE SCHEMA if not exists biosensor;CREATE TABLE if not exists biosensor.patents (id INT PRIMARY KEY, name VARCHAR(100), location VARCHAR(50), total_citations INT);INSERT INTO biosensor.patents (id, name, location, total_citations) VALUES (1, 'PatentX', 'UK', 150), (2, 'PatentY', 'USA', 200), (3, 'PatentZ', 'Canada', 120), (4, 'PatentW', 'UK', 170), (5, 'PatentV', 'France', 180), (6, 'PatentU', 'UK', 200);","SELECT name, total_citations FROM biosensor.patents WHERE location = 'UK' GROUP BY name ORDER BY total_citations DESC LIMIT 3;","This SQL query retrieves the top 3 biosensor technology patents by total citations in the UK by using the GROUP BY clause on the name column, and the ORDER BY clause with the total_citations column to sort the results in descending order. The query then limits the results to the top 3 using the LIMIT clause. The query also uses the WHERE clause to filter the rows based on the location column."
5255,public safety,"Crime statistics, emergency response times, community policing metrics, and disaster preparedness data.",window functions,"window functions (e.g., ROW_NUMBER, LEAD, LAG, RANk, NTILE, PERCENT_RANK, etc.) with partitioning and ordering",analytics and reporting,"generating reports, dashboards, and analytical insights",How many crimes were committed in each type of category?,"CREATE TABLE crimes (category VARCHAR(255), count INT); INSERT INTO crimes (category, count) VALUES ('Theft', 50), ('Assault', 30), ('Vandalism', 20);","SELECT category, SUM(count) OVER (PARTITION BY category) FROM crimes;",Calculate the total number of crimes committed in each category by partitioning the data by category.
5256,food industry,"Food safety records, nutrition data, supply chain transparency, and sustainable food trends.",basic SQL,basic SQL with a simple select statement,analytics and reporting,"generating reports, dashboards, and analytical insights",How many times has 'recalled' appeared in the 'recall_reports' table?,"CREATE TABLE recall_reports (report_id INT, report TEXT); INSERT INTO recall_reports (report_id, report) VALUES (1, 'The product has been recalled due to contamination.'), (2, 'No recalls have been issued for this product.'), (3, 'The company has issued a recall for this product.');",SELECT COUNT(*) as recall_count FROM recall_reports WHERE report LIKE '%recalled%';,The SQL query counts the number of times the word 'recalled' appears in the report column using the LIKE keyword and the COUNT function.
5257,technology,"Extensive data on ethical AI, technology for social good, digital divide, and technology accessibility.",basic SQL,basic SQL with a simple select statement,analytics and reporting,"generating reports, dashboards, and analytical insights",Who are the top 2 contributors to the digital divide in 2020?,"CREATE TABLE Digital_Divide (contributor VARCHAR(50), year INT, impact INT); INSERT INTO Digital_Divide (contributor, year, impact) VALUES ('Income Inequality', 2020, 8), ('Education Disparity', 2020, 7), ('Rural Internet Access', 2020, 6);",SELECT contributor FROM Digital_Divide WHERE year = 2020 ORDER BY impact DESC LIMIT 2;,This query lists the top 2 contributors to the digital divide in 2020 by sorting the data by impact in descending order and limiting the results to the top 2.
5258,defense security,"Detailed records on military technology, intelligence operations, national security, and cybersecurity strategies.",basic SQL,basic SQL with a simple select statement,data manipulation,"inserting, updating, or deleting records",Insert a new record for a military technology developed by Russia.,"CREATE TABLE military_tech (id INT, name VARCHAR(255), country VARCHAR(255), status VARCHAR(255));","INSERT INTO military_tech (id, name, country, status) VALUES (4, 'T-14 Armata', 'Russia', 'active');",This query inserts a new record into the military_tech table for a military technology developed by Russia. The new record includes the name 'T-14 Armata' and the status 'active'.
5259,aquaculture,"Aquatic farming data, fish stock management, ocean health metrics, and sustainable seafood trends.",single join,"only one join (specify inner, outer, cross)",analytics and reporting,"generating reports, dashboards, and analytical insights","What is the correlation between fish stock and ocean acidification levels in the Atlantic Ocean, considering the fish_stock and acidification_data tables?","CREATE TABLE fish_stock (date DATE, ocean TEXT, fish_population INTEGER); INSERT INTO fish_stock (date, ocean, fish_population) VALUES ('2018-01-01', 'Atlantic', 500000); INSERT INTO fish_stock (date, ocean, fish_population) VALUES ('2018-02-01', 'Atlantic', 495000); CREATE TABLE acidification_data (date DATE, ocean TEXT, acidification_level FLOAT); INSERT INTO acidification_data (date, ocean, acidification_level) VALUES ('2018-01-01', 'Atlantic', 8.2); INSERT INTO acidification_data (date, ocean, acidification_level) VALUES ('2018-02-01', 'Atlantic', 8.15);","SELECT correlation(fish_stock.fish_population, acidification_data.acidification_level) FROM fish_stock INNER JOIN acidification_data ON fish_stock.date = acidification_data.date AND fish_stock.ocean = acidification_data.ocean WHERE fish_stock.ocean = 'Atlantic';","Calculates the correlation between fish stock and ocean acidification levels in the Atlantic Ocean by performing a join on the fish_stock and acidification_data tables using the date and ocean columns. The correlation is calculated using the CORR function, and the WHERE clause filters the results to only include data from the Atlantic Ocean."
5260,aerospace,"Aircraft manufacturing data, satellite deployment projects, flight safety records, and space exploration research.",aggregation,"aggregation functions (COUNT, SUM, AVG, MIN, MAX, etc.), and HAVING clause",analytics and reporting,"generating reports, dashboards, and analytical insights",How many aircraft does each manufacturer have in the database?,"CREATE TABLE aircraft_manufacturer (id INTEGER, name TEXT); INSERT INTO aircraft_manufacturer (id, name) VALUES (1, 'Boeing'), (2, 'Airbus'), (3, 'Embraer'); CREATE TABLE aircraft (id INTEGER, manufacturer_id INTEGER, model TEXT); INSERT INTO aircraft (id, manufacturer_id, model) VALUES (1, 1, '747'), (2, 1, '777'), (3, 2, 'A320'), (4, 2, 'A350'), (5, 3, 'ERJ-145');","SELECT manufacturer_id, COUNT(*) FROM aircraft GROUP BY manufacturer_id;","This SQL query groups the aircraft table by the manufacturer_id column and then calculates the count of each group, effectively counting the number of aircraft for each manufacturer."
5261,fashion,"Trend forecasting data, garment manufacturing information, retail sales statistics, and sustainability metrics in the industry.",basic SQL,basic SQL with a simple select statement,analytics and reporting,"generating reports, dashboards, and analytical insights",Find the total revenue from sustainable garments in the last year.,"CREATE TABLE Sales(id INT, garment_id INT, sale_price FLOAT, sale_date DATE, is_sustainable BOOLEAN); INSERT INTO Sales(id, garment_id, sale_price, sale_date, is_sustainable) VALUES (1, 1, 100, '2022-01-01', true); INSERT INTO Sales(id, garment_id, sale_price, sale_date, is_sustainable) VALUES (2, 2, 75, '2022-02-15', false);","SELECT SUM(sale_price) FROM Sales WHERE is_sustainable = true AND sale_date >= DATEADD(year, -1, GETDATE());","This query calculates the total revenue from sustainable garments in the last year by filtering the Sales table where the is_sustainable flag is true and the sale_date is within the last year, and then applying the SUM function to the sale_price column."
5262,charitable organizations,"Financial data, program impact, donor demographics, and volunteer management.",aggregation,"aggregation functions (COUNT, SUM, AVG, MIN, MAX, etc.), and HAVING clause",analytics and reporting,"generating reports, dashboards, and analytical insights",What is the total donation amount for each gender?,"CREATE TABLE Donors (DonorID INT, DonorName VARCHAR(50), Age INT, Gender VARCHAR(10), DonationAmount DECIMAL(10,2)); INSERT INTO Donors (DonorID, DonorName, Age, Gender, DonationAmount) VALUES (5, 'Surae', 45, 'Female', 600.00), (6, 'Jamal', 50, 'Male', 800.00), (7, 'Priya', 32, 'Female', 700.00), (8, 'Thanh', 48, 'Male', 900.00), (9, 'Amira', 38, 'Female', 550.00);","SELECT Gender, SUM(DonationAmount) FROM Donors GROUP BY Gender;",This query groups the donors by their gender and calculates the total donation amount for each gender.
5263,oceanography,"Marine life research data, ocean floor mapping projects, pollution control initiatives, and maritime law compliance.",basic SQL,basic SQL with a simple select statement,analytics and reporting,"generating reports, dashboards, and analytical insights",What is the total number of fishing vessels in the Indian Ocean that are not compliant with maritime law?,"CREATE TABLE indian_ocean_fishingvessels (id INT, is_commercial BOOLEAN, is_compliant BOOLEAN);",SELECT SUM(CASE WHEN is_commercial = TRUE AND is_compliant = FALSE THEN 1 ELSE 0 END) FROM indian_ocean_fishingvessels;,This query calculates the total number of fishing vessels in the Indian Ocean that are not compliant with maritime law by summing the result of a case statement that checks whether the is_commercial column is true and the is_compliant column is false.
5264,chemicals,"Chemical manufacturing data, safety protocols, environmental impact assessments, and product innovation metrics.",basic SQL,basic SQL with a simple select statement,data manipulation,"inserting, updating, or deleting records",Update the safety score for production site A to 95.,"CREATE TABLE production_sites(id INT, site_name TEXT, safety_score INT); INSERT INTO production_sites (id, site_name, safety_score) VALUES (1, 'Site A', 90), (2, 'Site B', 85);",UPDATE production_sites SET safety_score = 95 WHERE site_name = 'Site A';,This query updates the safety score for production site A to 95 by filtering the rows in the production_sites table where the site_name is 'Site A' and then updating the safety_score column for those rows to 95.
5265,archeology,"Detailed records on excavation sites, artifact analysis, historical context, and public outreach in archeology.",basic SQL,basic SQL with a simple select statement,analytics and reporting,"generating reports, dashboards, and analytical insights",What is the average artifact age in the 'ArtifactAnalysis' table?,"CREATE TABLE ArtifactAnalysis (ID INT, Archeologist VARCHAR(50), Artifact VARCHAR(50), AnalysisDate DATE, ArtifactAge INT);",SELECT AVG(ArtifactAge) FROM ArtifactAnalysis;,The SQL query calculates the average artifact age by using the AVG function on the 'ArtifactAge' column from the 'ArtifactAnalysis' table.
5266,mental health,"In-depth data on mental health conditions, treatment approaches, patient outcomes, and public awareness campaigns in mental health.",aggregation,"aggregation functions (COUNT, SUM, AVG, MIN, MAX, etc.), and HAVING clause",analytics and reporting,"generating reports, dashboards, and analytical insights",Find the number of unique mental health conditions that have been treated with medication in each region.,"CREATE TABLE treatments (id INT, condition_id INT, medication BOOLEAN, region VARCHAR(50)); INSERT INTO treatments (id, condition_id, medication, region) VALUES (1, 1, TRUE, 'Asia'), (2, 1, FALSE, 'Europe'), (3, 2, TRUE, 'Asia'), (4, 2, TRUE, 'Europe');","SELECT region, COUNT(DISTINCT condition_id) FROM treatments WHERE medication = TRUE GROUP BY region;",The SQL query selects the 'region' column and the number of unique 'condition_id' values from the 'treatments' table where the 'medication' column is TRUE. The COUNT(DISTINCT) function is used to count the number of unique values in a column. The GROUP BY keyword is used to group the results by the 'region' column.
5267,automotive,"Vehicle safety testing results, autonomous driving research data, electric vehicle adoption statistics, and auto show information.",basic SQL,basic SQL with a simple select statement,analytics and reporting,"generating reports, dashboards, and analytical insights","List all auto show information for the United States, including the year and the number of attendees.","CREATE TABLE AutoShows (Year INT, Country VARCHAR(255), Attendees INT); INSERT INTO AutoShows (Year, Country, Attendees) VALUES (2018, 'US', 50000), (2019, 'US', 60000), (2020, 'US', 70000);","SELECT Year, Attendees FROM AutoShows WHERE Country = 'US';","This query lists all auto show information for the United States, including the year and the number of attendees. It does so by filtering the data for rows where the Country column is 'US'."
5268,rural development,"Agricultural innovation metrics, rural infrastructure projects, community development initiatives, and economic diversification efforts.",aggregation,"aggregation functions (COUNT, SUM, AVG, MIN, MAX, etc.), and HAVING clause",analytics and reporting,"generating reports, dashboards, and analytical insights","What is the average cost of rural infrastructure projects in the province of Punjab, Pakistan, by project type and year?","CREATE TABLE projects_pakistan (project_id INT, province TEXT, project_type TEXT, year INT, cost FLOAT); INSERT INTO projects_pakistan (project_id, province, project_type, year, cost) VALUES (1, 'Punjab', 'Roads', 2018, 500000), (2, 'Punjab', 'Bridges', 2019, 700000), (3, 'Punjab', 'Irrigation', 2020, 600000);","SELECT project_type, year, AVG(cost) as avg_cost FROM projects_pakistan WHERE province = 'Punjab' GROUP BY project_type, year;","This query calculates the average cost of rural infrastructure projects in the province of Punjab, Pakistan, by project type and year."
5269,arts and culture,"Audience demographics, event attendance, program impact, and funding sources.",basic SQL,basic SQL with a simple select statement,analytics and reporting,"generating reports, dashboards, and analytical insights",How many music events were organized in total?,"CREATE TABLE MusicEvents (id INT, year INT, event_type VARCHAR(20)); INSERT INTO MusicEvents (id, year, event_type) VALUES (1, 2017, 'Music'), (2, 2018, 'Music'), (3, 2019, 'Music'), (4, 2020, 'Music');",SELECT COUNT(*) FROM MusicEvents;,This query determines the total number of music events by counting all rows in the 'MusicEvents' table.
5270,philanthropy,"Philanthropy data on effective altruism, impact investing, philanthropic trends, and donor demographics.",single join,"only one join (specify inner, outer, cross)",analytics and reporting,"generating reports, dashboards, and analytical insights",How many donors are there from low-income countries?,"CREATE TABLE Donors (DonorID int, DonorName varchar(50), Country varchar(50)); INSERT INTO Donors (DonorID, DonorName, Country) VALUES (1, 'John Doe', 'United States'); INSERT INTO Donors (DonorID, DonorName, Country) VALUES (2, 'Jane Smith', 'Bangladesh'); INSERT INTO Donors (DonorID, DonorName, Country) VALUES (3, 'Alice Johnson', 'India');CREATE TABLE CountryIncome (Country varchar(50), IncomeLevel varchar(20)); INSERT INTO CountryIncome (Country, IncomeLevel) VALUES ('United States', 'High-income'); INSERT INTO CountryIncome (Country, IncomeLevel) VALUES ('Bangladesh', 'Low-income'); INSERT INTO CountryIncome (Country, IncomeLevel) VALUES ('India', 'Lower-middle-income');",SELECT COUNT(*) FROM Donors INNER JOIN CountryIncome ON Donors.Country = CountryIncome.Country WHERE CountryIncome.IncomeLevel = 'Low-income';,"The SQL query first joins the Donors and CountryIncome tables on the Country. It then filters the results to only include donors from low-income countries using the WHERE clause. Finally, it calculates the number of donors by using the COUNT function."
5271,gaming technology,"Player demographics, game design data, esports event information, and virtual reality technology adoption.",basic SQL,basic SQL with a simple select statement,analytics and reporting,"generating reports, dashboards, and analytical insights",What is the total revenue generated by mobile games in the last year?,"CREATE TABLE GameSales (GameID INT, GameType VARCHAR(10), Revenue INT, SaleDate DATE); INSERT INTO GameSales (GameID, GameType, Revenue, SaleDate) VALUES (1, 'Mobile', 1000, '2022-01-01'), (2, 'PC', 2000, '2022-01-02');","SELECT SUM(Revenue) FROM GameSales WHERE GameType = 'Mobile' AND SaleDate >= DATE_SUB(CURDATE(), INTERVAL 1 YEAR)",This SQL query calculates the total revenue generated by mobile games in the last year. It does so by using the SUM function to add up the revenue generated by mobile games and filtering the data using a WHERE clause to only consider sales that occurred in the last year.
5272,oceans,"Ocean data on marine conservation, ocean acidification, deep-sea exploration, and maritime safety.",basic SQL,basic SQL with a simple select statement,analytics and reporting,"generating reports, dashboards, and analytical insights","What is the total number of marine conservation initiatives in the Atlantic Ocean, and how many of these initiatives were led by non-governmental organizations?","CREATE TABLE marine_conservation (initiative_name TEXT, ocean TEXT, leader TEXT); INSERT INTO marine_conservation (initiative_name, ocean, leader) VALUES ('Initiative C', 'Atlantic Ocean', 'Greenpeace'); INSERT INTO marine_conservation (initiative_name, ocean, leader) VALUES ('Initiative D', 'Atlantic Ocean', 'World Wildlife Fund');","SELECT COUNT(*) AS total_initiatives, SUM(leader = 'Greenpeace' OR leader = 'World Wildlife Fund') AS ngo_led_initiatives FROM marine_conservation WHERE ocean = 'Atlantic Ocean';",The SQL query calculates the total number of marine conservation initiatives in the Atlantic Ocean and the number of these initiatives that were led by non-governmental organizations. It does this by using aggregate functions to count the total number of initiatives and sum the number of initiatives led by Greenpeace or the World Wildlife Fund in the marine_conservation table. The query filters the data to only include initiatives in the Atlantic Ocean.
5273,venture capital,"Company founding data, investment rounds, exit strategies, and diversity metrics in the startup ecosystem.",single join,"only one join (specify inner, outer, cross)",analytics and reporting,"generating reports, dashboards, and analytical insights",What is the total investment amount for each company in 2019?,"CREATE TABLE Company (id INT, name VARCHAR(50), HQ VARCHAR(50), diversity_score FLOAT); CREATE TABLE Investment (id INT, company_id INT, investor VARCHAR(50), investment_amount FLOAT, investment_date DATE); INSERT INTO Company (id, name, HQ, diversity_score) VALUES (4, 'Delta Inc', 'USA', 65.8); INSERT INTO Investment (id, company_id, investor, investment_amount, investment_date) VALUES (4, 4, 'Kleiner Perkins', 10000000, '2019-08-20');","SELECT Company.name, SUM(Investment.investment_amount) as total_investment FROM Company JOIN Investment ON Company.id = Investment.company_id WHERE YEAR(Investment.investment_date) = 2019 GROUP BY Company.name;",This query calculates the total investment amount for each company in the year 2019.
5274,healthcare,"Healthcare data on mental health parity, cultural competency, health equity metrics, and community health workers.",aggregation,"aggregation functions (COUNT, SUM, AVG, MIN, MAX, etc.), and HAVING clause",analytics and reporting,"generating reports, dashboards, and analytical insights",Find the number of unique health equity metrics for each community health worker in TX.,"CREATE TABLE health_equity_metrics (metric_id INT, worker_id INT, name VARCHAR(50)); INSERT INTO health_equity_metrics (metric_id, worker_id, name) VALUES (1, 1, 'Accessibility'), (2, 1, 'Quality of Care'), (3, 2, 'Accessibility'), (4, 2, 'Quality of Care'), (5, 2, 'Language Proficiency');","SELECT worker_id, COUNT(DISTINCT metric_id) FROM health_equity_metrics WHERE state = 'TX' GROUP BY worker_id;",This query selects the 'worker_id' column and the count of distinct 'metric_id' values for each 'worker_id' in the state of 'TX'.
5275,gaming industry,"Player analytics, game performance metrics, eSports data, and virtual reality trends.",single join,"only one join (specify inner, outer, cross)",analytics and reporting,"generating reports, dashboards, and analytical insights",What is the average K/D ratio for players from Japan?,"CREATE TABLE players (id INT, name VARCHAR(50), country VARCHAR(50)); CREATE TABLE games (id INT, player_id INT, kills INT, deaths INT); INSERT INTO players VALUES (1, 'Hiroshi Tanaka', 'Japan'); INSERT INTO players VALUES (2, 'Sophia Lee', 'USA'); INSERT INTO games VALUES (1, 1, 12, 6); INSERT INTO games VALUES (2, 1, 18, 4); INSERT INTO games VALUES (3, 2, 7, 3); INSERT INTO games VALUES (4, 2, 10, 5);","SELECT player_id, AVG(kills/deaths) as K_D_ratio FROM players INNER JOIN games ON players.id = games.player_id WHERE country = 'Japan' GROUP BY player_id;","This query first joins the 'players' table with the 'games' table on the 'player_id' column, and then filters the results to only include rows where the player's country is 'Japan'. It then calculates the average K/D ratio for each player by dividing the sum of kills by the sum of deaths."
5276,journalism,"News reporting data, audience demographics, media ethics information, and investigative journalism projects.",window functions,"window functions (e.g., ROW_NUMBER, LEAD, LAG, RANk, NTILE, PERCENT_RANK, etc.) with partitioning and ordering",analytics and reporting,"generating reports, dashboards, and analytical insights","What is the average word count of articles related to social justice issues in the United States, published in 2021 and 2022, partitioned by quarter?","CREATE TABLE articles (id INT, title TEXT, category TEXT, publish_date DATE, location TEXT, word_count INT); INSERT INTO articles (id, title, category, publish_date, location, word_count) VALUES (1, 'Social Justice Issue 1', 'social_justice', '2021-01-01', 'USA', 800), (2, 'Social Justice Issue 2', 'social_justice', '2022-06-05', 'USA', 1200);",SELECT AVG(word_count) OVER (PARTITION BY EXTRACT(YEAR_QUARTER FROM publish_date)) AS avg_word_count FROM articles WHERE category = 'social_justice' AND location = 'USA' AND YEAR(publish_date) BETWEEN 2021 AND 2022;,"Calculate the average word count of articles related to social justice issues in the United States, published in 2021 and 2022, partitioned by quarter."
5277,waste management,"Waste generation metrics, recycling rates, landfill capacity data, and circular economy initiatives.",basic SQL,basic SQL with a simple select statement,analytics and reporting,"generating reports, dashboards, and analytical insights",How many recycling centers are in the 'Urban' area with a capacity greater than 5000 tons?,"CREATE TABLE RecyclingCenters (id INT, area VARCHAR(20), capacity INT); INSERT INTO RecyclingCenters (id, area, capacity) VALUES (1, 'Urban', 6000);",SELECT COUNT(*) FROM RecyclingCenters WHERE area = 'Urban' AND capacity > 5000;,The SQL query counts the number of recycling centers in the 'Urban' area with a capacity greater than 5000 tons by selecting COUNT(*) from the 'RecyclingCenters' table where the 'area' column equals 'Urban' and the 'capacity' column is greater than 5000.
5278,space,"Space data on space exploration, satellite technology, space debris mitigation, and astrobiology.",basic SQL,basic SQL with a simple select statement,analytics and reporting,"generating reports, dashboards, and analytical insights",How many asteroids have been discovered in the Main Belt?,"CREATE TABLE asteroids (id INT, name VARCHAR(255), belt VARCHAR(255)); CREATE VIEW main_belt_asteroids AS SELECT * FROM asteroids WHERE belt = 'Main Belt';",SELECT COUNT(*) FROM main_belt_asteroids;,This query counts the number of asteroids in the Main Belt by using the COUNT() function and filtering the 'main_belt_asteroids' view with the 'belt' column.
5279,government services,"Public service delivery, budget allocation, citizen feedback, and policy impact.",single join,"only one join (specify inner, outer, cross)",analytics and reporting,"generating reports, dashboards, and analytical insights",How many public transportation trips were taken in urban areas compared to rural areas in 2020?,"CREATE TABLE Areas (id INT, type VARCHAR(50)); INSERT INTO Areas (id, type) VALUES (1, 'Urban'), (2, 'Rural'); CREATE TABLE Transportation_Trips (area_id INT, year INT, trips INT); INSERT INTO Transportation_Trips (area_id, year, trips) VALUES (1, 2020, 1000000), (2, 2020, 500000), (1, 2021, 1200000), (2, 2021, 600000);","SELECT A.type, SUM(TT.trips) as Total_Trips FROM Transportation_Trips TT JOIN Areas A ON TT.area_id = A.id WHERE TT.year = 2020 GROUP BY A.type;",This SQL query joins the Transportation_Trips table and the Areas table to get the types of areas. It then filters the data for the year 2020 and calculates the total number of public transportation trips taken in urban and rural areas.
5280,ethical fashion,"Extensive data on sustainable materials, fair labor practices, circular economy, and consumer awareness in ethical fashion.",aggregation,"aggregation functions (COUNT, SUM, AVG, MIN, MAX, etc.), and HAVING clause",analytics and reporting,"generating reports, dashboards, and analytical insights",What is the number of workers involved in sustainable labor practices by supplier?,"CREATE TABLE labor_practices (id INT, supplier VARCHAR(255), practice VARCHAR(255), num_workers INT); INSERT INTO labor_practices (id, supplier, practice, num_workers) VALUES (1, 'Supplier A', 'Fair Trade', 50), (2, 'Supplier B', 'Living Wage', 75), (3, 'Supplier C', 'Fair Trade', 100), (4, 'Supplier D', 'Living Wage', 125), (5, 'Supplier E', 'Fair Trade', 150);","SELECT supplier, SUM(num_workers) FROM labor_practices GROUP BY supplier;",This SQL query calculates the number of workers involved in sustainable labor practices by supplier by selecting the supplier and num_workers columns and then grouping the results by the supplier column and calculating the sum of the num_workers column for each group.
5281,archeology,"Detailed records on excavation sites, artifact analysis, historical context, and public outreach in archeology.",basic SQL,basic SQL with a simple select statement,data definition,"creating, altering, or dropping tables and other database objects","Create a table named 'artifacts' with columns: id, artifact_type, material, analysis_date.","CREATE TABLE excavations (id INT, location VARCHAR(255));","CREATE TABLE artifacts (id INT, artifact_type VARCHAR(255), material VARCHAR(255), analysis_date DATE);","The query creates a new table named 'artifacts' with columns id, artifact_type, material, and analysis_date."
5282,oceans,"Ocean data on marine conservation, ocean acidification, deep-sea exploration, and maritime safety.",aggregation,"aggregation functions (COUNT, SUM, AVG, MIN, MAX, etc.), and HAVING clause",analytics and reporting,"generating reports, dashboards, and analytical insights",How many deep-sea expeditions have been conducted by each country in the Atlantic and Indian oceans?,"CREATE TABLE deep_sea_expeditions (country TEXT, year INT, ocean TEXT); INSERT INTO deep_sea_expeditions (country, year, ocean) VALUES ('USA', 2010, 'Atlantic'), ('Brazil', 2011, 'Atlantic'), ('South Africa', 2012, 'Atlantic'), ('India', 2013, 'Atlantic'), ('France', 2014, 'Atlantic'), ('UK', 2015, 'Atlantic'), ('Germany', 2016, 'Atlantic'), ('Norway', 2017, 'Atlantic'), ('Spain', 2018, 'Atlantic'), ('Italy', 2019, 'Atlantic'), ('USA', 2010, 'Indian'), ('China', 2011, 'Indian'), ('Japan', 2012, 'Indian'), ('Indonesia', 2013, 'Indian'), ('Australia', 2014, 'Indian'), ('Canada', 2015, 'Indian'), ('Russia', 2016, 'Indian'), ('Malaysia', 2017, 'Indian'), ('Thailand', 2018, 'Indian'), ('Philippines', 2019, 'Indian');","SELECT country, COUNT(*) FROM deep_sea_expeditions WHERE ocean IN ('Atlantic', 'Indian') GROUP BY country;","This SQL query groups the rows in the deep_sea_expeditions table by the country column for rows where the ocean column is either 'Atlantic' or 'Indian' using the GROUP BY clause. For each group, the query calculates the count of rows using the COUNT function."
5283,civil engineering,"Infrastructure development data, engineering design standards, public works project information, and resilience metrics.",aggregation,"aggregation functions (COUNT, SUM, AVG, MIN, MAX, etc.), and HAVING clause",analytics and reporting,"generating reports, dashboards, and analytical insights","Calculate the average annual rainfall and total annual maintenance costs for bridges in the 'Northwest' region, for the past 5 years.","CREATE TABLE BridgeRainfall (    BridgeID INT,    Year INT,    Rainfall DECIMAL(10, 2),    MaintenanceCost DECIMAL(10, 2));","SELECT AVG(Rainfall) as AvgAnnualRainfall, SUM(MaintenanceCost) as TotalAnnualMaintenanceCost  FROM BridgeRainfall  WHERE Region = 'Northwest' AND Year >= YEAR(CURRENT_DATE) - 5 GROUP BY Year;","The SQL query filters the data for the 'Northwest' region and the past 5 years. It then groups the data by the 'Year' column, and calculates the average of the 'Rainfall' column and the sum of the 'MaintenanceCost' column for each group. The result is a list of average annual rainfall and total annual maintenance costs for bridges in the 'Northwest' region, for the past 5 years."
5284,aquaculture,"Aquatic farming data, fish stock management, ocean health metrics, and sustainable seafood trends.",basic SQL,basic SQL with a simple select statement,data manipulation,"inserting, updating, or deleting records",Insert a new record for a new species 'Kob' into the fish_species table,"CREATE TABLE fish_species (species_id INT, species VARCHAR(50), conservation_status VARCHAR(50));","INSERT INTO fish_species (species_id, species, conservation_status) VALUES (10, 'Kob', 'Least Concern');",This query inserts a new record for the species 'Kob' into the fish_species table with a conservation_status of 'Least Concern'.
5285,healthcare,"Healthcare data on mental health parity, cultural competency, health equity metrics, and community health workers.",window functions,"window functions (e.g., ROW_NUMBER, LEAD, LAG, RANk, NTILE, PERCENT_RANK, etc.) with partitioning and ordering",data manipulation,"inserting, updating, or deleting records",Delete the record of the community health worker with the lowest Age in 'AB' province.,"CREATE TABLE CommunityHealthWorkersCanada (WorkerID INT, Age INT, Gender VARCHAR(1), Province VARCHAR(2)); INSERT INTO CommunityHealthWorkersCanada (WorkerID, Age, Gender, Province) VALUES (1, 35, 'F', 'ON'), (2, 40, 'M', 'QC'), (3, 45, 'F', 'BC'), (4, 50, 'M', 'AB');","DELETE FROM CommunityHealthWorkersCanada WHERE WorkerID = (SELECT WorkerID FROM (SELECT WorkerID, ROW_NUMBER() OVER (PARTITION BY Province ORDER BY Age ASC) rn FROM CommunityHealthWorkersCanada) t WHERE t.rn = 1 AND t.Province = 'AB');","The SQL query uses a correlated subquery and the ROW_NUMBER() window function to identify the community health worker with the lowest Age in the 'AB' province, and then deletes the corresponding record using the DELETE statement with a subquery that matches the WorkerID of the worker with the lowest Age."
5286,government services,"Public service delivery, budget allocation, citizen feedback, and policy impact.",basic SQL,basic SQL with a simple select statement,analytics and reporting,"generating reports, dashboards, and analytical insights",Who provided feedback on the Housing policy?,"CREATE TABLE Policy_Feedback (Feedback_ID INT PRIMARY KEY, Council_ID INT, Policy_Area VARCHAR(30), Feedback VARCHAR(100)); INSERT INTO Policy_Feedback (Feedback_ID, Council_ID, Policy_Area, Feedback) VALUES (1, 1, 'Housing', 'More affordable housing needed'), (2, 2, 'Transportation', 'Improve public transportation'), (3, 3, 'Education', 'Increase funding for schools');",SELECT Council_ID FROM Policy_Feedback WHERE Policy_Area = 'Housing';,This query selects the Council_ID of all feedbacks related to the Housing policy.
5287,wildlife conservation,"Animal population data, habitat preservation efforts, and community education programs.",single join,"only one join (specify inner, outer, cross)",analytics and reporting,"generating reports, dashboards, and analytical insights",List all animal populations in African community education programs,"CREATE TABLE community_education_programs (id INT, program_name VARCHAR(255), location VARCHAR(255)); CREATE TABLE animal_populations (id INT, program_id INT, animal_type VARCHAR(255), population INT); INSERT INTO community_education_programs (id, program_name, location) VALUES (1, 'African Wildlife Initiative', 'Africa'), (2, 'Lion Guardians', 'Kenya'), (3, 'Gorilla Doctors', 'Rwanda'); INSERT INTO animal_populations (id, program_id, animal_type, population) VALUES (1, 1, 'Lion', 300), (2, 1, 'Elephant', 500), (3, 2, 'Lion', 200), (4, 3, 'Gorilla', 100);","SELECT community_education_programs.program_name, animal_populations.animal_type, animal_populations.population FROM community_education_programs INNER JOIN animal_populations ON community_education_programs.id = animal_populations.program_id WHERE community_education_programs.location = 'Africa';",This query lists all animal populations in African community education programs. It joins the 'community_education_programs' table with the 'animal_populations' table on the program_id field. It then filters the results to only include rows where the location is 'Africa'.
5288,gaming industry,"Player analytics, game performance metrics, eSports data, and virtual reality trends.",subqueries,"subqueries, including correlated and nested subqueries",analytics and reporting,"generating reports, dashboards, and analytical insights",Calculate the median score of user 7 for all games played,"CREATE TABLE game_scores (user_id INT, game_name VARCHAR(10), score INT); INSERT INTO game_scores (user_id, game_name, score) VALUES (7, 'B', 200), (7, 'C', 150), (7, 'A', 300), (7, 'D', 250), (7, 'D', 350);",SELECT AVG(score) FROM (SELECT score FROM game_scores WHERE user_id = 7 ORDER BY score LIMIT 2 OFFSET 2) AS median_scores;,This query calculates the median score where the user_id is 7 by finding the average score of the middle two records after sorting scores in ascending order.
5289,manufacturing,"Detailed records on ethical manufacturing, circular economy, workforce development, and industry 4.0.",single join,"only one join (specify inner, outer, cross)",analytics and reporting,"generating reports, dashboards, and analytical insights","List the machine IDs, types, and maintenance schedules for all machines in factories with unethical labor practices.","CREATE TABLE machines (machine_id INT, type TEXT, schedule TEXT); CREATE TABLE factories (factory_id INT, practices TEXT);","SELECT machines.machine_id, machines.type, machines.schedule FROM machines INNER JOIN factories ON machines.factory_id = factories.factory_id WHERE factories.practices = 'unethical';","This query uses an inner join to combine the machines and factories tables based on the factory_id column. It then filters for rows where the practices column in the factories table is equal to 'unethical'. The final result is a table with the machine_id, type, and schedule columns from the machines table for all machines in factories with unethical labor practices."
5290,fitness industry,"Workout data, membership demographics, wearable technology metrics, and wellness trends.",basic SQL,basic SQL with a simple select statement,analytics and reporting,"generating reports, dashboards, and analytical insights",Count the number of sessions longer than 60 minutes for users in the Western US?,"CREATE TABLE sessions (id INT, user_id INT, duration INT, region VARCHAR(10)); INSERT INTO sessions (id, user_id, duration, region) VALUES (1, 1, 45, 'West'), (2, 2, 75, 'East'), (3, 3, 62, 'Midwest'), (4, 1, 70, 'West'), (5, 2, 80, 'East');",SELECT COUNT(*) FROM sessions WHERE duration > 60 AND region = 'West';,"This query filters the sessions table for sessions longer than 60 minutes and in the Western US, and then counts the number of matching sessions."
5291,cosmetics,"Consumer preference data, ingredient sourcing information, product safety records, and cruelty-free certification metrics.",basic SQL,basic SQL with a simple select statement,data manipulation,"inserting, updating, or deleting records",Delete the product with ID 2,"CREATE TABLE products (id INT, name VARCHAR(255), category VARCHAR(255), price DECIMAL(10, 2)); INSERT INTO products (id, name, category, price) VALUES (1, 'Nourishing Face Cream', 'Organic', 25.99), (2, 'Revitalizing Serum', 'Natural', 34.99), (3, 'Soothing Eye Cream', 'Organic', 19.99);",DELETE FROM products WHERE id = 2;,This SQL query deletes the product with ID 2 by using the DELETE clause and filtering for the correct row with the WHERE clause.
5292,ethical fashion,"Extensive data on sustainable materials, fair labor practices, circular economy, and consumer awareness in ethical fashion.",basic SQL,basic SQL with a simple select statement,analytics and reporting,"generating reports, dashboards, and analytical insights",How many fair trade certified factories are there in Vietnam?,"CREATE TABLE FairTradeCertification (factory VARCHAR(50), certification VARCHAR(50)); INSERT INTO FairTradeCertification VALUES ('Factory1', 'Fair Trade'), ('Factory2', 'Not Certified'), ('Factory3', 'Fair Trade'), ('Factory4', 'Not Certified');",SELECT COUNT(*) FROM FairTradeCertification WHERE certification = 'Fair Trade';,"This query counts the number of fair trade certified factories in Vietnam. It does this by using the COUNT function, which returns the number of rows that match a specified condition. In this case, it's used with the WHERE clause to filter rows where the certification is fair trade."
5293,artificial intelligence,"AI data on algorithmic fairness, AI safety, explainable AI, and creative AI applications.",basic SQL,basic SQL with a simple select statement,analytics and reporting,"generating reports, dashboards, and analytical insights",What is the average number of AI safety incidents reported per month in Africa?,"CREATE TABLE incidents_by_month (incident_date DATE, incident_region TEXT, incident_count INTEGER); INSERT INTO incidents_by_month (incident_date, incident_region, incident_count) VALUES ('2021-01-01', 'Africa', 3), ('2021-02-01', 'Africa', 2), ('2021-03-01', 'Africa', 1);",SELECT AVG(incident_count) FROM incidents_by_month WHERE incident_region = 'Africa';,"The SQL query calculates the average number of AI safety incidents reported per month in Africa by using the AVG function on the incident_count column in the incidents_by_month table, filtered by the WHERE clause with the incident_region equal to 'Africa'."
5294,government policy,"Government data on open data initiatives, public participation, evidence-based policy making, and government transparency.",basic SQL,basic SQL with a simple select statement,analytics and reporting,"generating reports, dashboards, and analytical insights","What is the total number of public transportation projects in the ""projects"" table for projects with a budget less than $10 million?","CREATE TABLE projects (project_id INT, project_name VARCHAR(50), budget DECIMAL(10, 2), area VARCHAR(50)); INSERT INTO projects (project_id, project_name, budget, area) VALUES (1, 'ProjectT', 9000000.00, 'Urban'), (2, 'ProjectU', 7000000.00, 'Urban'), (3, 'ProjectV', 5000000.00, 'Urban');",SELECT COUNT(*) FROM projects WHERE budget < 10000000.00;,"The SQL query counts the total number of public transportation projects (COUNT function) in the ""projects"" table for projects with a budget less than $10 million."
5295,philanthropy,"Philanthropy data on effective altruism, impact investing, philanthropic trends, and donor demographics.",aggregation,"aggregation functions (COUNT, SUM, AVG, MIN, MAX, etc.), and HAVING clause",analytics and reporting,"generating reports, dashboards, and analytical insights",What are the top 3 causes by average donation amount?,"CREATE TABLE DonationsByCause (DonationID int, DonorID int, Amount float, Cause varchar(255)); INSERT INTO DonationsByCause VALUES (1,1,500000,'Education'); INSERT INTO DonationsByCause VALUES (2,2,300000,'Health'); INSERT INTO DonationsByCause VALUES (3,1,700000,'Environment');","SELECT Cause, AVG(Amount) as AverageDonation FROM DonationsByCause GROUP BY Cause ORDER BY AverageDonation DESC;",This SQL query groups the records in the DonationsByCause table by Cause and calculates the average donation amount for each cause. It then orders the results in descending order by the average donation amount.
5296,real estate,"Real estate data on inclusive housing policies, sustainable urbanism, property co-ownership, and housing affordability.",single join,"only one join (specify inner, outer, cross)",analytics and reporting,"generating reports, dashboards, and analytical insights",What is the total square footage of properties owned by each person?,"CREATE TABLE property (id INT, sqft INT, owner_id INT); CREATE TABLE person (id INT, name VARCHAR(50));","SELECT person.name, SUM(property.sqft) FROM person INNER JOIN property ON person.id = property.owner_id GROUP BY person.name;","This query calculates the total square footage of properties owned by each person. It uses an inner join between the 'property' and 'person' tables, based on their 'id' and 'owner_id' columns respectively. It also groups the result by the 'name' column of the 'person' table and calculates the sum of 'sqft' column values."
5297,mining operations,"Mining operation data, environmental impact stats, workforce diversity, and resource depletion metrics.",subqueries,"subqueries, including correlated and nested subqueries",analytics and reporting,"generating reports, dashboards, and analytical insights",What is the maximum number of employees in a department?,"CREATE TABLE Employees (EmployeeID INT, Department VARCHAR(20), Position VARCHAR(20), Age INT); INSERT INTO Employees (EmployeeID, Department, Position, Age) VALUES (1, 'Mining', 'Engineer', 35), (2, 'Mining', 'Engineer', 40), (3, 'HR', 'Engineer', 32); CREATE TABLE Department (Department VARCHAR(20), DepartmentHead VARCHAR(20)); INSERT INTO Department (Department, DepartmentHead) VALUES ('Mining', 'John'), ('HR', 'Jane'), ('IT', 'Peter');","SELECT MAX(CountPerDept) FROM (SELECT Department, COUNT(*) AS CountPerDept FROM Employees GROUP BY Department) AS Subquery;","We find the maximum number of employees in a department by grouping employees by department, counting the number of employees in each department, and selecting the maximum count."
5298,gaming technology,"Player demographics, game design data, esports event information, and virtual reality technology adoption.",set operations,"set operations such as UNION, INTERSECT, and EXCEPT",analytics and reporting,"generating reports, dashboards, and analytical insights",How many players from Africa and South America have adopted VR technology?,"CREATE TABLE players (player_id INT, age INT, platform VARCHAR(20), region VARCHAR(50)); INSERT INTO players (player_id, age, platform, region) VALUES (1, 25, 'PC', 'North America'), (2, 30, 'PSVR', 'Europe'), (3, 22, 'Oculus', 'Asia'), (4, 28, 'PC', 'Asia'), (5, 34, 'PSVR', 'South America'), (6, 32, 'Oculus', 'Africa'); CREATE TABLE vr_tech (player_id INT, vr_platform VARCHAR(20)); INSERT INTO vr_tech (player_id, vr_platform) VALUES (1, 'Oculus'), (3, 'PSVR'), (5, 'PSVR'), (6, 'Oculus');","SELECT 'Africa' AS continent, COUNT(DISTINCT p.player_id) AS num_players FROM players p JOIN vr_tech v ON p.player_id = v.player_id WHERE p.region = 'Africa' UNION ALL SELECT 'South America' AS continent, COUNT(DISTINCT p.player_id) AS num_players FROM players p JOIN vr_tech v ON p.player_id = v.player_id WHERE p.region = 'South America';",Combine the players and vr_tech tables and count the number of unique players who have adopted VR technology in Africa and South America.
5299,automotive,"Vehicle safety testing results, autonomous driving research data, electric vehicle adoption statistics, and auto show information.",basic SQL,basic SQL with a simple select statement,analytics and reporting,"generating reports, dashboards, and analytical insights",Show autonomous driving test results for vehicles that passed the 'High-Speed Autopilot' test in the AutonomousDriving table.,"CREATE TABLE AutonomousDriving (Id INT, Vehicle VARCHAR(50), Test VARCHAR(50), Result VARCHAR(50)); INSERT INTO AutonomousDriving (Id, Vehicle, Test, Result) VALUES (1, 'Tesla Model S', 'High-Speed Autopilot', 'Passed'), (2, 'Waymo', 'High-Speed Autopilot', 'Passed');",SELECT Vehicle FROM AutonomousDriving WHERE Test = 'High-Speed Autopilot' AND Result = 'Passed';,This query selects vehicles from the AutonomousDriving table that have passed the High-Speed Autopilot test.
5300,education,"Education data on student mental health, teacher professional development, open pedagogy, and lifelong learning.",aggregation,"aggregation functions (COUNT, SUM, AVG, MIN, MAX, etc.), and HAVING clause",analytics and reporting,"generating reports, dashboards, and analytical insights",How many students have enrolled in lifelong learning programs in each country?,"CREATE TABLE students_enrollment (id INT, student_id INT, country VARCHAR(255), enrollment_date DATE); INSERT INTO students_enrollment (id, student_id, country, enrollment_date) VALUES (1, 1, 'USA', '2021-08-01'), (2, 2, 'Canada', '2021-07-15'), (3, 3, 'USA', '2020-10-01');","SELECT country, COUNT(DISTINCT student_id) FROM students_enrollment WHERE enrollment_date >= DATEADD(year, -1, GETDATE()) GROUP BY country;",This query selects the country and count of distinct student_id from the students_enrollment table where enrollment_date is within the last year from the current date. The results are then grouped by country to show the number of students who have enrolled in lifelong learning programs in each country.
5301,fine arts,"In-depth data on art history, curation, exhibition, and cultural impact in the fine arts.",set operations,"set operations such as UNION, INTERSECT, and EXCEPT",analytics and reporting,"generating reports, dashboards, and analytical insights",What are the total number of works in the 'Artworks' and 'Exhibitions' tables?,"CREATE TABLE Artworks (ArtworkID INT, Title TEXT); INSERT INTO Artworks (ArtworkID, Title) VALUES (1, 'Guernica'), (2, 'The Starry Night'); CREATE TABLE Exhibitions (ExhibitionID INT, Title TEXT); INSERT INTO Exhibitions (ExhibitionID, Title) VALUES (1, 'Documenta'), (2, 'Venice Biennale');",SELECT COUNT(*) FROM Artworks UNION ALL SELECT COUNT(*) FROM Exhibitions;,"1. Use the UNION ALL operator to combine the number of rows (i.e., artworks and exhibitions) in the 'Artworks' and 'Exhibitions' tables."
5302,energy,"Energy market data covering renewable energy sources, energy storage, carbon pricing, and energy efficiency.",basic SQL,basic SQL with a simple select statement,analytics and reporting,"generating reports, dashboards, and analytical insights",What is the total energy stored in batteries in Japan and South Korea as of 2020?,"CREATE TABLE battery_storage (id INT, country VARCHAR(255), year INT, energy_stored INT); INSERT INTO battery_storage (id, country, year, energy_stored) VALUES (1, 'Japan', 2020, 7000), (2, 'South Korea', 2020, 8000);","SELECT SUM(energy_stored) FROM battery_storage WHERE country IN ('Japan', 'South Korea') AND year = 2020;",The query calculates the total energy stored in batteries in Japan and South Korea as of the year 2020.
5303,arts operations and management,"Data on art collections, cultural event attendance, artist demographics, museum operations, and heritage preservation efforts.",basic SQL,basic SQL with a simple select statement,analytics and reporting,"generating reports, dashboards, and analytical insights",Which art pieces were added to the museum collection after the year 2000?,"CREATE TABLE ArtPieces (ArtPieceID INT, Name TEXT, YearAdded INT); INSERT INTO ArtPieces (ArtPieceID, Name, YearAdded) VALUES (1, 'Starry Night', 1889); INSERT INTO ArtPieces (ArtPieceID, Name, YearAdded) VALUES (2, 'The Persistence of Memory', 1931); INSERT INTO ArtPieces (ArtPieceID, Name, YearAdded) VALUES (3, 'Guernica', 1937); INSERT INTO ArtPieces (ArtPieceID, Name, YearAdded) VALUES (4, 'The Starry Night Over the Rhone', 1888); INSERT INTO ArtPieces (ArtPieceID, Name, YearAdded) VALUES (5, 'Girl with a Pearl Earring', 1665);",SELECT Name FROM ArtPieces WHERE YearAdded > 2000;,The query selects the names of art pieces that were added to the museum collection after the year 2000 by filtering the ArtPieces table based on the YearAdded column. It is assumed that the YearAdded column represents the year in which the art piece was added to the museum collection.
5304,marine biology,"Comprehensive data on marine species, oceanography, conservation efforts, and climate change impacts in marine biology.",basic SQL,basic SQL with a simple select statement,analytics and reporting,"generating reports, dashboards, and analytical insights",Count the number of whale sharks (Rhincodon typus) in the Indo-Pacific region,"CREATE TABLE whale_sharks (id INT, species TEXT, region TEXT, count INT);",SELECT SUM(count) FROM whale_sharks WHERE species = 'Rhincodon typus' AND region = 'Indo-Pacific';,This query calculates the total number of whale sharks (Rhincodon typus) in the Indo-Pacific region by using the SUM function on the count column from the whale_sharks table.
5305,rare earth elements,"Rare earth element production data, market trends, environmental impact stats, and supply chain transparency.",basic SQL,basic SQL with a simple select statement,analytics and reporting,"generating reports, dashboards, and analytical insights",What is the total production quantity of ytterbium in Russia for the year 2016?,"CREATE TABLE YtterbiumProduction (country VARCHAR(20), year INT, quantity INT); INSERT INTO YtterbiumProduction (country, year, quantity) VALUES ('Russia', 2016, 60), ('Russia', 2017, 65);",SELECT SUM(quantity) FROM YtterbiumProduction WHERE country = 'Russia' AND year = 2016;,"This query calculates the total production quantity of ytterbium in Russia for the year 2016 by selecting the quantity column from the YtterbiumProduction table, filtering the rows where the country is 'Russia' and the year is 2016, and then computing the sum of the quantity values."
5306,charitable organizations,"Financial data, program impact, donor demographics, and volunteer management.",subqueries,"subqueries, including correlated and nested subqueries",analytics and reporting,"generating reports, dashboards, and analytical insights",What is the total amount donated by individual donors from 'USA' in 2021?,"CREATE TABLE donors (donor_id INT, donor_name TEXT, donation_amount DECIMAL(10,2), donation_date DATE); INSERT INTO donors (donor_id, donor_name, donation_amount, donation_date) VALUES (1, 'John Doe', 500, '2021-01-01');",SELECT SUM(donation_amount) FROM donors WHERE donor_name NOT IN (SELECT donor_name FROM donors WHERE donation_date < '2021-01-01' OR donation_date > '2021-12-31') AND donation_date BETWEEN '2021-01-01' AND '2021-12-31' AND donor_country = 'USA';,"The SQL query calculates the total amount donated by individual donors from 'USA' in 2021. It uses a subquery to exclude donors who have donated before or after 2021, and filters the results to only include donations from 'USA' in the specified date range. Finally, it sums the donation amounts to get the total."
5307,fitness industry,"Workout data, membership demographics, wearable technology metrics, and wellness trends.",basic SQL,basic SQL with a simple select statement,analytics and reporting,"generating reports, dashboards, and analytical insights",What is the total workout duration for users from Australia?,"CREATE TABLE Workout (user_id INT, workout_duration INT, country VARCHAR(50)); INSERT INTO Workout (user_id, workout_duration, country) VALUES (1, 30, 'Australia'), (2, 40, 'USA'), (3, 50, 'Australia'), (4, 60, 'Australia');",SELECT SUM(workout_duration) FROM Workout WHERE country = 'Australia';,This query calculates the total workout duration for users from Australia by selecting the sum of the workout_duration column for rows with the country value as 'Australia'.
5308,climate change,"Climate change data on climate mitigation, climate adaptation, climate finance, and climate communication.",basic SQL,basic SQL with a simple select statement,analytics and reporting,"generating reports, dashboards, and analytical insights","Which cities have a population greater than 5,000,000 in 'Africa'?","CREATE TABLE cities (id INT PRIMARY KEY, name VARCHAR(50), country VARCHAR(50), population INT, continent VARCHAR(50)); INSERT INTO cities (id, name, country, population, continent) VALUES (1, 'Cairo', 'Egypt', 9100000, 'Africa'); INSERT INTO cities (id, name, country, population, continent) VALUES (2, 'Lagos', 'Nigeria', 21000000, 'Africa');","SELECT cities.name, cities.population FROM cities WHERE cities.continent = 'Africa' AND cities.population > 5000000;","The SQL query selects the name and population of all cities in Africa with a population greater than 5,000,000 from the 'cities' table."
5309,hospitality technology,"Hotel tech adoption metrics, online travel agency data, virtual tour engagement stats, and hospitality AI trends.",basic SQL,basic SQL with a simple select statement,analytics and reporting,"generating reports, dashboards, and analytical insights",What is the average rating of hotels in 'Paris' on 'Booking.com'?,"CREATE TABLE Hotels (hotel_id INT, name TEXT, city TEXT, rating FLOAT); INSERT INTO Hotels (hotel_id, name, city, rating) VALUES (1, 'Hotel Ritz', 'Paris', 4.8), (2, 'Hotel George V', 'Paris', 4.9);",SELECT AVG(rating) FROM Hotels WHERE city = 'Paris';,This query calculates the average rating of hotels in Paris by using the AVG function on the rating column.
5310,restaurant operations,"Restaurant revenue data, menu engineering information, food safety inspection records, and sustainable sourcing practices.",single join,"only one join (specify inner, outer, cross)",analytics and reporting,"generating reports, dashboards, and analytical insights",Show the revenue breakdown by cuisine type and the number of restaurants offering each cuisine type.,"CREATE TABLE Restaurants (RestaurantID int, RestaurantName varchar(255), Cuisine varchar(255)); CREATE TABLE MenuItems (MenuID int, MenuName varchar(255), RestaurantID int, Sales int);","SELECT R.Cuisine, SUM(M.Sales) as TotalRevenue, COUNT(DISTINCT R.RestaurantID) as RestaurantCount FROM Restaurants R INNER JOIN MenuItems M ON R.RestaurantID = M.RestaurantID GROUP BY R.Cuisine;",The SQL query joins the Restaurants and MenuItems tables based on the RestaurantID. It then calculates the total revenue for each cuisine type and the number of restaurants offering each cuisine type by grouping by the cuisine type.
5311,arts and culture,"Audience demographics, event attendance, program impact, and funding sources.",basic SQL,basic SQL with a simple select statement,analytics and reporting,"generating reports, dashboards, and analytical insights",What is the total funding amount for arts and culture programs in 'California' by 'California Arts Council' in 2022?,"CREATE TABLE Funding (funding_source VARCHAR(20), region VARCHAR(20), total_funding DECIMAL(10,2)); INSERT INTO Funding (funding_source, region, total_funding) VALUES ('California Arts Council', 'California', 120000, 'Arts Foundation', 'California', 75000);",SELECT SUM(total_funding) FROM Funding WHERE funding_source = 'California Arts Council' AND region = 'California' AND YEAR(event_date) = 2022,"Filter records in the 'Funding' table to only include those with a funding source of 'California Arts Council', region of 'California', and year as 2022. Then calculate and return the total sum of total_funding."
5312,disability services,"Comprehensive data on disability accommodations, support programs, policy advocacy, and inclusion efforts in disability services.",subqueries,"subqueries, including correlated and nested subqueries",analytics and reporting,"generating reports, dashboards, and analytical insights","Display the distinct support programs offered in the Education faculty, excluding those also available in the Law faculty.","CREATE TABLE EducationPrograms (ProgramID INT, ProgramName VARCHAR(50)); CREATE TABLE LawPrograms (ProgramID INT, ProgramName VARCHAR(50)); INSERT INTO EducationPrograms VALUES (1, 'Tutoring Program'), (2, 'Mentoring Program'), (3, 'Accessible Learning Resources'), (4, 'Diversity Workshops'); INSERT INTO LawPrograms VALUES (2, 'Mentoring Program'), (3, 'Accessible Learning Resources'), (5, 'Legal Clinics');",SELECT ProgramName FROM EducationPrograms WHERE ProgramName NOT IN (SELECT ProgramName FROM LawPrograms);,This query uses a subquery and the NOT IN operator to return the distinct support programs in the Education faculty that are not offered in the Law faculty.
5313,transportation,"Transportation data on electric vehicle adoption, autonomous vehicles, public transportation systems, and multimodal mobility.",basic SQL,basic SQL with a simple select statement,data manipulation,"inserting, updating, or deleting records",Insert new records into the 'AutonomousVehicles' table for 3 self-driving taxis,"CREATE TABLE AutonomousVehicles (taxi_id INT, model VARCHAR(20), production_year INT, PRIMARY KEY (taxi_id));","INSERT INTO AutonomousVehicles (taxi_id, model, production_year) VALUES (100, 'RoboTaxi X1', 2020), (101, 'AutoCab Z5', 2021), (102, 'E-Hailer S7', 2022);","* This query inserts new records into the 'AutonomousVehicles' table for 3 self-driving taxis.* The INSERT INTO statement is used to add new rows to the table, and the VALUES clause specifies the column values for the new records."
5314,cultural preservation,"In-depth data on heritage sites, traditional arts, language preservation, and community engagement in cultural preservation.",single join,"only one join (specify inner, outer, cross)",analytics and reporting,"generating reports, dashboards, and analytical insights",What are the at-risk languages in North America and their associated cultural practices?,"CREATE TABLE Languages (id INT, language TEXT, status TEXT); INSERT INTO Languages (id, language, status) VALUES (1, 'Cherokee Language', 'At Risk'); CREATE TABLE CulturalPractices (id INT, language_id INT, practice TEXT); INSERT INTO CulturalPractices (id, language_id, practice) VALUES (1, 1, 'Powwow');","SELECT L.language, CP.practice FROM Languages L INNER JOIN CulturalPractices CP ON L.id = CP.language_id WHERE L.status = 'At Risk';",Join Languages and CulturalPractices tables on language_id and id respectively to get the at-risk languages in North America and their associated cultural practices.
5315,legal services,"Case outcomes, legal precedents, attorney performance metrics, client demographics, and billing information.",basic SQL,basic SQL with a simple select statement,analytics and reporting,"generating reports, dashboards, and analytical insights",What is the total billing amount for family cases?,"CREATE TABLE family_cases (case_id INT, billing_amount DECIMAL(10,2)); INSERT INTO family_cases (case_id, billing_amount) VALUES (1, 1000.00), (2, 2500.50), (3, 500.00);",SELECT SUM(billing_amount) FROM family_cases WHERE case_type = 'family';,"This SQL query calculates the total billing amount for family cases by using the SUM function on the billing_amount column, while filtering for cases with 'family' case_type."
5316,journalism,"News reporting data, audience demographics, media ethics information, and investigative journalism projects.",single join,"only one join (specify inner, outer, cross)",analytics and reporting,"generating reports, dashboards, and analytical insights",Find the top 5 most preferred news categories among male readers in the UK.,"CREATE TABLE readers (id INT, name VARCHAR(50), preferred_category VARCHAR(20)); CREATE TABLE readership (reader_id INT, article_id INT, gender VARCHAR(10), country VARCHAR(50)); INSERT INTO readers (id, name, preferred_category) VALUES (1, 'John Doe', 'Sports'); INSERT INTO readership (reader_id, article_id, gender, country) VALUES (1, 1, 'Male', 'UK');","SELECT r.preferred_category, COUNT(*) FROM readers r JOIN readership re ON r.id = re.reader_id WHERE re.gender = 'Male' AND re.country = 'UK' GROUP BY r.preferred_category ORDER BY COUNT(*) DESC LIMIT 5","This query finds the top 5 most preferred news categories among male readers in the UK. It does so by using a join to combine the readers and readership tables on the reader_id column. It then filters the results to only include rows where the gender is 'Male' and the country is 'UK'. It then groups the results by the preferred_category column and counts the number of rows in each group. Finally, it orders the results by the count in descending order and limits the results to the top 5."
5317,automotive,"Vehicle safety testing results, autonomous driving research data, electric vehicle adoption statistics, and auto show information.",basic SQL,basic SQL with a simple select statement,analytics and reporting,"generating reports, dashboards, and analytical insights",What is the total horsepower of electric vehicles in the 'green_vehicles' table?,"CREATE TABLE green_vehicles (make VARCHAR(50), model VARCHAR(50), year INT, horsepower DECIMAL(5,1));",SELECT SUM(horsepower) FROM green_vehicles WHERE make = 'Tesla' OR make = 'Rivian';,"This query calculates the total horsepower of electric vehicles produced by Tesla and Rivian in the 'green_vehicles' table. It only considers rows with 'make' equal to 'Tesla' or 'Rivian', and sums the 'horsepower' column for those filtered rows using the SUM() function."
5318,space,"Space data on space exploration, satellite technology, space debris mitigation, and astrobiology.",basic SQL,basic SQL with a simple select statement,data manipulation,"inserting, updating, or deleting records",Delete space debris with a diameter smaller than 10 cm.,"CREATE TABLE space_debris (id INT, name VARCHAR(50), diameter FLOAT); INSERT INTO space_debris VALUES (1, 'Debris-1', 5.3);",DELETE FROM space_debris WHERE diameter < 10;,The query simply deletes all records where the diameter is smaller than 10 cm.
5319,telecommunications,"Mobile and broadband subscriber data, network infrastructure investments, customer usage patterns, and regulatory compliance information.",single join,"only one join (specify inner, outer, cross)",analytics and reporting,"generating reports, dashboards, and analytical insights",What is the total number of mobile customers and broadband customers in each country?,"CREATE TABLE mobile_customers_global (customer_id INT, country VARCHAR(50)); CREATE TABLE broadband_customers_global (customer_id INT, country VARCHAR(50)); INSERT INTO mobile_customers_global (customer_id, country) VALUES (16, 'US'), (17, 'CA'), (18, 'MX'), (19, 'CA'), (20, 'US'); INSERT INTO broadband_customers_global (customer_id, country) VALUES (21, 'US'), (22, 'CA'), (23, 'MX'), (24, 'CA'), (25, 'US');","SELECT country, COUNT(DISTINCT mobile_customers_global.customer_id) + COUNT(DISTINCT broadband_customers_global.customer_id) FROM mobile_customers_global FULL OUTER JOIN broadband_customers_global ON mobile_customers_global.country = broadband_customers_global.country GROUP BY country;",The SQL query calculates the total number of mobile customers and broadband customers in each country. It does this by performing a FULL OUTER JOIN between the mobile_customers_global and broadband_customers_global tables on the country column. It then calculates the count of distinct customer_id values for each table and adds them together for each unique value in the country column.
5320,beauty industry,"Cosmetics sales data, beauty product ingredient transparency, consumer preferences, and sustainability metrics.",aggregation,"aggregation functions (COUNT, SUM, AVG, MIN, MAX, etc.), and HAVING clause",analytics and reporting,"generating reports, dashboards, and analytical insights",List the number of products in each subcategory of makeup.,"CREATE TABLE makeup_products (product_id INTEGER, product_subcategory VARCHAR(20)); INSERT INTO makeup_products (product_id, product_subcategory) VALUES (1, 'Lipstick'), (2, 'Eyeshadow'), (3, 'Mascara'), (4, 'Foundation'), (5, 'Blush');","SELECT product_subcategory, COUNT(*) FROM makeup_products GROUP BY product_subcategory;",This SQL query lists the number of products in each subcategory of makeup by counting the number of rows for each product_subcategory and grouping by product_subcategory.
5321,fine arts,"In-depth data on art history, curation, exhibition, and cultural impact in the fine arts.",window functions,"window functions (e.g., ROW_NUMBER, LEAD, LAG, RANk, NTILE, PERCENT_RANK, etc.) with partitioning and ordering",analytics and reporting,"generating reports, dashboards, and analytical insights",Identify the 5 earliest artworks (creation date) for each artist.,"CREATE TABLE Artists (id INT, name TEXT); CREATE TABLE Artworks (id INT, artist_id INT, name TEXT, creation_date DATE);","SELECT artist_id, name, creation_date FROM (SELECT artist_id, name, creation_date, ROW_NUMBER() OVER (PARTITION BY artist_id ORDER BY creation_date ASC) as rn FROM Artworks) t WHERE rn <= 5;","Partition the data by artist_id, order it by creation date in ascending order, and assign row numbers within each partition. Select the artist_id, name, and creation_date columns of the top 5 rows in each partition."
5322,cybersecurity,"Threat intelligence data, vulnerability assessments, security incident response metrics, and cybersecurity policy analysis.",single join,"only one join (specify inner, outer, cross)",analytics and reporting,"generating reports, dashboards, and analytical insights","Which threat actors have been active in North America in the last 30 days, and what is the number of incidents they have been involved in?","CREATE TABLE incidents (id INT, date DATE, category VARCHAR(20), source_ip VARCHAR(15), target_ip VARCHAR(15)); CREATE TABLE threat_actors (id INT, date DATE, type VARCHAR(20), location VARCHAR(30)); INSERT INTO incidents (id, date, category, source_ip, target_ip) VALUES (1, '2021-01-01', 'malware', '192.168.1.100', '8.8.8.8'); INSERT INTO threat_actors (id, date, type, location) VALUES (1, '2021-01-01', 'APT', 'Canada');","SELECT threat_actors.type, COUNT(*) as incident_count FROM threat_actors JOIN incidents ON threat_actors.date = incidents.date WHERE threat_actors.location = 'North America' AND incidents.date >= (CURRENT_DATE - INTERVAL '30' DAY) GROUP BY threat_actors.type;",This query calculates the number of incidents each threat actor has been involved in North America in the last 30 days by using the COUNT() aggregate function to count the number of incidents for each threat actor and the WHERE clause to filter the data based on the location and date. The JOIN clause JOins the incidents and threat_actors tables on the date column to get the relevant data.
5323,nonprofit operations,"Donation records, program outcomes, volunteer engagement metrics, budget reports, and community impact assessments.",basic SQL,basic SQL with a simple select statement,analytics and reporting,"generating reports, dashboards, and analytical insights",What is the total budget allocated for disaster relief programs in the last two years?,"CREATE TABLE Programs (ProgramID INT, ProgramName TEXT, Budget DECIMAL(10,2), FocusArea TEXT, StartDate DATE, EndDate DATE);","SELECT SUM(Budget) FROM Programs WHERE FocusArea = 'Disaster Relief' AND StartDate <= GETDATE() AND EndDate >= DATEADD(year, -2, GETDATE());",This query calculates the total budget allocated for disaster relief programs in the last two years. It does this by summing the Budget column for all rows where the FocusArea is 'Disaster Relief' and the StartDate is on or before today's date and the EndDate is on or after two years ago.
5324,telecommunications,"Mobile and broadband subscriber data, network infrastructure investments, customer usage patterns, and regulatory compliance information.",subqueries,"subqueries, including correlated and nested subqueries",analytics and reporting,"generating reports, dashboards, and analytical insights","Find the total data usage for the bottom 2 states with the lowest data usage in the ""mountainous"" region.","CREATE TABLE state_usage (state VARCHAR(10), total_data_usage INT); INSERT INTO state_usage (state, total_data_usage) VALUES ('NV', 15000), ('UT', 12000), ('CO', 10000), ('WY', 8000), ('ID', 7000);","SELECT state, SUM(total_data_usage) FROM (SELECT state, total_data_usage FROM state_usage WHERE state IN (SELECT state FROM state_usage WHERE total_data_usage = (SELECT MIN(total_data_usage) FROM state_usage) ORDER BY RAND() LIMIT 2) ORDER BY total_data_usage DESC) subquery GROUP BY state;","Find the bottom 2 states with the lowest data usage in the mountainous region, calculate their total data usage, and display the result grouped by state."
5325,music industry,"Music streaming data, concert ticket sales, artist demographics, and music festival trends.",basic SQL,basic SQL with a simple select statement,analytics and reporting,"generating reports, dashboards, and analytical insights",Which rock concert had the highest ticket sales in Asia in 2019?,"CREATE TABLE TicketSales (ConcertID INT, Title VARCHAR(255), Genre VARCHAR(255), Venue VARCHAR(255), Country VARCHAR(255), Year INT, TicketSales INT); INSERT INTO TicketSales VALUES (1, 'Woodstock', 'Rock', 'Bethel Woods Center for the Arts', 'USA', 1969, 500000); INSERT INTO TicketSales VALUES (2, 'Live Aid', 'Rock', 'Multiple', 'UK', 1985, 170000); INSERT INTO TicketSales VALUES (3, 'Reading Festival', 'Rock', 'Richfield Avenue', 'UK', 2019, 100000);","SELECT Title, MAX(TicketSales) FROM TicketSales WHERE Genre = 'Rock' AND Country = 'Asia' AND Year = 2019;","This SQL query identifies the rock concert with the highest ticket sales in Asia in 2019 in the TicketSales table. It filters the records using the WHERE clause to only include rock concerts from Asia in 2019, then applies the MAX function to find the concert with the highest ticket sales."
5326,rural development,"Agricultural innovation metrics, rural infrastructure projects, community development initiatives, and economic diversification efforts.",basic SQL,basic SQL with a simple select statement,analytics and reporting,"generating reports, dashboards, and analytical insights",What was the total economic diversification investment in Nigeria in 2019?,"CREATE TABLE economic_diversification (project_id INT, country TEXT, project TEXT, investment INT, year INT); INSERT INTO economic_diversification (project_id, country, project, investment, year) VALUES (1, 'Nigeria', 'Renewable energy', 1000000, 2018), (2, 'Nigeria', 'Education', 1200000, 2019), (3, 'Nigeria', 'Healthcare', 1400000, 2020);",SELECT SUM(investment) FROM economic_diversification WHERE country = 'Nigeria' AND year = 2019;,This query filters the economic_diversification table for the records with country as Nigeria and year as 2019 and calculates the sum of investment for such records.
5327,mental health,"In-depth data on mental health conditions, treatment approaches, patient outcomes, and public awareness campaigns in mental health.",single join,"only one join (specify inner, outer, cross)",analytics and reporting,"generating reports, dashboards, and analytical insights",What is the average age of patients who have completed the recovery program for depression in Canada?,"CREATE TABLE patients (patient_id INT, age INT, condition VARCHAR(50), country VARCHAR(50)); INSERT INTO patients (patient_id, age, condition, country) VALUES (1, 35, 'Depression', 'Canada'); CREATE TABLE recovery_program (program_id INT, patient_id INT, completion_date DATE); INSERT INTO recovery_program (program_id, patient_id, completion_date) VALUES (1, 1, '2020-03-01');",SELECT AVG(patients.age) FROM patients JOIN recovery_program ON patients.patient_id = recovery_program.patient_id WHERE patients.condition = 'Depression' AND patients.country = 'Canada';,"Join the patients and recovery_program tables on the patient_id field. Filter for patients with a condition of 'Depression' and from Canada. Finally, calculate the average age of patients who have completed the recovery program."
5328,rural health,"Detailed records on healthcare access, disease prevalence, and resource allocation in rural health.",basic SQL,basic SQL with a simple select statement,analytics and reporting,"generating reports, dashboards, and analytical insights","List the unique types of healthcare facilities in the rural healthcare system, excluding mobile clinics.","CREATE TABLE Hospitals (ID INT, Name TEXT, Location TEXT, Type TEXT); INSERT INTO Hospitals VALUES (1, 'Rural General Hospital', 'Smalltown', 'Hospital'); INSERT INTO Hospitals VALUES (2, 'Rural Health Clinic', 'Village', 'Clinic'); INSERT INTO Hospitals VALUES (3, 'Mobile Medical Unit', 'Rural Area', 'Clinic');",SELECT DISTINCT Type FROM Hospitals WHERE Type != 'Mobile Clinic';,"This query selects distinct Type values from the Hospitals table, excluding rows where the Type is 'Mobile Clinic'."
5329,legal services,"Case outcomes, legal precedents, attorney performance metrics, client demographics, and billing information.",basic SQL,basic SQL with a simple select statement,analytics and reporting,"generating reports, dashboards, and analytical insights",What is the maximum billing rate for attorneys in the 'corporate' department?,"CREATE TABLE attorneys (id INT, name VARCHAR(50), department VARCHAR(50), billing_rate DECIMAL(5,2)); INSERT INTO attorneys (id, name, department, billing_rate) VALUES (1, 'John Doe', 'corporate', 400.00), (2, 'Jane Smith', 'corporate', 450.00), (3, 'Bob Johnson', 'litigation', 300.00);",SELECT MAX(billing_rate) FROM attorneys WHERE department = 'corporate';,"This SQL query finds the maximum billing rate for attorneys in the 'corporate' department. It does this by using the MAX() function on the 'billing_rate' column, and filtering the 'attorneys' table for rows where the 'department' column is equal to 'corporate'."
5330,civil engineering,"Infrastructure development data, engineering design standards, public works project information, and resilience metrics.",aggregation,"aggregation functions (COUNT, SUM, AVG, MIN, MAX, etc.), and HAVING clause",analytics and reporting,"generating reports, dashboards, and analytical insights","What is the maximum water flow rate for dams in California, categorized by dam type and reservoir capacity?","CREATE TABLE Dams (id INT, state VARCHAR(2), dam_type VARCHAR(10), reservoir_capacity FLOAT, water_flow_rate FLOAT); INSERT INTO Dams (id, state, dam_type, reservoir_capacity, water_flow_rate) VALUES (1, 'CA', 'Concrete', 1000000, 5000), (2, 'CA', 'Earth', 500000, 3000), (3, 'CA', 'Rockfill', 800000, 4000);","SELECT dam_type, reservoir_capacity, MAX(water_flow_rate) FROM Dams WHERE state = 'CA' GROUP BY dam_type, reservoir_capacity;","This query calculates the maximum water flow rate for dams in California, categorized by dam type and reservoir capacity. It groups the data by dam type and reservoir capacity, then calculates the maximum water flow rate for each group."
5331,space,"Space data on space exploration, satellite technology, space debris mitigation, and astrobiology.",basic SQL,basic SQL with a simple select statement,analytics and reporting,"generating reports, dashboards, and analytical insights",How many satellites were launched by Japan?,"CREATE TABLE Satellite_Launches (Launch_ID INT, Country VARCHAR(50), Satellite_Name VARCHAR(50), Launch_Year INT, PRIMARY KEY (Launch_ID)); INSERT INTO Satellite_Launches (Launch_ID, Country, Satellite_Name, Launch_Year) VALUES (1, 'Japan', 'H-II Transfer Vehicle-7', 2015), (2, 'Japan', 'EGS', 2020), (3, 'Japan', 'KhalifaSat', 2018);",SELECT COUNT(*) FROM Satellite_Launches WHERE Country = 'Japan';,The SQL query counts the number of satellites launched by Japan.
5332,insurance,"Underwriting data, claims processing information, risk assessment models, and policyholder demographics.",single join,"only one join (specify inner, outer, cross)",analytics and reporting,"generating reports, dashboards, and analytical insights",Determine the top 3 cities with the highest average claim amount for health insurance policies.,"CREATE TABLE claims (claim_id INT, policy_id INT, claim_amount DECIMAL(10,2), city VARCHAR(50), policy_type VARCHAR(50)); CREATE TABLE policies (policy_id INT, policy_holder_id INT, policy_type VARCHAR(50), issue_date DATE);","SELECT c.city, AVG(claim_amount) FROM claims c JOIN policies p ON c.policy_id = p.policy_id WHERE policy_type = 'health' GROUP BY c.city ORDER BY AVG(claim_amount) DESC LIMIT 3;","We start by selecting the city and averaging the claim_amount from the claims table. We then join the policies table using the policy_id. We filter for health policies by using the WHERE clause with the condition on policy_type. Next, we group the results by city and order them by the average claim_amount in descending order. Finally, we apply the LIMIT clause to get the top 3 cities with the highest average claim amount for health insurance policies."
5333,marine biology,"Comprehensive data on marine species, oceanography, conservation efforts, and climate change impacts in marine biology.",basic SQL,basic SQL with a simple select statement,analytics and reporting,"generating reports, dashboards, and analytical insights",Get the minimum surface salinity in the Arctic Ocean,"CREATE TABLE ocean_salinity (id INT, location TEXT, salinity REAL);",SELECT MIN(salinity) FROM ocean_salinity WHERE location = 'Arctic Ocean';,This query finds the minimum surface salinity in the Arctic Ocean by using the MIN function on the salinity column from the ocean_salinity table.
5334,logistics,"Freight forwarding data, warehouse management statistics, route optimization information, and reverse logistics metrics.",single join,"only one join (specify inner, outer, cross)",analytics and reporting,"generating reports, dashboards, and analytical insights",What is the earliest transaction date for 'VendorW' in the reverse logistics domain?,"CREATE TABLE Vendors (VendorID VARCHAR(20), VendorName VARCHAR(20)); INSERT INTO Vendors (VendorID, VendorName) VALUES ('X', 'VendorX'), ('W', 'VendorW'); CREATE TABLE ReverseLogisticsTransactions (TransactionID INT, VendorID VARCHAR(20), TransactionStatus VARCHAR(20), TransactionDate DATE); INSERT INTO ReverseLogisticsTransactions (TransactionID, VendorID, TransactionStatus, TransactionDate) VALUES (4, 'W', 'Returned', '2022-01-04');",SELECT MIN(ReverseLogisticsTransactions.TransactionDate) AS EarliestTransactionDate FROM ReverseLogisticsTransactions JOIN Vendors ON ReverseLogisticsTransactions.VendorID = Vendors.VendorID WHERE Vendors.VendorName = 'VendorW';,Join the Vendors and ReverseLogisticsTransactions tables based on the VendorID. Filter for the specified vendor name and return the earliest transaction date.
5335,rural development,"Agricultural innovation metrics, rural infrastructure projects, community development initiatives, and economic diversification efforts.",basic SQL,basic SQL with a simple select statement,analytics and reporting,"generating reports, dashboards, and analytical insights",What was the total amount of funding received by women-led agricultural projects in Kenya in 2020?,"CREATE TABLE Agricultural_Projects (Project_ID INT, Project_Name TEXT, Location TEXT, Funding_Received DECIMAL, Led_By TEXT, Year INT); INSERT INTO Agricultural_Projects (Project_ID, Project_Name, Location, Funding_Received, Led_By, Year) VALUES (1, 'Precision Farming Initiative', 'Kenya', 50000, 'Women', 2020);",SELECT SUM(Funding_Received) FROM Agricultural_Projects WHERE Led_By = 'Women' AND Year = 2020 AND Location = 'Kenya';,"This query calculates the total amount of funding received by women-led agricultural projects in Kenya during 2020. It filters the Agricultural_Projects table by the specified conditions (Led_By = 'Women', Year = 2020, and Location = 'Kenya') and then sums the Funding_Received column values for the selected records."
5336,social media,"Extensive data on user behavior, content trends, advertising performance, and data privacy in social media.",basic SQL,basic SQL with a simple select statement,analytics and reporting,"generating reports, dashboards, and analytical insights","What is the total number of likes and comments on posts mentioning the brand ""Tesla"" in the automotive industry, in Germany, in the past month?","CREATE TABLE posts (id INT, user_id INT, brand_mentioned VARCHAR(255), likes INT, comments INT, post_time DATETIME);","SELECT SUM(likes + comments) FROM posts WHERE brand_mentioned = 'Tesla' AND industry = 'automotive' AND country = 'Germany' AND post_time > DATE_SUB(NOW(), INTERVAL 1 MONTH);","The SQL query calculates the total number of likes and comments on posts in the posts table where the brand_mentioned is 'Tesla', the industry is 'automotive', the country is 'Germany', and the post_time is within the past month. It calculates the total by summing the likes and comments columns."
5337,human resources,"Employee demographics, talent acquisition data, diversity and inclusion metrics, and training program statistics.",basic SQL,basic SQL with a simple select statement,analytics and reporting,"generating reports, dashboards, and analytical insights",What is the maximum salary for employees who identify as veterans?,"CREATE TABLE Employees (EmployeeID INT, Gender VARCHAR(10), VeteranStatus VARCHAR(10), Salary INT); INSERT INTO Employees (EmployeeID, Gender, VeteranStatus, Salary) VALUES (1, 'Male', 'Veteran', 80000); INSERT INTO Employees (EmployeeID, Gender, VeteranStatus, Salary) VALUES (2, 'Female', 'Non-veteran', 75000);",SELECT MAX(Salary) FROM Employees WHERE VeteranStatus = 'Veteran';,This query finds the maximum salary for employees who identify as veterans. It uses the MAX function to find the highest salary and the WHERE clause to filter for employees who are veterans.
5338,pharmaceuticals,"Clinical trial outcomes, drug approval data, sales figures, R&D expenditures, and market access strategies.",basic SQL,basic SQL with a simple select statement,analytics and reporting,"generating reports, dashboards, and analytical insights",How many clinical trials were conducted by 'CompanyZ' between 2017 and 2019?,"CREATE TABLE sponsor_trials(sponsor_name TEXT, trial_id INT, trial_year INT); INSERT INTO sponsor_trials(sponsor_name, trial_id, trial_year) VALUES('CompanyZ', 1, 2017);",SELECT COUNT(*) FROM sponsor_trials WHERE sponsor_name = 'CompanyZ' AND trial_year BETWEEN 2017 AND 2019;,This query counts the number of trials where sponsor_name is 'CompanyZ' and trial_year is between 2017 and 2019.
5339,ethical fashion,"Extensive data on sustainable materials, fair labor practices, circular economy, and consumer awareness in ethical fashion.",aggregation,"aggregation functions (COUNT, SUM, AVG, MIN, MAX, etc.), and HAVING clause",analytics and reporting,"generating reports, dashboards, and analytical insights","Show the number of times each material is used in the entire dataset, excluding 'Organic Cotton' and 'Recycled Polyester', ordered from most used to least used?","CREATE TABLE Materials (Material VARCHAR(50), Quantity INT);INSERT INTO Materials (Material, Quantity) VALUES ('Organic Cotton', 5000), ('Recycled Polyester', 2500), ('Hemp', 1500), ('Tencel', 1800), ('Organic Silk', 1000);","SELECT Material, SUM(Quantity) as TotalQuantity FROM Materials WHERE Material NOT IN ('Organic Cotton', 'Recycled Polyester') GROUP BY Material ORDER BY TotalQuantity DESC;","The SQL query calculates the total quantity of each material used in the entire dataset, excluding 'Organic Cotton' and 'Recycled Polyester', by using the SUM function with the GROUP BY clause. It filters the data to exclude rows with the materials 'Organic Cotton' and 'Recycled Polyester' using the WHERE clause and the NOT IN operator. It then orders the results in descending order based on the total quantity of materials used, using the ORDER BY clause."
5340,cybersecurity,"Threat intelligence data, vulnerability assessments, security incident response metrics, and cybersecurity policy analysis.",aggregation,"aggregation functions (COUNT, SUM, AVG, MIN, MAX, etc.), and HAVING clause",analytics and reporting,"generating reports, dashboards, and analytical insights",What are the top 5 most common types of vulnerabilities found in the finance sector?,"CREATE TABLE vulnerabilities (id INT, sector VARCHAR(255), vulnerability VARCHAR(255)); INSERT INTO vulnerabilities (id, sector, vulnerability) VALUES (1, 'finance', 'SQL injection'), (2, 'finance', 'Cross-site scripting'), (3, 'finance', 'Buffer overflow'), (4, 'finance', 'Code injection'), (5, 'finance', 'Path traversal');","SELECT vulnerability, COUNT(*) as count FROM vulnerabilities WHERE sector = 'finance' GROUP BY vulnerability ORDER BY count DESC LIMIT 5;",This query joins the vulnerabilities and attack_counts tables on the vulnerability column and groups the results by vulnerability. It then counts the number of records for each vulnerability and returns the top 5 most common vulnerabilities found in the finance sector.
5341,ethical fashion,"Extensive data on sustainable materials, fair labor practices, circular economy, and consumer awareness in ethical fashion.",basic SQL,basic SQL with a simple select statement,analytics and reporting,"generating reports, dashboards, and analytical insights",What is the average production cost of all sustainable material types?,"CREATE TABLE materials (material_id INT, material_name VARCHAR(50), production_cost DECIMAL(10,2)); INSERT INTO materials (material_id, material_name, production_cost) VALUES (1, 'Organic Cotton', 2.50), (2, 'Recycled Polyester', 3.25), (3, 'Hemp', 1.80);","SELECT AVG(production_cost) FROM materials WHERE material_name IN ('Organic Cotton', 'Recycled Polyester', 'Hemp');","The SQL query calculates the average production cost for the sustainable materials 'Organic Cotton', 'Recycled Polyester', and 'Hemp' by using the AVG function."
5342,energy,"Energy market data covering renewable energy sources, energy storage, carbon pricing, and energy efficiency.",basic SQL,basic SQL with a simple select statement,analytics and reporting,"generating reports, dashboards, and analytical insights",What is the average carbon price (€/ton) in the EU ETS for the year 2020?,"CREATE TABLE eu_ets (id INT, date DATE, price FLOAT); INSERT INTO eu_ets (id, date, price) VALUES (1, '2020-01-01', 25.3), (2, '2020-01-02', 26.1);",SELECT AVG(price) FROM eu_ets WHERE date BETWEEN '2020-01-01' AND '2020-12-31';,This query calculates the average price for all rows where the date falls within the year 2020.
5343,defense security,"Detailed records on military technology, intelligence operations, national security, and cybersecurity strategies.",single join,"only one join (specify inner, outer, cross)",analytics and reporting,"generating reports, dashboards, and analytical insights","Examine the intelligence operations that have been conducted jointly by two or more countries, their primary objectives, and the number of personnel involved in each operation.","CREATE TABLE joint_operations (country1 VARCHAR(255), country2 VARCHAR(255), operation_name VARCHAR(255), operation_date DATE, primary_objective VARCHAR(255), personnel_count INT);","SELECT country1, country2, primary_objective, COUNT(*) as num_personnel FROM joint_operations GROUP BY country1, country2, primary_objective;","The SQL query groups the joint intelligence operations by country1, country2, and primary_objective, then counts the number of records for each combination to showcase the number of personnel involved in each operation between two countries."
5344,beauty industry,"Cosmetics sales data, beauty product ingredient transparency, consumer preferences, and sustainability metrics.",basic SQL,basic SQL with a simple select statement,analytics and reporting,"generating reports, dashboards, and analytical insights",What is the total revenue of lipsticks from the organic cosmetics line?,"CREATE TABLE Organic_Cosmetics (product_id INT, product_name VARCHAR(255), category VARCHAR(255), price DECIMAL(10,2), revenue DECIMAL(10,2)); INSERT INTO Organic_Cosmetics (product_id, product_name, category, price, revenue) VALUES (1, 'Lipstick 1', 'Lipsticks', 15.99, 0), (2, 'Lipstick 2', 'Lipsticks', 15.99, 0), (3, 'Lipstick 3', 'Lipsticks', 18.99, 0);",SELECT SUM(revenue) FROM Organic_Cosmetics WHERE category = 'Lipsticks';,This query calculates the total revenue of lipsticks from the organic cosmetics line by summing the revenue column in the Organic_Cosmetics table where the category is 'Lipsticks'.
5345,oceanography,"Marine life research data, ocean floor mapping projects, pollution control initiatives, and maritime law compliance.",basic SQL,basic SQL with a simple select statement,analytics and reporting,"generating reports, dashboards, and analytical insights",List all pollution control initiatives and their completion dates.,"CREATE TABLE pollution_control_initiatives (initiative_id INT, name TEXT, start_date DATE, completion_date DATE); INSERT INTO pollution_control_initiatives (initiative_id, name, start_date, completion_date) VALUES (1, 'Project A', '2018-01-01', '2019-01-01'), (2, 'Project B', '2019-07-01', '2020-07-01'), (3, 'Project C', '2020-03-15', '2021-03-15');","SELECT name, completion_date FROM pollution_control_initiatives;",This query retrieves the names and completion dates of all pollution control initiatives in the 'pollution_control_initiatives' table. It does not use a CTE and directly selects the 'name' and 'completion_date' columns from the 'pollution_control_initiatives' table.
5346,financial services,"Detailed financial data including investment strategies, risk management, fraud detection, customer analytics, and regulatory compliance.",basic SQL,basic SQL with a simple select statement,analytics and reporting,"generating reports, dashboards, and analytical insights",What is the total amount of transactions made by customers from India and Brazil?,"CREATE TABLE transactions (id INT, customer_id INT, amount DECIMAL(10,2), country VARCHAR(50)); INSERT INTO transactions (id, customer_id, amount, country) VALUES (1, 101, 500.00, 'India'), (2, 102, 350.00, 'Brazil'), (3, 103, 700.00, 'India'), (4, 104, 600.00, 'Brazil');","SELECT SUM(amount) FROM transactions WHERE country IN ('India', 'Brazil');",This SQL query calculates the total amount of transactions by summing the 'amount' column for rows with 'country' values of either 'India' or 'Brazil'.
5347,fitness industry,"Workout data, membership demographics, wearable technology metrics, and wellness trends.",aggregation,"aggregation functions (COUNT, SUM, AVG, MIN, MAX, etc.), and HAVING clause",analytics and reporting,"generating reports, dashboards, and analytical insights",What is the average heart rate for each member during a workout?,"CREATE TABLE wearable_metrics (member_id INT, heart_rate INT, workout_date DATE, workout_duration TIME); INSERT INTO wearable_metrics (member_id, heart_rate, workout_date, workout_duration) VALUES (1, 120, '2022-01-01', '01:00:00'), (1, 130, '2022-01-02', '01:30:00'), (2, 140, '2022-01-01', '02:00:00'), (2, 150, '2022-01-03', '01:15:00'), (3, 160, '2022-01-02', '01:00:00'), (3, 170, '2022-01-03', '01:30:00'), (3, 180, '2022-01-04', '02:00:00'), (4, 190, '2022-01-04', '01:15:00');","SELECT member_id, AVG(heart_rate) FROM wearable_metrics GROUP BY member_id;",This SQL query calculates the average heart rate for each member during a workout by grouping the 'wearable_metrics' table by the 'member_id' column and averaging the 'heart_rate' for each group.
5348,public transportation,"Extensive data on route planning, fare collection, vehicle maintenance, and accessibility in public transportation.",basic SQL,basic SQL with a simple select statement,analytics and reporting,"generating reports, dashboards, and analytical insights",List all routes with wheelchair accessibility in the 'north' region.,"CREATE TABLE Routes (id INT, region VARCHAR(10), wheelchair_accessible BOOLEAN); INSERT INTO Routes (id, region, wheelchair_accessible) VALUES (1, 'north', true), (2, 'north', false), (3, 'south', true);","SELECT Routes.id, Routes.region FROM Routes WHERE Routes.region = 'north' AND Routes.wheelchair_accessible = true;",This query retrieves all routes in the 'north' region that have wheelchair accessibility by filtering on the region and wheelchair_accessible columns in the Routes table.
5349,sustainable infrastructure,"Green building data, renewable energy infrastructure projects, carbon offset initiatives, and smart city technology adoption.",aggregation,"aggregation functions (COUNT, SUM, AVG, MIN, MAX, etc.), and HAVING clause",analytics and reporting,"generating reports, dashboards, and analytical insights",What is the total installed capacity of renewable energy projects by city?,"CREATE TABLE renewable_energy_projects (project_id INT, project_name VARCHAR(50), city VARCHAR(50), installed_capacity FLOAT); INSERT INTO renewable_energy_projects (project_id, project_name, city, installed_capacity) VALUES (1, 'Solar Farm 1', 'CityA', 10000.0), (2, 'Wind Farm 1', 'CityB', 15000.0), (3, 'Hydro Plant 1', 'CityA', 20000.0);","SELECT city, SUM(installed_capacity) FROM renewable_energy_projects GROUP BY city;",The SQL query calculates the total installed capacity for renewable energy projects in each city by grouping the projects based on the city and summing up their installed capacities.
5350,fine arts,"In-depth data on art history, curation, exhibition, and cultural impact in the fine arts.",basic SQL,basic SQL with a simple select statement,data manipulation,"inserting, updating, or deleting records",Delete the painting 'Guernica' from the 'Paintings' table.,"CREATE TABLE Paintings (PaintingID INT, Title VARCHAR(50), ArtistID INT, YearCreated INT); INSERT INTO Paintings (PaintingID, Title, ArtistID, YearCreated) VALUES (1, 'Starry Night', 1, 1889); INSERT INTO Paintings (PaintingID, Title, ArtistID, YearCreated) VALUES (2, 'Guernica', 2, 1937);",DELETE FROM Paintings WHERE Title = 'Guernica';,The SQL query deletes the row in the 'Paintings' table where the Title is 'Guernica'.
5351,fine arts,"In-depth data on art history, curation, exhibition, and cultural impact in the fine arts.",subqueries,"subqueries, including correlated and nested subqueries",analytics and reporting,"generating reports, dashboards, and analytical insights",What are the names and nationalities of artists who have worked with the 'Cubism' style?,"CREATE TABLE artists (id INT, name TEXT, nationality TEXT); INSERT INTO artists (id, name, nationality) VALUES (1, 'Picasso', 'Spanish'), (2, 'Braque', 'French'), (3, 'Gris', 'Spanish'); CREATE TABLE artwork_styles (id INT, artwork_id INT, style TEXT); INSERT INTO artwork_styles (id, artwork_id, style) VALUES (1, 1, 'Cubism'), (2, 2, 'Cubism'), (3, 3, 'Futurism');","SELECT artists.name, artists.nationality FROM artists INNER JOIN artwork_styles ON artists.id = (SELECT artist_id FROM artworks WHERE artwork_styles.id = artwork_id AND style = 'Cubism' LIMIT 1) WHERE artwork_styles.style = 'Cubism';",This query uses a subquery to find the artist_id associated with a Cubism style artwork. It then joins the artists and artwork_styles tables based on this artist_id and selects the name and nationality columns from the artists table where the style is 'Cubism'.
5352,retail,"Retail data on circular supply chains, ethical labor practices, product transparency, and consumer education.",single join,"only one join (specify inner, outer, cross)",analytics and reporting,"generating reports, dashboards, and analytical insights","How many circular supply chain partners does each brand work with, by country?","CREATE TABLE Brands (id INT, brand VARCHAR(255), country VARCHAR(255)); INSERT INTO Brands (id, brand, country) VALUES (1, 'BrandA', 'USA'), (2, 'BrandB', 'Canada'), (3, 'BrandC', 'Mexico'); CREATE TABLE CircularSupplyChain (id INT, brand_id INT, partner_id INT, partner VARCHAR(255), country VARCHAR(255)); INSERT INTO CircularSupplyChain (id, brand_id, partner_id, partner, country) VALUES (1, 1, 1, 'Partner1', 'USA'), (2, 1, 2, 'Partner2', 'USA'), (3, 2, 3, 'Partner3', 'Canada'), (4, 2, 4, 'Partner4', 'Canada'), (5, 3, 5, 'Partner5', 'Mexico'), (6, 3, 6, 'Partner6', 'Mexico');","SELECT c.country, b.brand, COUNT(DISTINCT c.partner_id) AS partner_count FROM CircularSupplyChain c JOIN Brands b ON c.brand_id = b.id GROUP BY c.country, b.brand;","Joins the CircularSupplyChain and Brands tables on the brand_id column. Calculates the number of unique circular supply chain partners that each brand works with, grouped by country using the COUNT function, DISTINCT keyword, and GROUP BY clause."
5353,transportation,"Transportation data on electric vehicle adoption, autonomous vehicles, public transportation systems, and multimodal mobility.",basic SQL,basic SQL with a simple select statement,analytics and reporting,"generating reports, dashboards, and analytical insights",What is the average number of bicycles per station for stations located in urban areas in the bike_stations table?,"CREATE TABLE bike_stations (id INT, location VARCHAR(20), num_bikes INT, urban VARCHAR(5)); INSERT INTO bike_stations (id, location, num_bikes, urban) VALUES (1, 'Station A', 20, 'Yes'), (2, 'Station B', 30, 'Yes'), (3, 'Station C', 15, 'No'), (4, 'Station D', 25, 'No');",SELECT AVG(num_bikes) FROM bike_stations WHERE urban = 'Yes';,This query calculates the average number of bicycles per station for stations located in urban areas by averaging the num_bikes column values using the AVG function.
5354,disability services,"Comprehensive data on disability accommodations, support programs, policy advocacy, and inclusion efforts in disability services.",basic SQL,basic SQL with a simple select statement,data manipulation,"inserting, updating, or deleting records",Update the email of the staff_member with ID 5 to 'new.email@example.com',"CREATE TABLE staff_members (staff_id INT, email VARCHAR(255));",UPDATE staff_members SET email = 'new.email@example.com' WHERE staff_id = 5;,The query updates the email of the staff_member with staff_id 5 to 'new.email@example.com'.
5355,healthcare,"Healthcare data on mental health parity, cultural competency, health equity metrics, and community health workers.",aggregation,"aggregation functions (COUNT, SUM, AVG, MIN, MAX, etc.), and HAVING clause",analytics and reporting,"generating reports, dashboards, and analytical insights",How many mental health parity complaints were filed by state in 2020?,"CREATE TABLE MentalHealthParity (ComplaintID INT, State VARCHAR(25), FilingDate DATE); INSERT INTO MentalHealthParity (ComplaintID, State, FilingDate) VALUES (1, 'California', '2020-01-01'), (2, 'New York', '2020-02-01'), (3, 'Texas', '2020-03-01'), (4, 'Florida', '2020-04-01');","SELECT State, COUNT(*) as ComplaintCount FROM MentalHealthParity WHERE YEAR(FilingDate) = 2020 GROUP BY State;","This query counts the number of mental health parity complaints filed by state in 2020. It filters the data by the FilingDate column to only include records from 2020, then groups the data by the State column and counts the number of records in each group."
5356,financial services,"Detailed financial data including investment strategies, risk management, fraud detection, customer analytics, and regulatory compliance.",subqueries,"subqueries, including correlated and nested subqueries",analytics and reporting,"generating reports, dashboards, and analytical insights","List all transactions made by customers in New York on January 1, 2022.","CREATE TABLE transaction (id INT, customer_id INT, transaction_date DATE, amount DECIMAL(10, 2)); INSERT INTO transaction (id, customer_id, transaction_date, amount) VALUES (1, 1, '2022-01-01', 100.00), (2, 3, '2022-01-02', 200.00);",SELECT * FROM transaction WHERE transaction_date = '2022-01-01' AND customer_id IN (SELECT id FROM customer WHERE address LIKE 'New York%');,"This query lists all transactions made by customers in New York on January 1, 2022. It does this by using the SELECT statement to filter the transaction table for rows where the transaction date is '2022-01-01' and the customer id is in the set of customer ids that have an address starting with 'New York'."
5357,aquaculture,"Aquatic farming data, fish stock management, ocean health metrics, and sustainable seafood trends.",aggregation,"aggregation functions (COUNT, SUM, AVG, MIN, MAX, etc.), and HAVING clause",analytics and reporting,"generating reports, dashboards, and analytical insights",What is the average dissolved oxygen level for each region?,"CREATE TABLE region (region_id INT, region_name TEXT); INSERT INTO region (region_id, region_name) VALUES (1, 'North Atlantic'), (2, 'South Atlantic'), (3, 'Indian Ocean'); CREATE TABLE measurement (measurement_id INT, region_id INT, dissolved_oxygen FLOAT); INSERT INTO measurement (measurement_id, region_id, dissolved_oxygen) VALUES (1, 1, 6.5), (2, 1, 6.8), (3, 2, 7.1), (4, 2, 6.9), (5, 3, 7.3), (6, 3, 7.2);","SELECT region_id, AVG(dissolved_oxygen) FROM measurement GROUP BY region_id;",The SQL query calculates the average dissolved oxygen level for each region by grouping the measurement table by region_id and applying the AVG function to the dissolved_oxygen column.
5358,higher education,"Graduate student records, research grant data, academic publishing statistics, and faculty diversity metrics.",single join,"only one join (specify inner, outer, cross)",analytics and reporting,"generating reports, dashboards, and analytical insights",How many faculty members in the English department have published in the Journal of English Language and Literature in the current year?,"CREATE TABLE Publications (PublicationID INT, Title VARCHAR(100), Author VARCHAR(50), Year INT, Journal VARCHAR(50), FacultyID INT); CREATE TABLE Faculty (FacultyID INT, FirstName VARCHAR(50), LastName VARCHAR(50), Department VARCHAR(50), Rank VARCHAR(10), Gender VARCHAR(10));",SELECT COUNT(p.FacultyID) as 'Number of Faculty Members' FROM Publications p JOIN Faculty f ON p.FacultyID = f.FacultyID WHERE f.Department = 'English' AND p.Journal = 'Journal of English Language and Literature' AND p.Year = YEAR(GETDATE());,"This query counts the number of faculty members in the English department who have published in the Journal of English Language and Literature in the current year by joining the Publications and Faculty tables on the FacultyID column, filtering the results based on department, journal, and year, and calculating the number of faculty members using the COUNT function."
5359,public transportation,"Extensive data on route planning, fare collection, vehicle maintenance, and accessibility in public transportation.",window functions,"window functions (e.g., ROW_NUMBER, LEAD, LAG, RANk, NTILE, PERCENT_RANK, etc.) with partitioning and ordering",analytics and reporting,"generating reports, dashboards, and analytical insights",What is the minimum time between bus cleanings for each route?,"CREATE TABLE buses (id INT, route_id INT, clean_date DATE); INSERT INTO buses (id, route_id, clean_date) VALUES (1, 101, '2022-01-01'), (2, 102, '2022-01-02'), (3, 103, '2022-01-03');","SELECT route_id, MIN(DATEDIFF('day', LAG(clean_date) OVER (PARTITION BY route_id ORDER BY clean_date), clean_date)) FROM buses GROUP BY route_id;","This SQL query calculates the minimum time between bus cleanings for each route by using the MIN() function to find the minimum number of days between cleanings for each route in the buses table. The LAG() function is used to access the previous clean date for each route, and the DATEDIFF() function is used to find the number of days between the current and previous clean dates. The query then groups the results by route_id and calculates the minimum."
5360,trade unions,"Union membership statistics, collective bargaining data, labor rights advocacy, and workplace safety metrics.",single join,"only one join (specify inner, outer, cross)",analytics and reporting,"generating reports, dashboards, and analytical insights",Calculate the average safety score and number of members for unions with names starting with 'C' in the 'labor_unions' and 'safety_records' tables,"CREATE TABLE labor_unions (id INT, union_name VARCHAR(50), members INT); CREATE TABLE safety_records (id INT, union_id INT, safety_score INT);","SELECT AVG(s.safety_score) AS avg_safety_score, AVG(l.members) AS avg_members FROM labor_unions l JOIN safety_records s ON l.id = s.union_id WHERE l.union_name LIKE 'C%';","This SQL query calculates the average safety_score and average members from the 'safety_records' and 'labor_unions' tables, joining on the 'id' field, filters for union_names starting with 'C', and averages the resulting safety_scores and members."
5361,ethical fashion,"Extensive data on sustainable materials, fair labor practices, circular economy, and consumer awareness in ethical fashion.",basic SQL,basic SQL with a simple select statement,analytics and reporting,"generating reports, dashboards, and analytical insights",What is the total revenue from fair trade certified products in Africa since 2019?,"CREATE TABLE sales (sale_id INT, product_id INT, sale_date DATE, price DECIMAL(5,2), is_fair_trade BOOLEAN);INSERT INTO sales (sale_id, product_id, sale_date, price, is_fair_trade) VALUES (1, 1, '2019-01-01', 20.00, true), (2, 2, '2020-02-01', 30.00, false), (3, 3, '2021-03-01', 40.00, true);",SELECT SUM(price) as total_revenue FROM sales WHERE is_fair_trade = true AND YEAR(sale_date) >= 2019 AND location = 'Africa';,"First, we filter the records from the sales table where the sale is fair trade certified and the sale date is since 2019 in Africa. Then, we calculate the total revenue of these sales using the SUM function."
5362,maritime,"Vessel performance data, cargo tracking, safety records, and regulatory compliance.",basic SQL,basic SQL with a simple select statement,analytics and reporting,"generating reports, dashboards, and analytical insights",What is the maximum speed of all vessels in the Mediterranean Sea during September 2021?,"CREATE TABLE vessel_performance (id INT PRIMARY KEY, name VARCHAR(50), type VARCHAR(50), speed FLOAT, location VARCHAR(50), timestamp DATETIME); INSERT INTO vessel_performance (id, name, type, speed, location, timestamp) VALUES (1, 'VesselG', 'Cargo', 18.2, 'Mediterranean Sea', '2021-09-01 10:00:00'), (2, 'VesselH', 'Tanker', 20.1, 'Mediterranean Sea', '2021-09-01 11:00:00');",SELECT MAX(speed) FROM vessel_performance WHERE location = 'Mediterranean Sea' AND timestamp BETWEEN '2021-09-01' AND '2021-09-30';,"This query calculates the maximum speed for all vessels in the Mediterranean Sea during September 2021. It does this by filtering the data based on the location and timestamp columns, and then calculating the maximum speed."
5363,fine arts,"In-depth data on art history, curation, exhibition, and cultural impact in the fine arts.",single join,"only one join (specify inner, outer, cross)",analytics and reporting,"generating reports, dashboards, and analytical insights",What is the average price of artworks exhibited in the 20th century?,"CREATE TABLE Artworks (artwork_id INT, title VARCHAR(50), year_made INT, artist_id INT, price FLOAT); INSERT INTO Artworks (artwork_id, title, year_made, artist_id, price) VALUES (1, 'Still Life with Flowers', 1612, 1, 1000.0); ; CREATE TABLE Exhibitions (exhibition_id INT, exhibition_name VARCHAR(50), start_date DATE, end_date DATE, artwork_id INT); INSERT INTO Exhibitions (exhibition_id, exhibition_name, start_date, end_date, artwork_id) VALUES (1, 'Flower Exhibition', '2000-01-01', '2000-12-31', 1); ;",SELECT AVG(Artworks.price) FROM Artworks INNER JOIN Exhibitions ON Artworks.artwork_id = Exhibitions.artwork_id WHERE Exhibitions.start_date BETWEEN '1900-01-01' AND '1999-12-31';,This query joins the Artworks and Exhibitions tables on the artwork_id column and filters for rows where the artwork was exhibited in the 20th century. It then calculates the average price of the artworks exhibited in the 20th century.
5364,ethical fashion,"Extensive data on sustainable materials, fair labor practices, circular economy, and consumer awareness in ethical fashion.",basic SQL,basic SQL with a simple select statement,analytics and reporting,"generating reports, dashboards, and analytical insights",What is the total production cost of companies with more than 5 sustainable materials?,"CREATE TABLE companies (company_id INT, name TEXT, num_sustainable_materials INT, production_cost FLOAT); INSERT INTO companies (company_id, name, num_sustainable_materials, production_cost) VALUES (1, 'GreenFashions', 6, 15000); INSERT INTO companies (company_id, name, num_sustainable_materials, production_cost) VALUES (2, 'EcoFabrics', 3, 12000);",SELECT SUM(production_cost) FROM companies WHERE num_sustainable_materials > 5;,"The SQL query calculates the total production cost of companies with more than 5 sustainable materials by using the SUM function to find the sum of the production_cost column, filtered by the num_sustainable_materials column set to values greater than 5."
5365,space,"Space data on space exploration, satellite technology, space debris mitigation, and astrobiology.",aggregation,"aggregation functions (COUNT, SUM, AVG, MIN, MAX, etc.), and HAVING clause",analytics and reporting,"generating reports, dashboards, and analytical insights",Who are the top 3 countries with the most astronauts in space?,"CREATE TABLE Astronauts (name TEXT, nationality TEXT, missions INTEGER); INSERT INTO Astronauts (name, nationality, missions) VALUES ('Neil Armstrong', 'USA', 2), ('Buzz Aldrin', 'USA', 2), ('Peggy Whitson', 'USA', 3), ('Yuri Gagarin', 'Russia', 1), ('Valentina Tereshkova', 'Russia', 2), ('Takao Doi', 'Japan', 2), ('Soichi Noguchi', 'Japan', 3), ('Sunita Williams', 'India', 3);","SELECT nationality, COUNT(*) AS missions_count FROM Astronauts GROUP BY nationality ORDER BY missions_count DESC LIMIT 3;",This query groups the Astronauts table by nationality and then counts the number of missions for each nationality. It then orders the result by the mission count in descending order and limits the result to the top three.
5366,aquaculture,"Aquatic farming data, fish stock management, ocean health metrics, and sustainable seafood trends.",basic SQL,basic SQL with a simple select statement,analytics and reporting,"generating reports, dashboards, and analytical insights","What is the maximum amount of seafood (in tons) produced by aquaculture farms in South Africa and Kenya, for the year 2020?","CREATE TABLE SeafoodSouthAfricaKenya (id INT, country VARCHAR(50), year INT, tons_produced INT); INSERT INTO SeafoodSouthAfricaKenya (id, country, year, tons_produced) VALUES (1, 'South Africa', 2020, 2000), (2, 'Kenya', 2020, 2100), (3, 'South Africa', 2020, 2200), (4, 'Kenya', 2020, 2300);","SELECT MAX(tons_produced) FROM SeafoodSouthAfricaKenya WHERE country IN ('South Africa', 'Kenya') AND year = 2020;",Determines the maximum amount of seafood produced by aquaculture farms in South Africa and Kenya in 2020 using the max function.
5367,education,"Education data on student mental health, teacher professional development, open pedagogy, and lifelong learning.",aggregation,"aggregation functions (COUNT, SUM, AVG, MIN, MAX, etc.), and HAVING clause",analytics and reporting,"generating reports, dashboards, and analytical insights",What is the highest-rated open pedagogy resource by users?,"CREATE TABLE open_pedagogy (resource_id INT, rating INT, user_id INT); INSERT INTO open_pedagogy (resource_id, rating, user_id) VALUES (1, 5, 100), (2, 4, 100), (3, 3, 101), (4, 5, 102);","SELECT resource_id, MAX(rating) as highest_rating FROM open_pedagogy GROUP BY resource_id ORDER BY highest_rating DESC LIMIT 1;","Identify the open pedagogy resource with the highest rating. The MAX function finds the highest rating, and LIMIT 1 returns only one row with the highest value."
5368,human resources,"Employee demographics, talent acquisition data, diversity and inclusion metrics, and training program statistics.",basic SQL,basic SQL with a simple select statement,analytics and reporting,"generating reports, dashboards, and analytical insights",List all unique departments in the company.,"CREATE TABLE Employees (id INT, name VARCHAR(100), department VARCHAR(50), country VARCHAR(50)); INSERT INTO Employees (id, name, department, country) VALUES (1, 'John Doe', 'IT', 'United States'), (2, 'Jane Smith', 'Marketing', 'Canada'), (3, 'Mike Johnson', 'IT', 'France'), (4, 'Sara Connor', 'HR', 'United States'), (5, 'David Brown', 'Finance', 'Canada');",SELECT DISTINCT department FROM Employees;,The SQL query uses the DISTINCT keyword to select unique values from the department column.
5369,agriculture,"Comprehensive data on agroecology, food justice, indigenous food systems, and urban agriculture.",aggregation,"aggregation functions (COUNT, SUM, AVG, MIN, MAX, etc.), and HAVING clause",analytics and reporting,"generating reports, dashboards, and analytical insights",What is the production of crops by year?,"CREATE TABLE crops_year (id INT, name VARCHAR(50), year INT, production INT); INSERT INTO crops_year (id, name, year, production) VALUES (1, 'Rice', 2020, 5000), (2, 'Wheat', 2020, 7000), (3, 'Soybean', 2020, 3000), (4, 'Barley', 2020, 4000), (5, 'Rice', 2019, 6000), (6, 'Wheat', 2019, 8000), (7, 'Soybean', 2019, 4000), (8, 'Barley', 2019, 5000);","SELECT year, SUM(production) as total_production FROM crops_year GROUP BY year;",This query groups crops by year and then calculates the total production of each year using the SUM() function and the GROUP BY clause.
5370,sustainable infrastructure,"Green building data, renewable energy infrastructure projects, carbon offset initiatives, and smart city technology adoption.",basic SQL,basic SQL with a simple select statement,analytics and reporting,"generating reports, dashboards, and analytical insights",What is the total carbon offset of initiatives in 'RegionC' in the 'CarbonOffsetInitiatives' table?,"CREATE TABLE CarbonOffsetInitiatives (id INT, initiative_name VARCHAR(50), location VARCHAR(50), carbon_offset_tons INT);",SELECT SUM(carbon_offset_tons) FROM CarbonOffsetInitiatives WHERE location = 'RegionC';,"The SQL query calculates the total carbon offset of initiatives in 'RegionC' by using the SUM function on the 'carbon_offset_tons' column of the 'CarbonOffsetInitiatives' table, and filtering on the 'location' column with the WHERE keyword."
5371,manufacturing,"Detailed records on ethical manufacturing, circular economy, workforce development, and industry 4.0.",single join,"only one join (specify inner, outer, cross)",analytics and reporting,"generating reports, dashboards, and analytical insights",Which factories do not have any workers in the workforce development program?,"CREATE TABLE factories(factory_id INT, name TEXT, location TEXT); CREATE TABLE workers(worker_id INT, name TEXT, salary DECIMAL, factory_id INT, program TEXT);",SELECT f.name FROM factories f LEFT JOIN workers w ON f.factory_id = w.factory_id WHERE w.program IS NULL;,"This query performs a left join on the factories and workers tables using the factory_id column, then filters the results for rows where the program column is null, returning the names of factories that do not have any workers in the workforce development program."
5372,ethical fashion,"Extensive data on sustainable materials, fair labor practices, circular economy, and consumer awareness in ethical fashion.",aggregation,"aggregation functions (COUNT, SUM, AVG, MIN, MAX, etc.), and HAVING clause",analytics and reporting,"generating reports, dashboards, and analytical insights","What is the minimum and maximum number of employees in the supply chain, per country, in the year 2020?","CREATE TABLE SupplyChainEmployees (employee_count INT, country VARCHAR(255), year INT);","SELECT country, MIN(employee_count), MAX(employee_count) FROM SupplyChainEmployees WHERE year = 2020 GROUP BY country;","This query calculates the minimum and maximum number of employees in the supply chain, per country, in the year 2020. It groups the results by country and applies the MIN and MAX functions to calculate the minimum and maximum number of employees, respectively."
5373,journalism,"News reporting data, audience demographics, media ethics information, and investigative journalism projects.",subqueries,"subqueries, including correlated and nested subqueries",analytics and reporting,"generating reports, dashboards, and analytical insights",Get the percentage of male and female readers who prefer technology news in the UK.,"CREATE TABLE readers (id INT, age INT, gender VARCHAR(10), country VARCHAR(50), news_preference VARCHAR(50)); INSERT INTO readers (id, age, gender, country, news_preference) VALUES (1, 35, 'Male', 'UK', 'Technology'), (2, 45, 'Female', 'UK', 'Technology');","SELECT gender, PERCENTAGE := (COUNT(*) * 100.0 / (SELECT COUNT(*) FROM readers WHERE country = 'UK' AND news_preference = 'Technology')) percentage FROM readers WHERE country = 'UK' AND news_preference = 'Technology' GROUP BY gender;",Calculate the percentage of male and female readers who prefer technology news in the UK using the PERCENTAGE and COUNT functions with the GROUP BY clause.
5374,ocean shipping,"Detailed records on cargo handling, fleet management, port operations, and regulatory compliance in ocean shipping.",basic SQL,basic SQL with a simple select statement,analytics and reporting,"generating reports, dashboards, and analytical insights",How many ports are available in the database?,"CREATE TABLE ports (port_code CHAR(3), port_name VARCHAR(20)); INSERT INTO ports (port_code, port_name) VALUES ('LA', 'Los Angeles'), ('NY', 'New York'), ('MIA', 'Miami'), ('HOU', 'Houston'), ('SFO', 'San Francisco');",SELECT COUNT(DISTINCT ports.port_code) as port_count FROM ports;,The SQL query counts the number of distinct port codes in the ports table to determine the number of available ports in the database.
5375,mining operations,"Mining operation data, environmental impact stats, workforce diversity, and resource depletion metrics.",basic SQL,basic SQL with a simple select statement,analytics and reporting,"generating reports, dashboards, and analytical insights",How many employees work in the 'Engineering' department in the 'human_resources' table?,"CREATE TABLE human_resources (id INT, name VARCHAR(50), role VARCHAR(50), department VARCHAR(50)); INSERT INTO human_resources (id, name, role, department) VALUES (1, 'John Doe', 'Manager', 'Human Resources'), (2, 'Jane Smith', 'Employee', 'Human Resources'), (3, 'Bob Johnson', 'Engineer', 'Engineering'), (4, 'Alice Williams', 'Engineer', 'Engineering');",SELECT COUNT(*) FROM human_resources WHERE department = 'Engineering';,"This query counts the number of rows in the 'human_resources' table where the 'department' is 'Engineering', returning the number of employees in that department."
5376,fine arts,"In-depth data on art history, curation, exhibition, and cultural impact in the fine arts.",basic SQL,basic SQL with a simple select statement,analytics and reporting,"generating reports, dashboards, and analytical insights",What is the earliest year in which an artwork from the 'Rococo' movement was created?,"CREATE TABLE Artworks (id INT, creation_year INT, movement VARCHAR(20));",SELECT MIN(creation_year) FROM Artworks WHERE movement = 'Rococo';,This query finds the minimum creation_year for 'Rococo' artworks.
5377,fitness industry,"Workout data, membership demographics, wearable technology metrics, and wellness trends.",basic SQL,basic SQL with a simple select statement,analytics and reporting,"generating reports, dashboards, and analytical insights",List all members who have a 'Platinum' membership.,"CREATE TABLE member_details (member_id INT, membership VARCHAR(10)); INSERT INTO member_details (member_id, membership) VALUES (1, 'Gold'), (2, 'Platinum'), (3, 'Silver'), (4, 'Platinum'), (5, 'Gold');",SELECT member_id FROM member_details WHERE membership = 'Platinum';,The SQL query lists all members who have a 'Platinum' membership by selecting the member IDs where the membership is 'Platinum'. The WHERE keyword is used to filter the rows for the desired membership type.
5378,charitable organizations,"Financial data, program impact, donor demographics, and volunteer management.",basic SQL,basic SQL with a simple select statement,analytics and reporting,"generating reports, dashboards, and analytical insights",What is the total amount donated by donors from New York having a donation amount greater than $100?,"CREATE TABLE donors (id INT, name TEXT, state TEXT, donation_amount DECIMAL); INSERT INTO donors (id, name, state, donation_amount) VALUES (1, 'John Doe', 'New York', 120.00), (2, 'Jane Smith', 'New York', 200.00);",SELECT SUM(donation_amount) FROM donors WHERE state = 'New York' AND donation_amount > 100;,"This query calculates the total amount donated by donors from New York having a donation amount greater than $100 by using the SUM function on the donation_amount column, and filtering the data for donors from New York and with a donation amount greater than $100 using the WHERE clause."
5379,sustainable energy,"Renewable energy project data, energy efficiency stats, carbon offset programs, and clean energy policy trends.",basic SQL,basic SQL with a simple select statement,analytics and reporting,"generating reports, dashboards, and analytical insights",What is the average carbon offset achieved by carbon offset programs in the state of California since 2015?,"CREATE TABLE carbon_offset_programs (id INT, name VARCHAR(50), state VARCHAR(50), offset_quantity INT, start_year INT);",SELECT AVG(offset_quantity) FROM carbon_offset_programs WHERE state = 'California' AND start_year >= 2015;,The SQL query calculates the average carbon offset achieved by carbon offset programs in the state of California since 2015. It does this by selecting the average offset_quantity in the carbon_offset_programs table where the state is 'California' and the start_year is greater than or equal to 2015.
5380,waste management,"Waste generation metrics, recycling rates, landfill capacity data, and circular economy initiatives.",basic SQL,basic SQL with a simple select statement,analytics and reporting,"generating reports, dashboards, and analytical insights",What is the minimum waste generation per capita for African countries?,"CREATE TABLE WasteGeneration (country VARCHAR(255), waste_generation_kg_per_capita DECIMAL(5,2), region VARCHAR(255)); INSERT INTO WasteGeneration (country, waste_generation_kg_per_capita, region) VALUES ('Nigeria', 0.7, 'Africa'), ('Egypt', 1.9, 'Africa'), ('South Africa', 2.8, 'Africa');",SELECT MIN(waste_generation_kg_per_capita) FROM WasteGeneration WHERE region = 'Africa';,Calculate the minimum waste generation per capita for the records with the 'Africa' region.
5381,restaurant operations,"Restaurant revenue data, menu engineering information, food safety inspection records, and sustainable sourcing practices.",basic SQL,basic SQL with a simple select statement,analytics and reporting,"generating reports, dashboards, and analytical insights",Which menu items have the highest food cost for vegan dishes?,"CREATE TABLE menu_items (menu_item_id INT, dish_type VARCHAR(255), food_cost DECIMAL(5,2)); INSERT INTO menu_items (menu_item_id, dish_type, food_cost) VALUES (1, 'Vegan', 3.50), (2, 'Vegetarian', 2.50), (3, 'Vegan', 4.00);","SELECT dish_type, MAX(food_cost) FROM menu_items WHERE dish_type = 'Vegan';",This query identifies which menu items have the highest food cost for vegan dishes by filtering the 'dish_type' column with the value 'Vegan' and finding the maximum 'food_cost'.
5382,museums,"Visitor demographics, exhibition analytics, community engagement metrics, and digital museum trends.",aggregation,"aggregation functions (COUNT, SUM, AVG, MIN, MAX, etc.), and HAVING clause",analytics and reporting,"generating reports, dashboards, and analytical insights",What was the average ticket price for each age group?,"CREATE TABLE tickets (ticket_id INT, age_group VARCHAR(10), price DECIMAL(5,2)); INSERT INTO tickets (ticket_id, age_group, price) VALUES (1, 'Adult', 20.00), (2, 'Child', 15.00), (3, 'Senior', 10.00);","SELECT age_group, AVG(price) as avg_price FROM tickets GROUP BY age_group;",This query groups the tickets table by age_group and calculates the average ticket price for each age group.
5383,construction,"Building permit data, construction labor statistics, project timeline information, and sustainable building practices.",basic SQL,basic SQL with a simple select statement,analytics and reporting,"generating reports, dashboards, and analytical insights",List sustainable building practices with their descriptions,"CREATE TABLE sustainable_practices (id INT, practice VARCHAR(50), description TEXT); INSERT INTO sustainable_practices (id, practice, description) VALUES (1, 'Green Roofs', 'Roofs covered with vegetation'), (2, 'Solar Panels', 'Roofs equipped with solar panels'), (3, 'Rainwater Harvesting', 'Collecting and storing rainwater for later use');","SELECT practice, description FROM sustainable_practices;",The prompt asks for a list of sustainable building practices with their descriptions. We simply select all rows from the sustainable_practices table.
5384,fashion,"Trend forecasting data, garment manufacturing information, retail sales statistics, and sustainability metrics in the industry.",subqueries,"subqueries, including correlated and nested subqueries",analytics and reporting,"generating reports, dashboards, and analytical insights","Determine the percentage of total revenue for each garment category, for the year 2022.","CREATE TABLE category_revenue (category VARCHAR(255), sale_date DATE, revenue DECIMAL(10,2));","SELECT category, (SUM(revenue) / (SELECT SUM(revenue) FROM category_revenue WHERE sale_date BETWEEN '2022-01-01' AND '2022-12-31')) * 100 FROM category_revenue WHERE sale_date BETWEEN '2022-01-01' AND '2022-12-31' GROUP BY category;","The query determines the percentage of total revenue for each garment category, for the year 2022. It filters the category_revenue table for sales in 2022, groups the data by category, calculates the revenue for each category, and divides the category revenue by the total revenue for the year to find the percentage."
5385,precision agriculture,"Precision farming data, satellite imagery analysis, IoT sensor metrics, and agricultural automation trends.",basic SQL,basic SQL with a simple select statement,analytics and reporting,"generating reports, dashboards, and analytical insights",List all IoT sensors located in India and Germany.,"CREATE TABLE IoT_Sensors (id INT, sensor_type VARCHAR(50), location VARCHAR(50), Farm_id INT); INSERT INTO IoT_Sensors (id, sensor_type, location, Farm_id) VALUES (1, 'Soil Moisture', 'India', 1), (2, 'Temperature', 'Germany', 2);","SELECT sensor_type FROM IoT_Sensors WHERE location IN ('India', 'Germany');",This query selects the sensor types of IoT sensors located in India and Germany by filtering on the location column with the specified IN clause.
5386,climate change,"Climate change data on climate mitigation, climate adaptation, climate finance, and climate communication.",basic SQL,basic SQL with a simple select statement,analytics and reporting,"generating reports, dashboards, and analytical insights",What is the average climate finance provided to countries in Latin America and the Caribbean for climate adaptation projects in 2021?,"CREATE TABLE climate_finance (country VARCHAR(50), year INT, sector VARCHAR(50), adaptation BOOLEAN, amount FLOAT); INSERT INTO climate_finance (country, year, sector, adaptation, amount) VALUES ('Brazil', 2021, 'Adaptation', true, 5000000), ('Colombia', 2021, 'Adaptation', true, 4000000), ('Peru', 2021, 'Adaptation', true, 3000000), ('Argentina', 2021, 'Adaptation', true, 6000000), ('Mexico', 2021, 'Adaptation', true, 7000000);","SELECT AVG(amount) FROM climate_finance WHERE country IN ('Brazil', 'Colombia', 'Peru', 'Argentina', 'Mexico') AND year = 2021 AND adaptation = true;","This query calculates the average climate finance provided to countries in Latin America and the Caribbean for climate adaptation projects in 2021 by averaging the 'amount' column where the country is in the provided list, the year is 2021, and the adaptation is true."
5387,aquaculture,"Aquatic farming data, fish stock management, ocean health metrics, and sustainable seafood trends.",basic SQL,basic SQL with a simple select statement,analytics and reporting,"generating reports, dashboards, and analytical insights",Which aquaculture farms are located in 'Canada'?,"CREATE TABLE Aquaculture_farms (id INT, name TEXT, country TEXT); INSERT INTO Aquaculture_farms (id, name, country) VALUES (1, 'Farm A', 'Denmark'), (2, 'Farm B', 'Canada'), (3, 'Farm C', 'Japan');",SELECT name FROM Aquaculture_farms WHERE country = 'Canada';,"We retrieve the names of all aquaculture farms located in Canada from the Aquaculture_farms table, by filtering on the country column."
5388,human resources,"Employee demographics, talent acquisition data, diversity and inclusion metrics, and training program statistics.",basic SQL,basic SQL with a simple select statement,data definition,"creating, altering, or dropping tables and other database objects",Create a table named 'training_programs',"CREATE TABLE training_programs (id INT PRIMARY KEY, program_name VARCHAR(50), start_date DATE, end_date DATE, department VARCHAR(50), trainer VARCHAR(50));","CREATE TABLE training_programs (id INT PRIMARY KEY, program_name VARCHAR(50), start_date DATE, end_date DATE, department VARCHAR(50), trainer VARCHAR(50));","1. This statement creates a new table called 'training_programs' with an integer primary key 'id'. 2. The table also includes five columns for 'program_name', 'start_date', 'end_date', 'department', and 'trainer' of types VARCHAR(50) and DATE."
5389,telecommunications,"Mobile and broadband subscriber data, network infrastructure investments, customer usage patterns, and regulatory compliance information.",basic SQL,basic SQL with a simple select statement,analytics and reporting,"generating reports, dashboards, and analytical insights",List the top 3 countries with the highest broadband internet download speed.,"CREATE TABLE network_infrastructure (country VARCHAR(20), download_speed FLOAT); INSERT INTO network_infrastructure (country, download_speed) VALUES ('USA', 100), ('Canada', 120), ('Mexico', 80);","SELECT country, download_speed FROM network_infrastructure ORDER BY download_speed DESC LIMIT 3;",Orders the download_speed column in descending order and selects the top 3 countries with the highest download speeds by using the LIMIT clause.
5390,nonprofit,"Nonprofit data on charitable giving trends, social impact assessment, capacity building, and volunteer management.",aggregation,"aggregation functions (COUNT, SUM, AVG, MIN, MAX, etc.), and HAVING clause",analytics and reporting,"generating reports, dashboards, and analytical insights",List the number of volunteers who registered in Q1 and Q3 of 2023.,"CREATE TABLE volunteer_registration (id INT, name VARCHAR(50), registration_date DATE); INSERT INTO volunteer_registration (id, name, registration_date) VALUES (1, 'Alice', '2023-01-05'); INSERT INTO volunteer_registration (id, name, registration_date) VALUES (2, 'Bob', '2023-02-10');","SELECT EXTRACT(QUARTER FROM registration_date) as quarter, COUNT(DISTINCT name) as volunteers_joined FROM volunteer_registration WHERE registration_date BETWEEN '2023-01-01' AND '2023-06-30' GROUP BY quarter HAVING quarter IN (1, 3);","This SQL query calculates the number of volunteers who registered in Q1 and Q3 of 2023 by extracting the quarter from the registration_date, filtering the date between 2023-01-01 and 2023-06-30, then grouping and counting the distinct number of names by quarter, only for quarters 1 and 3."
5391,media,"Media data on content diversity, media literacy, disinformation detection, and media representation.",basic SQL,basic SQL with a simple select statement,analytics and reporting,"generating reports, dashboards, and analytical insights","What is the total watch time of videos on the platform in minutes, produced by creators from Southeast Asia?","CREATE TABLE Videos (id INT, title VARCHAR(255), content_creator_name VARCHAR(100), content_creator_region VARCHAR(50), length INT); INSERT INTO Videos (id, title, content_creator_name, content_creator_region, length) VALUES (1, 'Video1', 'Creator1', 'Southeast Asia', 12), (2, 'Video2', 'Creator2', 'Europe', 15), (3, 'Video3', 'Creator3', 'Southeast Asia', 20);",SELECT SUM(length) FROM Videos WHERE content_creator_region = 'Southeast Asia';,The SQL query calculates the total watch time of videos on the platform in minutes produced by creators from Southeast Asia by filtering the 'content_creator_region' column and then summing the 'length' column values that meet the criteria.
5392,government services,"Public service delivery, budget allocation, citizen feedback, and policy impact.",basic SQL,basic SQL with a simple select statement,analytics and reporting,"generating reports, dashboards, and analytical insights",What is the total budget allocated for infrastructure in the year 2020?,"CREATE TABLE Budget (Year INT, Category VARCHAR(255), Amount INT); INSERT INTO Budget (Year, Category, Amount) VALUES (2020, 'Education', 5000000), (2020, 'Infrastructure', 10000000), (2021, 'Education', 6000000), (2021, 'Infrastructure', 12000000);",SELECT SUM(Amount) FROM Budget WHERE Year = 2020 AND Category = 'Infrastructure';,This query calculates the total budget allocated for infrastructure in the year 2020 by summing the Amount column where Year is 2020 and Category is Infrastructure.
5393,social media,"Extensive data on user behavior, content trends, advertising performance, and data privacy in social media.",aggregation,"aggregation functions (COUNT, SUM, AVG, MIN, MAX, etc.), and HAVING clause",analytics and reporting,"generating reports, dashboards, and analytical insights",List the top 3 countries with the most posts in the social_media database.,"CREATE TABLE user (user_id INT, username VARCHAR(20), posts INT, country VARCHAR(20)); INSERT INTO user (user_id, username, posts, country) VALUES (1, 'user1', 10, 'United States'), (2, 'user2', 20, 'Canada'), (3, 'user3', 30, 'United States'), (4, 'user4', 40, 'Mexico'), (5, 'user5', 50, 'Canada'), (6, 'user6', 60, 'Brazil'), (7, 'user7', 70, 'Brazil'), (8, 'user8', 80, 'Brazil'), (9, 'user9', 90, 'India'), (10, 'user10', 100, 'India');","SELECT country, SUM(posts) as total_posts FROM user GROUP BY country ORDER BY total_posts DESC LIMIT 3;",This query calculates the total number of posts for each country by summing the posts column for each record. It then selects the top 3 countries with the most posts and returns their country and total_posts columns.
5394,energy,"Energy market data covering renewable energy sources, energy storage, carbon pricing, and energy efficiency.",set operations,"set operations such as UNION, INTERSECT, and EXCEPT",analytics and reporting,"generating reports, dashboards, and analytical insights",Which renewable energy farms in the 'East' region have an efficiency greater than 30%?,"CREATE TABLE wind_farms (id INT, name VARCHAR(50), region VARCHAR(50), capacity FLOAT, efficiency FLOAT); INSERT INTO wind_farms (id, name, region, capacity, efficiency) VALUES (1, 'Windfarm A', 'East', 120.3, 0.32); CREATE TABLE solar_farms (id INT, name VARCHAR(50), region VARCHAR(50), capacity FLOAT, efficiency FLOAT); INSERT INTO solar_farms (id, name, region, capacity, efficiency) VALUES (1, 'Solarfarm A', 'East', 180.5, 0.35);","SELECT name, efficiency FROM wind_farms WHERE region = 'East' UNION SELECT name, efficiency FROM solar_farms WHERE region = 'East' HAVING efficiency > 0.3;",This query returns the names and efficiencies of renewable energy farms (both wind and solar) in the 'East' region with an efficiency greater than 30%. It achieves this by using a UNION operator to combine the results of two separate SELECT queries.
5395,aquaculture,"Aquatic farming data, fish stock management, ocean health metrics, and sustainable seafood trends.",single join,"only one join (specify inner, outer, cross)",analytics and reporting,"generating reports, dashboards, and analytical insights",What is the maximum dissolved oxygen level recorded in each aquaculture farm?,"CREATE TABLE Farm (id INT, name VARCHAR(50), country VARCHAR(50)); CREATE TABLE Measurement (id INT, farm_id INT, dissolved_oxygen FLOAT, timestamp TIMESTAMP);","SELECT f.name, MAX(m.dissolved_oxygen) FROM Farm f JOIN Measurement m ON f.id = m.farm_id GROUP BY f.name;","The SQL query joins the Farm table and Measurement table on their respective IDs. Then, it groups the results by farm name and calculates the maximum dissolved oxygen level for each aquaculture farm."
5396,gaming technology,"Player demographics, game design data, esports event information, and virtual reality technology adoption.",basic SQL,basic SQL with a simple select statement,analytics and reporting,"generating reports, dashboards, and analytical insights","Show the total revenue of the 'Adventure' game genre sold in Australia and New Zealand in the past 3 months, and the number of games sold.","CREATE TABLE game_sales (id INT, game_name VARCHAR(50), genre VARCHAR(50), sale_date DATE, revenue DECIMAL(10,2), quantity INT); INSERT INTO game_sales (id, game_name, genre, sale_date, revenue, quantity) VALUES (1, 'Game G', 'Adventure', '2022-07-10', 30.00, 2); INSERT INTO game_sales (id, game_name, genre, sale_date, revenue, quantity) VALUES (2, 'Game H', 'Adventure', '2022-07-15', 50.00, 3);","SELECT SUM(game_sales.revenue) AS total_revenue, SUM(game_sales.quantity) AS num_games_sold FROM game_sales WHERE game_sales.genre = 'Adventure' AND game_sales.sale_date >= DATEADD(month, -3, GETDATE()) AND (game_sales.country = 'Australia' OR game_sales.country = 'New Zealand');","This query calculates the total revenue and number of games sold for the 'Adventure' game genre in Australia and New Zealand in the past 3 months by filtering the records based on the genre, sale date, and country."
5397,fitness industry,"Workout data, membership demographics, wearable technology metrics, and wellness trends.",single join,"only one join (specify inner, outer, cross)",analytics and reporting,"generating reports, dashboards, and analytical insights",What is the average workout duration for each membership type in New York?,"CREATE TABLE users (id INT, name TEXT, membership_type TEXT, state TEXT); CREATE TABLE workouts (id INT, user_id INT, duration INT); INSERT INTO users (id, name, membership_type, state) VALUES (1, 'John Doe', 'Premium', 'NY'), (2, 'Jane Smith', 'Basic', 'CA'); INSERT INTO workouts (id, user_id, duration) VALUES (1, 1, 60), (2, 1, 30), (3, 2, 45);","SELECT users.membership_type, AVG(workouts.duration) AS avg_duration FROM users JOIN workouts ON users.id = workouts.user_id WHERE users.state = 'NY' GROUP BY users.membership_type;","Calculate the average workout duration for each membership type in New York. The query filters users from New York, joins the users and workouts tables, groups users by their membership type, and calculates the average workout duration for each type."
5398,food industry,"Food safety records, nutrition data, supply chain transparency, and sustainable food trends.",single join,"only one join (specify inner, outer, cross)",analytics and reporting,"generating reports, dashboards, and analytical insights",List the suppliers who have supplied both organic and non-organic fruits.,"CREATE TABLE suppliers (supplier_id INT, supplier_name TEXT);CREATE TABLE inventory (product_id INT, product_name TEXT, category TEXT, is_organic BOOLEAN);INSERT INTO suppliers VALUES (1, 'Supplier A'), (2, 'Supplier B'), (3, 'Supplier C'), (4, 'Supplier D');INSERT INTO inventory VALUES (100, 'Apples', 'Fruits', TRUE), (101, 'Bananas', 'Fruits', FALSE), (102, 'Oranges', 'Fruits', TRUE), (103, 'Pears', 'Fruits', FALSE), (104, 'Grapes', 'Fruits', TRUE);",SELECT DISTINCT supplier_name FROM inventory INNER JOIN suppliers ON TRUE WHERE category = 'Fruits' AND is_organic IS NOT NULL;,"This SQL query first joins the suppliers and inventory tables on a true condition, meaning it will combine every row from both tables. Then, it filters the combined table to only include rows where the category is 'Fruits' and the is_organic column is not null. Finally, it calculates the distinct supplier_names for the filtered table."
5399,waste management,"Waste generation metrics, recycling rates, landfill capacity data, and circular economy initiatives.",basic SQL,basic SQL with a simple select statement,analytics and reporting,"generating reports, dashboards, and analytical insights",What is the landfill capacity in New York state in 2022?,"CREATE TABLE landfill_capacity (state VARCHAR(20), year INT, capacity_cubic_meters BIGINT); INSERT INTO landfill_capacity (state, year, capacity_cubic_meters) VALUES ('New York', 2021, 9876543), ('New York', 2023, 10567890);",SELECT capacity_cubic_meters FROM landfill_capacity WHERE state = 'New York' AND year = 2022;,This query obtains the landfill capacity for New York state in the year 2022 by selecting the capacity_cubic_meters column value where state is 'New York' and year is 2022.
5400,water resources,"Water usage metrics, drought impact assessments, wastewater treatment data, and water conservation initiatives.",aggregation,"aggregation functions (COUNT, SUM, AVG, MIN, MAX, etc.), and HAVING clause",analytics and reporting,"generating reports, dashboards, and analytical insights","Which wastewater treatment plants treated more than 1600 m³ of wastewater on October 1, 2021?","CREATE TABLE WastewaterTreatment (Id INT, Plant VARCHAR(50), Wastewater DECIMAL(5,2), Date DATE); INSERT INTO WastewaterTreatment (Id, Plant, Wastewater, Date) VALUES (1, 'Denver Plant', 1800.5, '2021-10-01'); INSERT INTO WastewaterTreatment (Id, Plant, Wastewater, Date) VALUES (2, 'Colorado Springs Plant', 1400.3, '2021-10-01');","SELECT Plant, SUM(Wastewater) FROM WastewaterTreatment WHERE Date = '2021-10-01' GROUP BY Plant HAVING SUM(Wastewater) > 1600;","Identify wastewater treatment plants that treated more than 1600 m³ of wastewater on October 1, 2021."
5401,entertainment industry,"Audience demographics, viewership trends, content ratings, production budgets, and marketing strategies for movies, TV shows, and music.",single join,"only one join (specify inner, outer, cross)",analytics and reporting,"generating reports, dashboards, and analytical insights",What is the total production budget for movies released in 2018 and rated 8 or higher?,"CREATE TABLE MovieBudgets (movie_id INT, release_date DATE, production_budget DECIMAL(7,2)); INSERT INTO MovieBudgets (movie_id, release_date, production_budget) VALUES (1, '2018-01-01', 25000000.00), (2, '2019-05-15', 18000000.00), (3, '2018-09-22', 12000000.00);",SELECT SUM(production_budget) FROM MovieBudgets INNER JOIN Movies ON MovieBudgets.movie_id = Movies.movie_id WHERE release_date >= '2018-01-01' AND release_date < '2019-01-01' AND rating >= 8;,"Calculates the total production budget for movies released in 2018 and rated 8 or higher by joining the MovieBudgets and Movies tables based on movie_id, filtering the results based on release_date and rating, and then calculating the sum of production_budget."
5402,fitness industry,"Workout data, membership demographics, wearable technology metrics, and wellness trends.",basic SQL,basic SQL with a simple select statement,analytics and reporting,"generating reports, dashboards, and analytical insights",List the total number of workouts and unique members who participated in CrossFit classes in the last month.,"CREATE TABLE workouts (id INT, member_id INT, workout_type VARCHAR(20), workout_date DATE);","SELECT COUNT(DISTINCT id) as total_members, COUNT(*) as total_workouts FROM workouts WHERE workout_type = 'CrossFit' AND workout_date >= DATE_SUB(CURRENT_DATE, INTERVAL 1 MONTH);",This query selects the total number of workouts and unique members who participated in CrossFit classes in the last month by filtering the workouts table based on the workout_type and workout_date columns.
5403,space,"Space data on space exploration, satellite technology, space debris mitigation, and astrobiology.",basic SQL,basic SQL with a simple select statement,analytics and reporting,"generating reports, dashboards, and analytical insights",List the space missions with the longest durations as of 2022.,"CREATE TABLE SpaceMissions (id INT, mission_name VARCHAR(255), country VARCHAR(255), start_date DATE, end_date DATE); INSERT INTO SpaceMissions (id, mission_name, country, start_date, end_date) VALUES (1, 'International Space Station', 'United States', '1998-11-02', '2022-02-28'); INSERT INTO SpaceMissions (id, mission_name, country, start_date, end_date) VALUES (2, 'Apollo 17', 'United States', '1972-12-07', '1972-12-19');","SELECT mission_name, TIMESTAMPDIFF(YEAR, start_date, COALESCE(end_date, CURDATE())) as 'Mission Duration (Years)' FROM SpaceMissions WHERE end_date IS NULL OR end_date >= '2022-01-01' ORDER BY 'Mission Duration (Years)' DESC","This query retrieves the space missions with the longest durations as of 2022, along with the duration of each mission in years."
5404,beauty industry,"Cosmetics sales data, beauty product ingredient transparency, consumer preferences, and sustainability metrics.",multiple_joins,"two or more joins (specify inner, outer, cross)",analytics and reporting,"generating reports, dashboards, and analytical insights",Get the name and country of the top 3 customers for organic cosmetics,"CREATE TABLE customers (id INT, name VARCHAR(50), country VARCHAR(50)); CREATE TABLE purchases (id INT, customer_id INT, product_id INT, quantity INT); CREATE TABLE products (id INT, name VARCHAR(50), organic BOOLEAN);","SELECT customers.name, customers.country FROM customers JOIN purchases ON customers.id = purchases.customer_id JOIN products ON purchases.product_id = products.id WHERE products.organic = TRUE GROUP BY customers.id ORDER BY SUM(purchases.quantity) DESC LIMIT 3;","This SQL query gets the name and country of the top 3 customers for organic cosmetics by joining the 'customers', 'purchases', and 'products' table on the appropriate columns, filtering for organic products, grouping the results by customer, calculating the total quantity of purchases for each customer, ordering the results by the total quantity in descending order, and limiting the results to the top 3 customers."
5405,sports entertainment,"Sports team performance data, fan demographics, ticket sales statistics, and athlete wellbeing programs.",basic SQL,basic SQL with a simple select statement,analytics and reporting,"generating reports, dashboards, and analytical insights",get the number of fans who are male and over 40,"CREATE TABLE fans (id INT PRIMARY KEY, name VARCHAR(100), age INT, gender VARCHAR(10), favorite_team VARCHAR(50));",SELECT COUNT(*) FROM fans WHERE gender = 'Male' AND age > 40;,This query calculates the number of fans who are male and over 40 by counting the number of fans whose gender is Male and age is greater than 40.
5406,biotechnology,"Genetic research data, bioprocess engineering information, biotech startup funding, and biosensor technology development.",subqueries,"subqueries, including correlated and nested subqueries",analytics and reporting,"generating reports, dashboards, and analytical insights",Identify genetic research experiments with a temperature increase above the average.,"CREATE SCHEMA if not exists genetics;CREATE TABLE if not exists genetics.experiments (id INT, experiment_name VARCHAR(255), temperature_delta INT); INSERT INTO genetics.experiments (id, experiment_name, temperature_delta) VALUES (1, 'CRISPR-Cas9', 15), (2, 'Gene Editing', 22), (3, 'Genetic Fusion', 18);","SELECT experiment_name, temperature_delta FROM genetics.experiments WHERE temperature_delta > (SELECT AVG(temperature_delta) FROM genetics.experiments);",Select genetic research experiments with a temperature increase above the average by comparing the temperature_delta to the average temperature_delta from the experiments table.
5407,fashion,"Trend forecasting data, garment manufacturing information, retail sales statistics, and sustainability metrics in the industry.",single join,"only one join (specify inner, outer, cross)",analytics and reporting,"generating reports, dashboards, and analytical insights","What is the total quantity of 'Eco-Friendly Denim Jackets' sold per store, ranked by the highest sales?","CREATE TABLE Stores (store_id INT, store_name VARCHAR(50)); INSERT INTO Stores VALUES (1, 'Store A'), (2, 'Store B'), (3, 'Store C'); CREATE TABLE Sales (sale_id INT, product_name VARCHAR(50), store_id INT, quantity_sold INT); INSERT INTO Sales VALUES (1, 'Eco-Friendly Denim Jacket', 1, 30), (2, 'Eco-Friendly Denim Jacket', 2, 45), (3, 'Eco-Friendly Denim Jacket', 3, 60);","SELECT store_id, store_name, SUM(quantity_sold) as total_sold FROM Sales JOIN Stores ON Sales.store_id = Stores.store_id WHERE product_name = 'Eco-Friendly Denim Jacket' GROUP BY store_id, store_name ORDER BY total_sold DESC;",The SQL query calculates the total quantity of 'Eco-Friendly Denim Jackets' sold per store using the SUM() function and the GROUP BY clause. It then ranks the stores by the highest sales using the ORDER BY clause. The JOIN operation combines the data from the Sales and Stores tables.
5408,chemicals,"Chemical manufacturing data, safety protocols, environmental impact assessments, and product innovation metrics.",basic SQL,basic SQL with a simple select statement,analytics and reporting,"generating reports, dashboards, and analytical insights",What are the average emission levels of factories in Texas?,"CREATE TABLE factories (factory_id INT, name TEXT, location TEXT, emissions INT); INSERT INTO factories (factory_id, name, location, emissions) VALUES (1, 'Factory A', 'Texas', 120), (2, 'Factory B', 'California', 100), (3, 'Factory C', 'Texas', 180);",SELECT AVG(f.emissions) FROM factories f WHERE f.location = 'Texas';,The SQL query filters for rows in the factories table where the location column is equal to 'Texas' and calculates the average value of the emissions column using the AVG function.
5409,higher education,"Graduate student records, research grant data, academic publishing statistics, and faculty diversity metrics.",aggregation,"aggregation functions (COUNT, SUM, AVG, MIN, MAX, etc.), and HAVING clause",analytics and reporting,"generating reports, dashboards, and analytical insights","Identify the count of unique research grants and their respective amounts, received by each graduate student in descending order of total amount received.","CREATE TABLE grad_students (id INT, name VARCHAR(50));CREATE TABLE research_grants (id INT, grant_id INT, amount INT, student_id INT);","SELECT rg.student_id, COUNT(DISTINCT rg.grant_id) AS num_grants, SUM(rg.amount) AS total_amount FROM research_grants rg GROUP BY rg.student_id ORDER BY total_amount DESC;",1. Groups the records by student_id. 2. Counts the number of unique grants (DISTINCT grant_id) received by each student. 3. Calculates the total amount received by each student. 4. Orders the results by the total amount received in descending order.
5410,maritime,"Vessel performance data, cargo tracking, safety records, and regulatory compliance.",single join,"only one join (specify inner, outer, cross)",analytics and reporting,"generating reports, dashboards, and analytical insights",Find vessels that have never had a safety incident.,"CREATE TABLE Vessels (ID INT, Name VARCHAR(50), Type VARCHAR(50)); CREATE TABLE SafetyIncidents (ID INT, VesselID INT, Location VARCHAR(50), IncidentType VARCHAR(50)); INSERT INTO Vessels (ID, Name, Type) VALUES (1, 'Ocean Titan', 'Cargo'); INSERT INTO SafetyIncidents (ID, VesselID, Location, IncidentType) VALUES (1, 1, 'Caribbean Sea', 'Collision'); INSERT INTO SafetyIncidents (ID, VesselID, Location, IncidentType) VALUES (2, 2, 'Caribbean Sea', 'Grounding');","SELECT v.ID, v.Name, v.Type FROM Vessels v LEFT JOIN SafetyIncidents si ON v.ID = si.VesselID WHERE si.ID IS NULL;",The SQL query performs a left join between the Vessels and SafetyIncidents tables on the vessel ID. It then returns vessels with no corresponding safety incidents (NULL values in the SafetyIncidents table).
5411,healthcare,"Healthcare data on mental health parity, cultural competency, health equity metrics, and community health workers.",single join,"only one join (specify inner, outer, cross)",analytics and reporting,"generating reports, dashboards, and analytical insights",What is the average mental health parity score for providers in urban areas?,"CREATE TABLE Areas (area_id INT, area_type TEXT); CREATE TABLE Providers (provider_id INT, provider_parity_score INT, area_id INT);",SELECT AVG(provider_parity_score) as avg_parity_score FROM Providers p JOIN Areas a ON p.area_id = a.area_id WHERE a.area_type = 'urban';,Calculate the average mental health parity score for providers in urban areas by joining Providers and Areas tables on area_id and filtering the data to only include records where the area_type is urban.
5412,hospitality,"Hospitality data on sustainable tourism, cultural heritage preservation, virtual tourism, and local economic impact.",basic SQL,basic SQL with a simple select statement,analytics and reporting,"generating reports, dashboards, and analytical insights","Find the local economic impact of tourism in Tokyo, Japan in 2022.","CREATE TABLE local_impact_japan (year INT, location TEXT, economic_impact INT); INSERT INTO local_impact_japan (year, location, economic_impact) VALUES (2019, 'Tokyo', 15000), (2022, 'Tokyo', 12000);",SELECT economic_impact FROM local_impact_japan WHERE location = 'Tokyo' AND year = 2022;,"Find the local economic impact of tourism in Tokyo, Japan in 2022 by selecting the economic_impact column in the local_impact_japan table where the location is Tokyo and the year is 2022."
5413,mental health,"In-depth data on mental health conditions, treatment approaches, patient outcomes, and public awareness campaigns in mental health.",multiple_joins,"two or more joins (specify inner, outer, cross)",analytics and reporting,"generating reports, dashboards, and analytical insights",What percentage of patients in Japan experienced improvement after 6 months of psychotherapy?,"CREATE TABLE patients (id INT, country VARCHAR(255), start_date DATE); CREATE TABLE treatments (id INT, patient_id INT, type VARCHAR(255), start_date DATE); CREATE TABLE outcomes (id INT, patient_id INT, treatment_id INT, improvement BOOLEAN, follow_up_date DATE); INSERT INTO patients (id, country) VALUES (1, 'Japan'), (2, 'Japan'); INSERT INTO treatments (id, patient_id, type) VALUES (1, 1, 'psychotherapy'), (2, 2, 'psychotherapy'); INSERT INTO outcomes (id, patient_id, treatment_id, improvement, follow_up_date) VALUES (1, 1, 1, true, '2021-08-01'), (2, 1, 1, true, '2021-07-01'), (3, 2, 2, false, '2021-06-01');",SELECT 100.0 * COUNT(DISTINCT CASE WHEN outcomes.follow_up_date < patients.start_date + INTERVAL '6 month' AND outcomes.improvement THEN patients.id END) / COUNT(DISTINCT patients.id) AS percentage FROM patients JOIN treatments ON patients.id = treatments.patient_id JOIN outcomes ON treatments.id = outcomes.treatment_id WHERE patients.country = 'Japan' AND treatments.type = 'psychotherapy';,"We are calculating the percentage of Japanese patients who experienced improvement after 6 months of psychotherapy. We first identify patients who improved within 6 months using CASE statements, join the patients, treatments, and outcomes tables, and filter for Japanese patients and psychotherapy treatments. Then, we calculate the percentage using COUNT and divide it by the total number of patients."
5414,public safety,"Crime statistics, emergency response times, community policing metrics, and disaster preparedness data.",set operations,"set operations such as UNION, INTERSECT, and EXCEPT",analytics and reporting,"generating reports, dashboards, and analytical insights","What is the total number of emergency incidents and crime reports, excluding medical emergencies and thefts?","CREATE TABLE emergency_incidents (id INT, incident_type VARCHAR(255)); INSERT INTO emergency_incidents (id, incident_type) VALUES (1, 'Medical Emergency'), (2, 'Fire'), (3, 'Traffic Accident'); CREATE TABLE crime_reports (id INT, report_type VARCHAR(255)); INSERT INTO crime_reports (id, report_type) VALUES (1, 'Theft'), (2, 'Vandalism'), (3, 'Assault');",SELECT incident_type as event_type FROM emergency_incidents WHERE incident_type NOT IN ('Medical Emergency') UNION ALL SELECT report_type FROM crime_reports WHERE report_type NOT IN ('Theft');,"The SQL query uses the UNION ALL operator to combine the results of two SELECT statements, one for emergency incidents and one for crime reports, into a single result set. It then filters out the records with 'Medical Emergency' and 'Theft' using the NOT IN operator."
5415,rural health,"Detailed records on healthcare access, disease prevalence, and resource allocation in rural health.",subqueries,"subqueries, including correlated and nested subqueries",analytics and reporting,"generating reports, dashboards, and analytical insights",What is the average number of rural hospitals per province in Australia and how many provinces have more than 20 rural hospitals?,"CREATE TABLE rural_hospitals (hospital_id INT, hospital_name VARCHAR(100), province VARCHAR(50), num_staff INT); INSERT INTO rural_hospitals (hospital_id, hospital_name, province, num_staff) VALUES (1, 'Hospital A', 'New South Wales', 30), (2, 'Hospital B', 'New South Wales', 40), (3, 'Hospital C', 'Queensland', 50), (4, 'Hospital D', 'Queensland', 60);","SELECT AVG(num_staff) AS avg_rural_hospitals_per_province, COUNT(*) FILTER (WHERE num_staff > 20) AS provinces_with_more_than_20_hospitals FROM ( SELECT province, COUNT(*) AS num_staff FROM rural_hospitals GROUP BY province ) subquery;","First, create a subquery to calculate the number of staff in each province by counting the number of rural hospitals in each province. Then, calculate the average number of rural hospitals per province in Australia and determine the number of provinces with more than 20 rural hospitals."
5416,public transportation,"Extensive data on route planning, fare collection, vehicle maintenance, and accessibility in public transportation.",single join,"only one join (specify inner, outer, cross)",analytics and reporting,"generating reports, dashboards, and analytical insights",What is the total revenue for each route in the bus system?,"CREATE TABLE routes (route_id INT, route_name VARCHAR(255)); INSERT INTO routes VALUES (1, 'Route 1A'); INSERT INTO routes VALUES (2, 'Route 2B'); CREATE TABLE fares (fare_id INT, route_id INT, fare_amount DECIMAL(5,2)); INSERT INTO fares VALUES (1, 1, 2.50); INSERT INTO fares VALUES (2, 1, 3.00); INSERT INTO fares VALUES (3, 2, 1.75);","SELECT r.route_name, SUM(f.fare_amount) as total_revenue FROM routes r JOIN fares f ON r.route_id = f.route_id GROUP BY r.route_name;","Join the routes and fares tables on the route_id column, then calculate the total revenue for each route by summing the fare_amount for each route."
5417,government policy,"Government data on open data initiatives, public participation, evidence-based policy making, and government transparency.",basic SQL,basic SQL with a simple select statement,analytics and reporting,"generating reports, dashboards, and analytical insights",What is the average budget of public hospitals in the healthcare system?,"CREATE TABLE healthcare_system (id INT, hospital_name TEXT, type TEXT, budget INT);INSERT INTO healthcare_system (id, hospital_name, type, budget) VALUES (1, 'HospitalA', 'Public', 5000000), (2, 'HospitalB', 'Private', 3000000), (3, 'HospitalC', 'Public', 6000000);",SELECT AVG(budget) FROM healthcare_system WHERE type = 'Public';,The average budget for public hospitals is calculated using the AVG function and filtering for hospitals with a type of 'Public'.
5418,social media,"Extensive data on user behavior, content trends, advertising performance, and data privacy in social media.",single join,"only one join (specify inner, outer, cross)",analytics and reporting,"generating reports, dashboards, and analytical insights","What is the average number of likes on posts by users located in the United States, for posts created in the last month?","CREATE TABLE users (id INT, location VARCHAR(50)); CREATE TABLE posts (id INT, user_id INT, likes INT, created_at DATETIME);","SELECT AVG(posts.likes) FROM posts INNER JOIN users ON posts.user_id = users.id WHERE users.location = 'United States' AND posts.created_at >= DATE_SUB(NOW(), INTERVAL 1 MONTH);","The SQL query joins the users and posts tables on the user_id and id columns, respectively. It then filters the results to only include posts created in the last month and users located in the United States. Finally, it calculates the average number of likes on these posts."
5419,hospitality technology,"Hotel tech adoption metrics, online travel agency data, virtual tour engagement stats, and hospitality AI trends.",single join,"only one join (specify inner, outer, cross)",analytics and reporting,"generating reports, dashboards, and analytical insights",What is the maximum number of OTA bookings made for a hotel in the 'City' category?,"CREATE TABLE otas (ota_id INT, hotel_id INT, bookings INT); CREATE TABLE hotels (hotel_id INT, name TEXT, category TEXT); INSERT INTO otas (ota_id, hotel_id, bookings) VALUES (1, 1, 100), (2, 2, 150), (3, 3, 200), (4, 4, 75); INSERT INTO hotels (hotel_id, name, category) VALUES (1, 'Hotel A', 'City'), (2, 'Hotel B', 'City'), (3, 'Hotel C', 'City'), (4, 'Hotel D', 'Boutique');",SELECT MAX(otas.bookings) FROM otas INNER JOIN hotels ON otas.hotel_id = hotels.hotel_id WHERE hotels.category = 'City';,"This query calculates the maximum number of OTA bookings made for a hotel in the 'City' category by joining the 'hotels' and 'otas' tables on the hotel_id column, filtering for hotels in the 'City' category, and then computing the maximum number of bookings using the MAX() function."
5420,space exploration,"Spacecraft manufacturing data, space mission records, astronaut medical data, and astrophysics research.",basic SQL,basic SQL with a simple select statement,analytics and reporting,"generating reports, dashboards, and analytical insights",List all astronauts who had medical checkups in '2020' and their corresponding medical status.,"CREATE TABLE Astronauts (id INT, name VARCHAR(255), medical_checkup_date DATE, medical_status VARCHAR(50)); INSERT INTO Astronauts (id, name, medical_checkup_date, medical_status) VALUES (1, 'Mark Watney', '2020-05-01', 'Healthy'), (2, 'Melissa Lewis', '2019-12-15', 'Sick');","SELECT name, medical_status FROM Astronauts WHERE medical_checkup_date >= '2020-01-01' AND medical_checkup_date < '2021-01-01';","This SQL query lists all astronauts who had medical checkups in 2020 and their corresponding medical status by selecting all rows with 'medical_checkup_date' between 2020-01-01 and 2021-01-01, and then returning the 'name' and 'medical_status' columns."
5421,oil and gas,"Exploration data, production figures, infrastructure development, and market trends.",window functions,"window functions (e.g., ROW_NUMBER, LEAD, LAG, RANk, NTILE, PERCENT_RANK, etc.) with partitioning and ordering",analytics and reporting,"generating reports, dashboards, and analytical insights",What is the monthly production trend for a specific well?,"CREATE TABLE production (prod_id INT, well_id INT, prod_date DATE, production_rate FLOAT); INSERT INTO production (prod_id, well_id, prod_date, production_rate) VALUES (1, 1, '2020-01-01', 1000), (2, 1, '2020-02-01', 1100), (3, 1, '2020-03-01', 1200), (4, 1, '2020-04-01', 1300), (5, 1, '2020-05-01', 1400);","SELECT prod_date, production_rate, LAG(production_rate, 1) OVER (ORDER BY prod_date) AS previous_month_rate FROM production WHERE well_id = 1;",Display the monthly production rate for a specific well and its previous month's rate.
5422,food industry,"Food safety records, nutrition data, supply chain transparency, and sustainable food trends.",single join,"only one join (specify inner, outer, cross)",analytics and reporting,"generating reports, dashboards, and analytical insights",Which products have more than 300 calories and were delivered to store 1?,"CREATE TABLE Distributors (DistributorID varchar(10), DistributorName varchar(20)); INSERT INTO Distributors VALUES ('A', 'Distributor A'); CREATE TABLE Stores (StoreID int, StoreName varchar(10)); INSERT INTO Stores VALUES (1, 'Store 1'); CREATE TABLE Deliveries (DeliveryID int, DeliveryDate date, ProduceID varchar(10), StoreID int, DistributorID varchar(10)); INSERT INTO Deliveries VALUES (1, '2022-01-02', 'P001', 1, 'A'); CREATE TABLE Food (ProduceID varchar(10), FoodName varchar(20), Calories int); INSERT INTO Food VALUES ('P001', 'Product 1', 350);",SELECT FoodName FROM Food INNER JOIN Deliveries ON Food.ProduceID = Deliveries.ProduceID WHERE Food.Calories > 300 AND Deliveries.StoreID = 1;,"The query performs an inner join between the Food and Deliveries table on the ProduceID column. It then filters the records to only include those with Calories > 300 and StoreID = 1. Finally, it selects the FoodName column from the filtered records."
5423,rural health,"Detailed records on healthcare access, disease prevalence, and resource allocation in rural health.",single join,"only one join (specify inner, outer, cross)",analytics and reporting,"generating reports, dashboards, and analytical insights",How many general practitioners are available in each rural clinic in Oregon state?,"CREATE TABLE doctors (doctor_id INT, clinic_id INT, specialty VARCHAR(50)); INSERT INTO doctors (doctor_id, clinic_id, specialty) VALUES (1, 1, 'General Practitioner'), (2, 1, 'Surgeon'), (3, 2, 'General Practitioner'), (4, 3, 'Surgeon'); CREATE TABLE rural_clinics (clinic_id INT, state VARCHAR(2)); INSERT INTO rural_clinics (clinic_id, state) VALUES (1, 'Oregon'), (2, 'Oregon'), (3, 'California');","SELECT r.clinic_id, COUNT(d.doctor_id) AS general_practitioners_count FROM doctors d JOIN rural_clinics r ON d.clinic_id = r.clinic_id WHERE r.state = 'Oregon' AND specialty = 'General Practitioner' GROUP BY r.clinic_id;","Join the doctors and rural_clinics tables, filter Oregon clinics, and calculate the number of general practitioners available in each rural clinic."
5424,sports,"Extensive data on athlete performance, team management, fan engagement, facility operations, and event planning in sports.",multiple_joins,"two or more joins (specify inner, outer, cross)",analytics and reporting,"generating reports, dashboards, and analytical insights","List the names and total points scored by football players in the 'football_matches' table, sorted by total points in descending order.","CREATE TABLE football_teams (team_id INT, team_name VARCHAR(50));CREATE VIEW football_matches AS SELECT player_id, team_id, SUM(points) AS total_points FROM football_player_scores GROUP BY player_id, team_id;","SELECT football_teams.team_name, football_matches.total_points, basketball_players.name FROM football_teams INNER JOIN football_matches ON football_teams.team_id = football_matches.team_id INNER JOIN basketball_players ON basketball_players.player_id = football_matches.player_id ORDER BY football_matches.total_points DESC;",This SQL query lists the names and total points scored by football players by joining the 'football_teams' and 'football_matches' tables on the 'team_id' column and joining the 'football_matches' and 'basketball_players' tables on the 'player_id' column. It then sorts the results by the 'total_points' column in descending order.
5425,cybersecurity,"Threat intelligence data, vulnerability assessments, security incident response metrics, and cybersecurity policy analysis.",subqueries,"subqueries, including correlated and nested subqueries",analytics and reporting,"generating reports, dashboards, and analytical insights","What is the percentage of systems that have a higher risk score than the average risk score, in the last 60 days?","CREATE TABLE systems (system_id INT, risk_score INT, last_updated DATETIME); INSERT INTO systems (system_id, risk_score, last_updated) VALUES (1, 8, '2022-01-01'), (2, 5, '2022-01-05'), (3, 10, '2022-01-03'), (4, 6, '2022-01-04'), (5, 15, '2022-01-02');","SELECT COUNT(*) * 100.0 / (SELECT COUNT(*) FROM systems WHERE last_updated >= DATEADD(day, -60, GETDATE())) AS pct_above_avg FROM systems s WHERE risk_score > (SELECT AVG(risk_score) FROM systems WHERE last_updated >= DATEADD(day, -60, GETDATE()));","The SQL query calculates the percentage of systems that have a higher risk score than the average risk score in the last 60 days. It first creates a table named 'systems' with columns 'system_id', 'risk_score', and 'last_updated'. It then inserts sample data into the table. The query then uses a subquery to calculate the average risk score in the last 60 days. The outer query calculates the percentage of systems with a higher risk score by dividing the count of systems with a higher risk score by the count of all systems in the last 60 days."
5426,space exploration,"Spacecraft manufacturing data, space mission records, astronaut medical data, and astrophysics research.",single join,"only one join (specify inner, outer, cross)",analytics and reporting,"generating reports, dashboards, and analytical insights",How many space missions were conducted by Asian astronauts in 2023?,"CREATE TABLE Missions (ID INT, Astronaut VARCHAR(255), Year INT); CREATE TABLE Astronauts (ID INT, Name VARCHAR(255), Region VARCHAR(255)); INSERT INTO Missions (ID, Astronaut, Year) VALUES (1, 'Li', 2023), (2, 'Choi', 2023), (3, 'Johnson', 2023); INSERT INTO Astronauts (ID, Name, Region) VALUES (1, 'Li', 'Asia'), (2, 'Choi', 'Asia'), (3, 'Johnson', 'North America');",SELECT COUNT(*) FROM Missions INNER JOIN Astronauts ON Missions.Astronaut = Astronauts.Name WHERE Region = 'Asia' AND Year = 2023;,"The SQL query calculates the number of space missions conducted by Asian astronauts in 2023 by joining the Missions and Astronauts tables on the Astronaut column, filtering for Asian astronauts in 2023, and then counting the number of records."
5427,construction,"Building permit data, construction labor statistics, project timeline information, and sustainable building practices.",multiple_joins,"two or more joins (specify inner, outer, cross)",analytics and reporting,"generating reports, dashboards, and analytical insights","List all the building permits issued for residential buildings in New York between 2018 and 2020, along with the labor statistics.","CREATE TABLE Building_Permits (Permit_ID INT, Building_Type VARCHAR(50), Issue_Date DATE); CREATE TABLE Residential_Buildings (Building_ID INT, Building_Type VARCHAR(50)); CREATE TABLE Labor_Statistics (Permit_ID INT, Worker_Count INT, Year INT); INSERT INTO Building_Permits (Permit_ID, Building_Type, Issue_Date) VALUES (1, 'Residential', '2018-01-01'), (2, 'Residential', '2019-07-01'); INSERT INTO Residential_Buildings (Building_ID, Building_Type) VALUES (1, 'Residential'), (2, 'Residential'); INSERT INTO Labor_Statistics (Permit_ID, Worker_Count, Year) VALUES (1, 15, 2018), (2, 20, 2019);","SELECT Building_Permits.Permit_ID, Building_Type, Issue_Date, Worker_Count, Year FROM Building_Permits INNER JOIN Residential_Buildings ON Building_Permits.Building_Type = Residential_Buildings.Building_Type INNER JOIN Labor_Statistics ON Building_Permits.Permit_ID = Labor_Statistics.Permit_ID WHERE Issue_Date BETWEEN '2018-01-01' AND '2020-12-31';","This SQL query lists all building permits issued for residential buildings in New York between 2018 and 2020, along with labor statistics. It does so by using INNER JOINs to combine rows from the Building_Permits, Residential_Buildings, and Labor_Statistics tables based on matching Permit_ID and Building_Type values. The query also filters the data using a WHERE clause to select rows with Issue_Date values between '2018-01-01' and '2020-12-31'."
5428,sports entertainment,"Sports team performance data, fan demographics, ticket sales statistics, and athlete wellbeing programs.",basic SQL,basic SQL with a simple select statement,data definition,"creating, altering, or dropping tables and other database objects",Create a view for female fans,"CREATE TABLE fans (id INT PRIMARY KEY, name VARCHAR(100), age INT, gender VARCHAR(10), city VARCHAR(50));",CREATE VIEW female_fans AS SELECT * FROM fans WHERE gender = 'Female';,The context provides the complete CREATE VIEW statement for the female_fans view.
5429,charitable organizations,"Financial data, program impact, donor demographics, and volunteer management.",basic SQL,basic SQL with a simple select statement,analytics and reporting,"generating reports, dashboards, and analytical insights",How many volunteers from underrepresented communities in the technology sector participated in our programs in 2019?,"CREATE TABLE Volunteers (VolunteerID INT, VolunteerName TEXT, Community TEXT, Year INT, Hours DECIMAL(5,2)); INSERT INTO Volunteers (VolunteerID, VolunteerName, Community, Year, Hours) VALUES (1, 'Alice', 'Women in Tech', 2019, 25.50), (2, 'Bob', 'Minorities in STEM', 2018, 30.00);","SELECT COUNT(VolunteerID) FROM Volunteers WHERE Community IN ('Women in Tech', 'Minorities in STEM') AND Year = 2019;",This query counts the number of volunteers from underrepresented communities in the technology sector who participated in programs in 2019. It does this by counting the number of rows in the 'Volunteers' table where the 'Community' column is either 'Women in Tech' or 'Minorities in STEM' and the 'Year' column is 2019.
5430,logistics,"Freight forwarding data, warehouse management statistics, route optimization information, and reverse logistics metrics.",basic SQL,basic SQL with a simple select statement,analytics and reporting,"generating reports, dashboards, and analytical insights",What is the average delivery time for route 'R02'?,"CREATE TABLE deliveries (id INT, delivery_date DATE, route_id VARCHAR(5), delivery_time INT); INSERT INTO deliveries (id, delivery_date, route_id, delivery_time) VALUES (1, '2022-01-02', 'R01', 300), (2, '2022-01-10', 'R02', 450), (3, '2022-01-15', 'R03', 250), (4, '2022-01-20', 'R02', 400);",SELECT AVG(delivery_time) FROM deliveries WHERE route_id = 'R02';,* Selects the average 'delivery_time' value* * Filters rows with 'route_id' 'R02'
5431,artificial intelligence,"AI data on algorithmic fairness, AI safety, explainable AI, and creative AI applications.",basic SQL,basic SQL with a simple select statement,analytics and reporting,"generating reports, dashboards, and analytical insights",List all algorithmic fairness incidents in the Asia-Pacific region since 2020-01-01.,"CREATE TABLE algorithmic_fairness_incidents (incident_id INT PRIMARY KEY, incident_date DATE, region VARCHAR(255));",SELECT * FROM algorithmic_fairness_incidents WHERE incident_date >= '2020-01-01' AND region = 'Asia-Pacific';,"This SQL query lists all algorithmic fairness incidents in the Asia-Pacific region since 2020-01-01. It does this by using the WHERE clause to filter the results based on the incident_date and region columns. The >= operator is used to filter the incident_date column, and the = operator is used to filter the region column."
5432,fine arts,"In-depth data on art history, curation, exhibition, and cultural impact in the fine arts.",single join,"only one join (specify inner, outer, cross)",analytics and reporting,"generating reports, dashboards, and analytical insights",What is the maximum value of artworks in the 'Artworks' table by artists from France?,"CREATE TABLE Artworks (id INT, value DECIMAL(10,2), artist_id INT); CREATE TABLE Artists (id INT, name VARCHAR(255), nationality VARCHAR(255)); INSERT INTO Artists (id, name, nationality) VALUES (1, 'Claude Monet', 'France'); INSERT INTO Artworks (id, value, artist_id) VALUES (1, 8000, 1);",SELECT MAX(value) FROM Artworks INNER JOIN Artists ON Artworks.artist_id = Artists.id WHERE Artists.nationality = 'France';,This query calculates the maximum value of artworks in the 'Artworks' table by artists from France by joining the 'Artworks' and 'Artists' tables on the 'artist_id' column and filtering for artists from France.
5433,sports,"Extensive data on athlete performance, team management, fan engagement, facility operations, and event planning in sports.",single join,"only one join (specify inner, outer, cross)",analytics and reporting,"generating reports, dashboards, and analytical insights",What is the average age of players in each team?,"CREATE TABLE teams (team_id INT, team_name VARCHAR(255)); CREATE TABLE players (player_id INT, player_name VARCHAR(255), team_id INT, age INT);","SELECT t.team_name, AVG(p.age) as avg_age FROM players p JOIN teams t ON p.team_id = t.team_id GROUP BY t.team_name;",The SQL query joins the players and teams tables on the team_id column. It then calculates the average age of players for each team by grouping the results by the team_name and using the AVG function on the age column.
5434,hospitality,"Hospitality data on sustainable tourism, cultural heritage preservation, virtual tourism, and local economic impact.",basic SQL,basic SQL with a simple select statement,analytics and reporting,"generating reports, dashboards, and analytical insights",How many UNESCO World Heritage sites are in India?,"CREATE TABLE world_heritage_sites (site_id INT, site_name VARCHAR(100), country VARCHAR(100), is_unesco_site BOOLEAN); INSERT INTO world_heritage_sites (site_id, site_name, country, is_unesco_site) VALUES (1, 'Taj Mahal', 'India', true); INSERT INTO world_heritage_sites (site_id, site_name, country, is_unesco_site) VALUES (2, 'Hampi', 'India', true);",SELECT COUNT(*) FROM world_heritage_sites WHERE country = 'India' AND is_unesco_site = true;,"This query counts the number of UNESCO World Heritage sites in India by using the COUNT function on all records (*), filtering the results with the WHERE clause to only include records with 'India' in the country column and true in the is_unesco_site column."
5435,wildlife conservation,"Animal population data, habitat preservation efforts, and community education programs.",single join,"only one join (specify inner, outer, cross)",analytics and reporting,"generating reports, dashboards, and analytical insights",How many animals of each species were admitted to rehab centers in 2021?,"CREATE TABLE animal_species (species_id INT, species_name VARCHAR(50));CREATE TABLE rehab_centers (center_id INT, center_name VARCHAR(50));CREATE TABLE animal_rehab (animal_id INT, species_id INT, center_id INT, rehab_date DATE); INSERT INTO animal_species (species_id, species_name) VALUES (1, 'Raccoon'), (2, 'Opossum'), (3, 'Squirrel'); INSERT INTO rehab_centers (center_id, center_name) VALUES (1, 'Rehab Center A'), (2, 'Rehab Center B'); INSERT INTO animal_rehab (animal_id, species_id, center_id, rehab_date) VALUES (101, 1, 1, '2021-01-01'), (102, 2, 1, '2021-03-01'), (103, 3, 2, '2021-05-01');","SELECT s.species_name, COUNT(a.animal_id) AS total_admitted FROM animal_species s JOIN animal_rehab a ON s.species_id = a.species_id WHERE YEAR(a.rehab_date) = 2021 GROUP BY s.species_name;","This query joins the animal_species table and the animal_rehab table on the species_id field. It then filters the results to only include records from 2021 using the YEAR function. Next, it groups the results by species_name and calculates the total number of animals admitted for each species by counting the distinct animal_id values."
5436,space,"Space data on space exploration, satellite technology, space debris mitigation, and astrobiology.",single join,"only one join (specify inner, outer, cross)",analytics and reporting,"generating reports, dashboards, and analytical insights",Which space agencies have launched more than 5 satellites and their respective total mission durations?,"CREATE TABLE Agency_Satellites (Agency VARCHAR(50), Satellite_Name VARCHAR(50), Launch_Date DATETIME); CREATE TABLE Missions (Mission_ID INT, Mission_Name VARCHAR(50), Astronaut_Name VARCHAR(50), Agency VARCHAR(50), Start_Date DATETIME, End_Date DATETIME); INSERT INTO Agency_Satellites (Agency, Satellite_Name, Launch_Date) VALUES ('NASA', 'Spitzer Space Telescope', '2003-08-25'), ('ESA', 'Gaia', '2013-12-19'), ('CNES', 'Pléiades 1A', '2009-12-17'); INSERT INTO Missions (Mission_ID, Mission_Name, Agency, Start_Date, End_Date) VALUES (1, 'Mars Science Laboratory', 'NASA', '2011-11-26', '2018-11-02'), (2, 'Rosetta', 'ESA', '2004-03-02', '2016-09-30'), (3, 'COROT', 'CNES', '2006-12-27', '2012-11-02');","SELECT a.Agency, COUNT(a.Satellite_Name) AS Number_Of_Satellites, DATEDIFF(day, MIN(m.Start_Date), MAX(m.End_Date)) * 1.0 / 30 AS Total_Mission_Duration_Months FROM Agency_Satellites a INNER JOIN Missions m ON a.Agency = m.Agency GROUP BY a.Agency HAVING COUNT(a.Satellite_Name) > 5;",Join Agency_Satellites and Missions on Agency. Fetch the names and count of satellites and total mission durations in months for space agencies that have launched more than 5 satellites.
5437,automotive,"Vehicle safety testing results, autonomous driving research data, electric vehicle adoption statistics, and auto show information.",basic SQL,basic SQL with a simple select statement,data manipulation,"inserting, updating, or deleting records",Delete the 'Ford Fusion' from the vehicle_safety table if its safety rating is less than 5.,"CREATE TABLE vehicle_safety (id INT PRIMARY KEY, make VARCHAR(50), model VARCHAR(50), safety_rating FLOAT); INSERT INTO vehicle_safety (id, make, model, safety_rating) VALUES (1, 'Audi', 'A4', 5.2), (2, 'BMW', '3 Series', 5.0), (3, 'Ford', 'Fusion', 4.7), (4, 'Volkswagen', 'Golf', 4.9);",DELETE FROM vehicle_safety WHERE make = 'Ford' AND model = 'Fusion' AND safety_rating < 5;,1. Select the vehicle_safety table and delete the row where the make column is 'Ford' and the model column is 'Fusion' and the safety_rating column is less than 5.
5438,philanthropy,"Philanthropy data on effective altruism, impact investing, philanthropic trends, and donor demographics.",aggregation,"aggregation functions (COUNT, SUM, AVG, MIN, MAX, etc.), and HAVING clause",analytics and reporting,"generating reports, dashboards, and analytical insights",What is the maximum donation amount for each type of donor in the 'Donors' table?,"CREATE TABLE Donors (id INT, name VARCHAR(50), city VARCHAR(50), state VARCHAR(50), country VARCHAR(50), type VARCHAR(10), donation_amount DECIMAL(10, 2));","SELECT type, MAX(donation_amount) FROM Donors GROUP BY type;",This query groups donors by type and calculates the maximum donation amount for each type.
5439,fashion,"Trend forecasting data, garment manufacturing information, retail sales statistics, and sustainability metrics in the industry.",basic SQL,basic SQL with a simple select statement,analytics and reporting,"generating reports, dashboards, and analytical insights",Find the total revenue generated by selling all 'Accessories' items.,"CREATE TABLE RetailerG (item VARCHAR(20), price INT, quantity INT); INSERT INTO RetailerG VALUES ('Accessories', 20, 30), ('Accessories', 15, 40);",SELECT SUM(price * quantity) FROM RetailerG WHERE item = 'Accessories';,This SQL query calculates the total revenue generated by selling all 'Accessories' items by summing the product of the 'price' and 'quantity' columns where the 'item' is 'Accessories'.
5440,construction,"Building permit data, construction labor statistics, project timeline information, and sustainable building practices.",subqueries,"subqueries, including correlated and nested subqueries",analytics and reporting,"generating reports, dashboards, and analytical insights",What is the average duration of construction projects in New York?,"CREATE TABLE project_timeline (id INT, project_id INT, start_date DATE, end_date DATE); INSERT INTO project_timeline (id, project_id, start_date, end_date) VALUES (1, 1, '2021-01-01', '2021-06-30'); INSERT INTO project_timeline (id, project_id, start_date, end_date) VALUES (2, 2, '2021-03-01', '2021-08-31'); INSERT INTO project_timeline (id, project_id, start_date, end_date) VALUES (3, 3, '2021-05-01', '2021-11-30');","SELECT AVG(DATEDIFF(end_date, start_date)) as avg_duration_days FROM project_timeline WHERE project_id IN (SELECT id FROM projects WHERE state = 'New York');","This query calculates the average duration of construction projects in New York by computing the difference between end_date and start_date using the DATEDIFF() function, and taking the average of these differences using the AVG() function."
5441,aerospace,"Aircraft manufacturing data, satellite deployment projects, flight safety records, and space exploration research.",aggregation,"aggregation functions (COUNT, SUM, AVG, MIN, MAX, etc.), and HAVING clause",analytics and reporting,"generating reports, dashboards, and analytical insights",What is the average time between the last inspection and the next scheduled inspection for each part type and manufacturer?,"CREATE TABLE InspectionData (PartID INT, Type VARCHAR(50), Manufacturer VARCHAR(50), LastInspection DATE, NextInspection DATE);","SELECT InspectionData.Type, InspectionData.Manufacturer, AVG(DATEDIFF(day, InspectionData.LastInspection, InspectionData.NextInspection)) as AvgTimeBetweenInspections FROM InspectionData GROUP BY InspectionData.Type, InspectionData.Manufacturer;",This query calculates the average time between the last inspection and the next scheduled inspection for each part type and manufacturer from the InspectionData table.
5442,rural development,"Agricultural innovation metrics, rural infrastructure projects, community development initiatives, and economic diversification efforts.",window functions,"window functions (e.g., ROW_NUMBER, LEAD, LAG, RANk, NTILE, PERCENT_RANK, etc.) with partitioning and ordering",analytics and reporting,"generating reports, dashboards, and analytical insights","What is the three-year rolling average of rural infrastructure projects in Nigeria, partitioned by region?","CREATE TABLE rural_projects (region TEXT, year INT, num_projects INT); INSERT INTO rural_projects (region, year, num_projects) VALUES ('North', 2017, 10), ('North', 2018, 15), ('North', 2019, 12), ('North', 2020, 18), ('North', 2021, 21), ('South', 2017, 15), ('South', 2018, 18), ('South', 2019, 16), ('South', 2020, 20), ('South', 2021, 23), ('East', 2017, 12), ('East', 2018, 14), ('East', 2019, 17), ('East', 2020, 22), ('East', 2021, 25), ('West', 2017, 18), ('West', 2018, 20), ('West', 2019, 23), ('West', 2020, 24), ('West', 2021, 27);","SELECT region, year, AVG(num_projects) OVER (PARTITION BY region ORDER BY year ROWS BETWEEN 2 PRECEDING AND CURRENT ROW) AS rolling_average FROM rural_projects WHERE region IN ('North', 'South', 'East', 'West');","Calculate the three-year rolling average of rural infrastructure projects in Nigeria, partitioned by region, by averaging the num_projects over the current row and the 2 preceding rows, ordered by year within each region."
5443,public health,"Community health statistics, infectious disease tracking data, healthcare access metrics, and public health policy analysis.",basic SQL,basic SQL with a simple select statement,analytics and reporting,"generating reports, dashboards, and analytical insights",What is the average age of unvaccinated individuals in NYC?,"CREATE TABLE individual (age INT, city TEXT, vaccination_status TEXT);",SELECT AVG(age) FROM individual i WHERE i.city = 'NYC' AND i.vaccination_status = 'unvaccinated';,This query filters for unvaccinated individuals in NYC and calculates the average age of those individuals.
5444,restaurant operations,"Restaurant revenue data, menu engineering information, food safety inspection records, and sustainable sourcing practices.",subqueries,"subqueries, including correlated and nested subqueries",data manipulation,"inserting, updating, or deleting records",Insert a new food safety inspection record with a rating of 'Excellent' for 'Tasty Delights' on '2022-04-15' if it does not exist already.,"CREATE TABLE food_safety_inspections (restaurant_id INT, inspection_date DATE, result VARCHAR(10));","INSERT INTO food_safety_inspections (restaurant_id, inspection_date, result) SELECT 6, '2022-04-15', 'Excellent' FROM (SELECT 1 FROM food_safety_inspections WHERE restaurant_id = 6 AND inspection_date = '2022-04-15') AS dummy WHERE NOT EXISTS (SELECT 1 FROM food_safety_inspections WHERE restaurant_id = 6 AND inspection_date = '2022-04-15');","We first check if there is a record in the food_safety_inspections table for 'Tasty Delights' on April 15, 2022. If there isn't, we use an INSERT statement to insert the new record. The INSERT statement uses a SELECT statement with a WHERE NOT EXISTS clause to ensure the record is only inserted if it doesn't already exist."
5445,precision agriculture,"Precision farming data, satellite imagery analysis, IoT sensor metrics, and agricultural automation trends.",basic SQL,basic SQL with a simple select statement,analytics and reporting,"generating reports, dashboards, and analytical insights",How many times was the moisture level above 80% in 'field5'?,"CREATE TABLE field5 (id INT, moisture FLOAT); INSERT INTO field5 (id, moisture) VALUES (1, 78.2), (2, 82.1), (3, 79.3);",SELECT COUNT(*) FROM field5 WHERE moisture > 80;,The SQL query counts the number of records in the 'field5' table where the moisture level is above 80%.
5446,automotive,"Vehicle safety testing results, autonomous driving research data, electric vehicle adoption statistics, and auto show information.",single join,"only one join (specify inner, outer, cross)",analytics and reporting,"generating reports, dashboards, and analytical insights",What is the average city traffic speed of the non-autonomous vehicles that participated in safety testing?,"CREATE TABLE Vehicle (id INT, name TEXT, is_autonomous BOOLEAN, is_electric BOOLEAN, city_traffic_speed FLOAT); CREATE TABLE SafetyTesting (id INT, vehicle_id INT); INSERT INTO Vehicle (id, name, is_autonomous, is_electric, city_traffic_speed) VALUES (1, 'Model S', false, true, 15.3), (2, 'Camry', false, false, 18.9), (3, 'Bolt', false, true, 13.2), (4, 'Tesla', true, false, 22.0); INSERT INTO SafetyTesting (id, vehicle_id) VALUES (1, 1), (2, 3), (4, 4);",SELECT AVG(Vehicle.city_traffic_speed) FROM Vehicle INNER JOIN SafetyTesting ON Vehicle.id = SafetyTesting.vehicle_id WHERE Vehicle.is_autonomous = false;,"This query calculates the average city traffic speed of the non-autonomous vehicles that participated in safety testing by joining the Vehicle and SafetyTesting tables on the vehicle_id column, and then filtering the results where Vehicle.is_autonomous is false, and using the AVG function to find the mean city_traffic_speed value."
5447,cultural preservation,"In-depth data on heritage sites, traditional arts, language preservation, and community engagement in cultural preservation.",single join,"only one join (specify inner, outer, cross)",analytics and reporting,"generating reports, dashboards, and analytical insights",Showcase the types of traditional arts performed at each heritage site.,"CREATE TABLE ArtsHeritage (SiteName VARCHAR(30), ArtType VARCHAR(20)); INSERT INTO ArtsHeritage VALUES ('Head-Smashed-In Buffalo Jump', 'Medicine Wheel'), ('Chichen Itza', 'Maya Dance'); CREATE TABLE HeritageSites (SiteName VARCHAR(30), Country VARCHAR(20)); INSERT INTO HeritageSites VALUES ('Head-Smashed-In Buffalo Jump', 'Canada'), ('Chichen Itza', 'Mexico');","SELECT h.SiteName, a.ArtType FROM HeritageSites h JOIN ArtsHeritage a ON h.SiteName = a.SiteName;",Join the HeritageSites table with the ArtsHeritage table using the SiteName column as the key. Return the SiteName and ArtType columns.
5448,forestry,"Comprehensive data on sustainable forest management, timber production, wildlife habitat, and carbon sequestration in forestry.",aggregation,"aggregation functions (COUNT, SUM, AVG, MIN, MAX, etc.), and HAVING clause",analytics and reporting,"generating reports, dashboards, and analytical insights",What is the average carbon sequestration for locations in the Pacific Northwest between 2019 and 2021?,"CREATE TABLE carbon_sequestration (id INT, location VARCHAR(255), trees_absorbed FLOAT, year INT); INSERT INTO carbon_sequestration (id, location, trees_absorbed, year) VALUES (1, 'Seattle, WA', 5000.0, 2020);","SELECT location, AVG(trees_absorbed) FROM carbon_sequestration WHERE year BETWEEN 2019 AND 2021 AND location LIKE '%Pacific Northwest%' GROUP BY location;","This SQL query calculates the average carbon sequestration between 2019 and 2021, grouped by location, for locations in the Pacific Northwest."
5449,philanthropy,"Philanthropy data on effective altruism, impact investing, philanthropic trends, and donor demographics.",window functions,"window functions (e.g., ROW_NUMBER, LEAD, LAG, RANk, NTILE, PERCENT_RANK, etc.) with partitioning and ordering",analytics and reporting,"generating reports, dashboards, and analytical insights",Find the top 5 sectors based on the total amount of grants awarded?,"CREATE TABLE Grants (GrantID INT, Sector TEXT, Amount DECIMAL);","SELECT Sector, SUM(Amount) OVER (PARTITION BY Sector ORDER BY SUM(Amount) DESC) AS TotalAmount, RANK() OVER (ORDER BY SUM(Amount) DESC) AS Rank FROM Grants GROUP BY Sector ORDER BY Rank;",The SQL query uses the RANK function to find the rank of each sector based on the total amount of grants awarded. It then filters the top 5 sectors by using the ORDER BY clause.
5450,oil and gas,"Exploration data, production figures, infrastructure development, and market trends.",aggregation,"aggregation functions (COUNT, SUM, AVG, MIN, MAX, etc.), and HAVING clause",analytics and reporting,"generating reports, dashboards, and analytical insights",Find the well with the highest gas production in the Eagle Ford shale play in 2020?,"CREATE TABLE well (well_id INT, well_name TEXT, shale_play TEXT, gas_production_2020 FLOAT); INSERT INTO well (well_id, well_name, shale_play, gas_production_2020) VALUES (1, 'Well A', 'Eagle Ford', 9000), (2, 'Well B', 'Eagle Ford', 11000), (3, 'Well C', 'Eagle Ford', 8000);","SELECT well_name, MAX(gas_production_2020) as max_gas_production FROM well WHERE shale_play = 'Eagle Ford' GROUP BY well_name;",This query finds the well with the highest gas production in the Eagle Ford shale play in 2020 by using the MAX() function to find the maximum gas_production_2020 value and GROUP BY clause to group the results by well_name.
5451,media,"Media data on content diversity, media literacy, disinformation detection, and media representation.",basic SQL,basic SQL with a simple select statement,data retrieval,basic data fetching queries,What are the articles and podcasts from 'NPR' in the 'media_database'?,"CREATE TABLE media_database (id INT, type VARCHAR(10), title VARCHAR(50), length FLOAT, source VARCHAR(50)); INSERT INTO media_database (id, type, title, length, source) VALUES (1, 'article', 'Sample NPR Article 1', 5.5, 'NPR'); INSERT INTO media_database (id, type, title, length, source) VALUES (2, 'podcast', 'Sample NPR Podcast 1', 35.2, 'NPR');",SELECT * FROM media_database WHERE (type = 'article' OR type = 'podcast') AND source = 'NPR';,This query selects all columns of articles and podcasts from 'NPR' in 'media_database' table.
5452,disability services,"Comprehensive data on disability accommodations, support programs, policy advocacy, and inclusion efforts in disability services.",aggregation,"aggregation functions (COUNT, SUM, AVG, MIN, MAX, etc.), and HAVING clause",analytics and reporting,"generating reports, dashboards, and analytical insights",How many students with disabilities are enrolled in each university type?,"CREATE TABLE students_disabilities (id INT, student_id INT, university_type TEXT, disability_type TEXT); INSERT INTO students_disabilities (id, student_id, university_type, disability_type) VALUES (1, 1, 'Urban', 'Visual Impairment'), (2, 1, 'Urban', 'Learning Disability'), (3, 2, 'Suburban', 'Mobility Impairment'), (4, 3, 'Rural', 'Visual Impairment');","SELECT university_type, COUNT(DISTINCT student_id) FROM students_disabilities GROUP BY university_type;",We group the students_disabilities table by the university_type column and calculate the count of distinct student_id values in each group.
5453,defense security,"Detailed records on military technology, intelligence operations, national security, and cybersecurity strategies.",aggregation,"aggregation functions (COUNT, SUM, AVG, MIN, MAX, etc.), and HAVING clause",analytics and reporting,"generating reports, dashboards, and analytical insights",What are the names and locations of military bases in Africa and their types?,"CREATE TABLE MilitaryBases (id INT, name VARCHAR(255), location VARCHAR(255), country VARCHAR(255), base_type VARCHAR(255)); INSERT INTO MilitaryBases (id, name, location, country, base_type) VALUES (1, 'Camp Lemonnier', 'Djibouti, Africa', 'Djibouti', 'Air Base'), (2, 'Naval Base Rota', 'Spain, Europe', 'Spain', 'Naval Base'), (3, 'Camp Smith', 'Hawaii, USA', 'USA', 'Army Base');","SELECT SUM(CASE WHEN country = 'Djibouti' THEN 1 ELSE 0 END) as total_bases, STRING_AGG(name, ', ') as base_names, STRING_AGG(location, ', ') as base_locations, base_type FROM MilitaryBases WHERE country = 'Djibouti' GROUP BY base_type;","This query calculates the total number of military bases in Djibouti using a CASE statement. It also concatenates the names and locations of these bases into separate strings for easier reading, grouped by base type."
5454,education,"Education data on student mental health, teacher professional development, open pedagogy, and lifelong learning.",basic SQL,basic SQL with a simple select statement,analytics and reporting,"generating reports, dashboards, and analytical insights",How many students have enrolled in each district's schools?,"CREATE TABLE school_enrollment (student_id INT, district_id INT, school_id INT); INSERT INTO school_enrollment (student_id, district_id, school_id) VALUES (1, 101, 1001), (2, 101, 1002), (3, 102, 2001), (4, 102, 2002), (5, 103, 3001); CREATE TABLE school_districts (district_id INT, district_name TEXT); INSERT INTO school_districts (district_id, district_name) VALUES (101, 'District A'), (102, 'District B'), (103, 'District C'); CREATE VIEW district_enrollment AS SELECT d.district_name, COUNT(s.student_id) as enrollment FROM school_enrollment s JOIN school_districts d ON s.district_id = d.district_id GROUP BY d.district_name;","SELECT district_name, enrollment FROM district_enrollment;",The SQL query lists the district name and number of students enrolled in each district's schools. It uses the JOIN operator to combine the records in the school_enrollment and school_districts tables based on the district_id column. It then groups the records by district_name and calculates the number of students enrolled in each district using the COUNT function. It then returns the district_name and enrollment columns from the district_enrollment view.
5455,entertainment industry,"Audience demographics, viewership trends, content ratings, production budgets, and marketing strategies for movies, TV shows, and music.",aggregation,"aggregation functions (COUNT, SUM, AVG, MIN, MAX, etc.), and HAVING clause",analytics and reporting,"generating reports, dashboards, and analytical insights",How many viewers are from the United States for each music concert?,"CREATE TABLE Concerts (id INT, title VARCHAR(255), location VARCHAR(255), viewers INT);","SELECT location, COUNT(*) as US_viewers FROM Concerts WHERE location LIKE '%United States%' GROUP BY location;",The SQL query counts the number of viewers (COUNT(*)) for each music concert (GROUP BY location) in the United States (WHERE location LIKE '%United States%').
5456,entertainment industry,"Audience demographics, viewership trends, content ratings, production budgets, and marketing strategies for movies, TV shows, and music.",aggregation,"aggregation functions (COUNT, SUM, AVG, MIN, MAX, etc.), and HAVING clause",analytics and reporting,"generating reports, dashboards, and analytical insights",How many songs were released by each record label in 2021?,"CREATE TABLE songs (id INT, title VARCHAR(255), artist VARCHAR(255), label VARCHAR(255), release_date DATE); INSERT INTO songs (id, title, artist, label, release_date) VALUES (1, 'Song1', 'Artist1', 'Label1', '2021-01-01'), (2, 'Song2', 'Artist2', 'Label2', '2021-02-01'), (3, 'Song3', 'Artist3', 'Label1', '2021-03-01');","SELECT label, COUNT(*) as song_count FROM songs WHERE YEAR(release_date) = 2021 GROUP BY label;",This query calculates the number of songs released in 2021 by each record label. It filters the data by release date using the YEAR() function and groups the data by label. It then calculates the number of songs in each group using the COUNT() function.
5457,rural health,"Detailed records on healthcare access, disease prevalence, and resource allocation in rural health.",window functions,"window functions (e.g., ROW_NUMBER, LEAD, LAG, RANk, NTILE, PERCENT_RANK, etc.) with partitioning and ordering",analytics and reporting,"generating reports, dashboards, and analytical insights","What is the average number of hospital beds per rural clinic in India, partitioned by state?","CREATE TABLE rural_clinics (clinic_id INT, state VARCHAR(50), no_of_beds INT); INSERT INTO rural_clinics VALUES (1, 'Assam', 20), (2, 'Assam', 15), (3, 'Bihar', 10), (4, 'Bihar', 12); CREATE TABLE rural_hospitals (hospital_id INT, state VARCHAR(50), no_of_beds INT); INSERT INTO rural_hospitals VALUES (1, 'Assam', 500), (2, 'Assam', 600), (3, 'Bihar', 400), (4, 'Bihar', 450);","SELECT AVG(r.no_of_beds) as avg_beds FROM (SELECT state, no_of_beds, ROW_NUMBER() OVER (PARTITION BY state ORDER BY no_of_beds DESC) as clinic_rank FROM rural_clinics) r WHERE r.clinic_rank = 1;","Calculate the average number of hospital beds per rural clinic in India, partitioned by state. First, rank the rural clinics in each state by the number of beds in descending order. Then, select the top-ranked clinic in each state and calculate the average number of beds for these clinics."
5458,archeology,"Detailed records on excavation sites, artifact analysis, historical context, and public outreach in archeology.",window functions,"window functions (e.g., ROW_NUMBER, LEAD, LAG, RANk, NTILE, PERCENT_RANK, etc.) with partitioning and ordering",analytics and reporting,"generating reports, dashboards, and analytical insights","What is the age of the oldest artifact for each culture, grouped by excavation site?","CREATE TABLE ancient_cultures (id INT, culture VARCHAR(50)); CREATE TABLE ancient_artifacts (id INT, artifact_name VARCHAR(50), age INT, excavation_site VARCHAR(50), culture_id INT);","SELECT excavation_site, MAX(age) OVER (PARTITION BY culture_id) as oldest_artifact_age FROM ancient_artifacts JOIN ancient_cultures ON ancient_artifacts.culture_id = ancient_cultures.id GROUP BY excavation_site, culture_id;","This query calculates the age of the oldest artifact for each culture, grouped by excavation site, by joining the 'ancient_artifacts' and 'ancient_cultures' tables on the 'culture_id' column, partitioning the results by 'culture_id', and selecting the maximum 'age' column value for each partition using the 'MAX' window function."
5459,venture capital,"Company founding data, investment rounds, exit strategies, and diversity metrics in the startup ecosystem.",single join,"only one join (specify inner, outer, cross)",analytics and reporting,"generating reports, dashboards, and analytical insights",What is the total funding amount for startups with at least one female founder?,"CREATE TABLE investments (company_id INT, funding_amount INT); INSERT INTO investments (company_id, funding_amount) VALUES (1, 5000000); INSERT INTO investments (company_id, funding_amount) VALUES (2, 3000000);",SELECT SUM(funding_amount) FROM investments JOIN companies ON investments.company_id = companies.id WHERE companies.founder_gender = 'female';,"This query first joins the investments and companies tables on the company_id column. Then it filters the results to only include rows where the founder_gender column in the companies table is 'female'. Finally, it calculates the sum of the funding_amount for the filtered rows."
5460,government policy,"Government data on open data initiatives, public participation, evidence-based policy making, and government transparency.",aggregation,"aggregation functions (COUNT, SUM, AVG, MIN, MAX, etc.), and HAVING clause",analytics and reporting,"generating reports, dashboards, and analytical insights",What is the total number of public schools and private schools in each state?,"CREATE TABLE states (name VARCHAR(255), schools_count INT); CREATE TABLE schools (name VARCHAR(255), state VARCHAR(255), school_type VARCHAR(255)); INSERT INTO states (name) VALUES ('California'), ('Texas'), ('New York'), ('Florida'), ('Illinois'); INSERT INTO schools (name, state, school_type) VALUES ('School A', 'California', 'Public'), ('School B', 'California', 'Private'), ('School C', 'Texas', 'Public'), ('School D', 'Texas', 'Public');","SELECT state, SUM(school_type = 'Public') as public_schools, SUM(school_type = 'Private') as private_schools FROM schools GROUP BY state;",This query calculates the total number of public and private schools in each state. It groups the data by state and calculates the sum of the school_type column with a condition to check if it's a public or private school.
5461,retail,"Retail data on circular supply chains, ethical labor practices, product transparency, and consumer education.",single join,"only one join (specify inner, outer, cross)",analytics and reporting,"generating reports, dashboards, and analytical insights",Which suppliers have provided the most circular supply chain products to our retail business?,"CREATE TABLE suppliers (id INT, supplier_name VARCHAR(50), total_supply INT); CREATE TABLE circular_supply_chain_products (id INT, product_id INT, supplier_id INT); INSERT INTO suppliers (id, supplier_name, total_supply) VALUES (1, 'GreenVest', 2000), (2, 'EcoFarms', 1500), (3, 'CircularWear', 1200); INSERT INTO circular_supply_chain_products (id, product_id, supplier_id) VALUES (1, 1, 1), (2, 2, 1), (3, 3, 2), (4, 4, 2), (5, 5, 3);","SELECT supplier_name, SUM(total_supply) FROM suppliers JOIN circular_supply_chain_products ON suppliers.id = circular_supply_chain_products.supplier_id GROUP BY supplier_name ORDER BY SUM(total_supply) DESC;","This SQL query identifies the suppliers that have provided the most circular supply chain products to the retail business by joining the suppliers table with the circular_supply_chain_products table, grouping by supplier_name, and ordering by the sum of total_supply in descending order."
5462,arts operations and management,"Data on art collections, cultural event attendance, artist demographics, museum operations, and heritage preservation efforts.",basic SQL,basic SQL with a simple select statement,analytics and reporting,"generating reports, dashboards, and analytical insights",What is the number of artworks created by male artists from Europe?,"CREATE TABLE artworks (id INT, artist VARCHAR(100), collection VARCHAR(50), gender VARCHAR(10), artworks INT); INSERT INTO artworks (id, artist, collection, gender, artworks) VALUES (1, 'Marc', 'European Collection', 'Male', 5), (2, 'Nina', 'Asian Collection', 'Female', 10), (3, 'Oliver', 'European Collection', 'Male', 15);",SELECT SUM(artworks) FROM artworks WHERE collection LIKE '%Europe%' AND gender = 'Male';,This query calculates the number of artworks created by male artists from Europe. It filters the artworks table by collection and gender and then calculates the sum of the artworks column.
5463,ocean shipping,"Detailed records on cargo handling, fleet management, port operations, and regulatory compliance in ocean shipping.",multiple_joins,"two or more joins (specify inner, outer, cross)",analytics and reporting,"generating reports, dashboards, and analytical insights",What is the total weight of containers handled per day by each ship agent in 'Rotterdam'?,"CREATE TABLE port (port_id INT, name TEXT, created_at DATETIME);CREATE TABLE ship_agent (ship_agent_id INT, port_id INT, name TEXT);CREATE TABLE container (container_id INT, ship_agent_id INT, weight INT, created_at DATETIME);INSERT INTO port VALUES (5, 'Rotterdam', '2022-01-01');","SELECT ship_agent.name, SUM(container.weight) FROM ship_agent JOIN port ON ship_agent.port_id = port.port_id JOIN container ON ship_agent.ship_agent_id = container.ship_agent_id WHERE port.name = 'Rotterdam' GROUP BY ship_agent.name, DATE(container.created_at);","The SQL query joins the 'ship_agent' and 'container' tables using the 'ship_agent_id' and then filters the results by the 'port' table to only include records from the 'Rotterdam' port. It then groups the results by ship agent name and the date the container was handled, and calculates the total weight of containers handled per day by each ship agent."
5464,food industry,"Food safety records, nutrition data, supply chain transparency, and sustainable food trends.",single join,"only one join (specify inner, outer, cross)",analytics and reporting,"generating reports, dashboards, and analytical insights",What is the total quantity of meat products sold in each region?,"CREATE TABLE Regions (RegionID INT, RegionName VARCHAR(50));CREATE TABLE Products (ProductID INT, ProductName VARCHAR(50), Meat BOOLEAN, QuantitySold INT); INSERT INTO Regions VALUES (1, 'Northeast'), (2, 'Southeast'); INSERT INTO Products VALUES (1, 'Chicken Breast', true, 100), (2, 'Tofu', false, 150), (3, 'Ground Beef', true, 200), (4, 'Fish Fillet', true, 50);","SELECT r.RegionName, p.ProductName, SUM(p.QuantitySold) as TotalQuantitySold FROM Regions r JOIN Products p ON r.RegionID = 1 GROUP BY r.RegionName, p.ProductName HAVING p.Meat = true;","This query joins the Regions and Products tables, filters for meat products, and then groups the data by region name and product name. Finally, it calculates the total quantity sold for each region-product combination."
5465,telecommunications,"Mobile and broadband subscriber data, network infrastructure investments, customer usage patterns, and regulatory compliance information.",single join,"only one join (specify inner, outer, cross)",analytics and reporting,"generating reports, dashboards, and analytical insights",What is the total revenue for the broadband plans in the last month?,"CREATE TABLE broadband_plans (id INT, name VARCHAR(50), price DECIMAL(5,2)); INSERT INTO broadband_plans (id, name, price) VALUES (1, 'PlanX', 60.00), (2, 'PlanY', 75.00); CREATE TABLE broadband_revenue (date DATE, plan_id INT, amount DECIMAL(5,2)); INSERT INTO broadband_revenue (date, plan_id, amount) VALUES ('2022-01-01', 1, 300.00), ('2022-01-01', 2, 450.00);","SELECT bp.name, SUM(br.amount) as total_revenue FROM broadband_plans bp INNER JOIN broadband_revenue br ON bp.id = br.plan_id WHERE br.date BETWEEN DATE_SUB(CURDATE(), INTERVAL 1 MONTH) AND CURDATE() GROUP BY bp.name;",The SQL query calculates the total revenue for the broadband plans in the last month by joining the broadband_plans and broadband_revenue tables on the plan_id column. It then filters the records based on the date range and calculates the sum of the amount column for each broadband plan.
5466,insurance,"Underwriting data, claims processing information, risk assessment models, and policyholder demographics.",single join,"only one join (specify inner, outer, cross)",analytics and reporting,"generating reports, dashboards, and analytical insights",List all policyholders who have filed multiple claims in the last 365 days.,"CREATE TABLE Policyholders (PolicyholderID INT, LastClaimDate DATE); CREATE TABLE Claims (ClaimID INT, PolicyholderID INT, ClaimDate DATE); INSERT INTO Policyholders (PolicyholderID, LastClaimDate) VALUES (1, '2021-02-01'), (2, '2022-02-15'), (3, NULL); INSERT INTO Claims (ClaimID, PolicyholderID, ClaimDate) VALUES (1, 1, '2022-01-01'), (2, 1, '2022-01-15'), (3, 2, '2022-02-10');","SELECT Policyholders.PolicyholderID, Policyholders.LastClaimDate, COUNT(Claims.ClaimID) AS NumberOfClaims FROM Policyholders LEFT JOIN Claims ON Policyholders.PolicyholderID = Claims.PolicyholderID WHERE Claims.ClaimDate BETWEEN DATE_SUB(CURRENT_DATE(), INTERVAL 365 DAY) AND CURRENT_DATE() GROUP BY Policyholders.PolicyholderID HAVING COUNT(Claims.ClaimID) > 1;","This SQL query lists all policyholders who have filed multiple claims in the last 365 days by performing a left join between the Policyholders and Claims tables on the PolicyholderID column. It then filters the results to only include claims that were filed in the last 365 days using the BETWEEN and CURRENT_DATE functions, and calculates the number of claims for each policyholder using the COUNT function. It returns the PolicyholderID, LastClaimDate, and number of claims columns."
5467,gaming technology,"Player demographics, game design data, esports event information, and virtual reality technology adoption.",basic SQL,basic SQL with a simple select statement,data definition,"creating, altering, or dropping tables and other database objects",Create a table for player demographics,"CREATE TABLE player_demographics (player_id INT PRIMARY KEY, age INT, gender VARCHAR(10), location VARCHAR(50));",CREATE TABLE player_demographics_new AS SELECT * FROM player_demographics WHERE 1=2;,A new table player_demographics_new is created with the same structure as player_demographics but no rows since the WHERE clause filters out all records.
5468,cybersecurity,"Threat intelligence data, vulnerability assessments, security incident response metrics, and cybersecurity policy analysis.",basic SQL,basic SQL with a simple select statement,analytics and reporting,"generating reports, dashboards, and analytical insights",What is the total number of high severity vulnerabilities reported by external sources in the last month?,"CREATE TABLE vulnerabilities (id INT, severity TEXT, source TEXT, reported_date DATE); INSERT INTO vulnerabilities (id, severity, source, reported_date) VALUES (1, 'high', 'external', '2021-10-05'); INSERT INTO vulnerabilities (id, severity, source, reported_date) VALUES (2, 'medium', 'internal', '2021-10-07'); INSERT INTO vulnerabilities (id, severity, source, reported_date) VALUES (3, 'high', 'external', '2021-11-02');","SELECT COUNT(*) FROM vulnerabilities WHERE severity = 'high' AND reported_date >= DATE_SUB(CURDATE(), INTERVAL 1 MONTH) AND source = 'external';","This query counts the number of high severity vulnerabilities reported by external sources in the last month by filtering the vulnerabilities table by severity, source, and reported_date."
5469,oil and gas,"Exploration data, production figures, infrastructure development, and market trends.",basic SQL,basic SQL with a simple select statement,analytics and reporting,"generating reports, dashboards, and analytical insights",Calculate the total oil production for the year 2020 from the 'oil_production' table,"CREATE TABLE oil_production (well_id INT, year INT, oil_volume FLOAT);",SELECT SUM(oil_volume) FROM oil_production WHERE year = 2020;,This SQL query calculates the total oil production for the year 2020 by summing up the 'oil_volume' column in the 'oil_production' table where the 'year' column is equal to 2020.
5470,public transportation,"Extensive data on route planning, fare collection, vehicle maintenance, and accessibility in public transportation.",multiple_joins,"two or more joins (specify inner, outer, cross)",analytics and reporting,"generating reports, dashboards, and analytical insights",What is the average number of passengers per trip for the 'Red Line' route during non-peak hours?,"CREATE TABLE Routes (RouteID int, RouteName varchar(255), Region varchar(255)); INSERT INTO Routes (RouteID, RouteName, Region) VALUES (1, 'North', 'East'), (2, 'South', 'Central'), (3, 'West', 'West'), (4, 'Red Line', 'East'); CREATE TABLE Trips (TripID int, RouteID int, Passengers int, TripDateTime datetime); CREATE TABLE PeakHours (PeakHourID int, StartTime time, EndTime time); INSERT INTO PeakHours (PeakHourID, StartTime, EndTime) VALUES (1, '06:00', '09:00'), (2, '16:00', '19:00');",SELECT AVG(Passengers) FROM Routes JOIN Trips ON Routes.RouteID = Trips.RouteID JOIN PeakHours ON Trips.TripDateTime BETWEEN PeakHours.StartTime AND PeakHours.EndTime WHERE Routes.RouteName = 'Red Line' AND NOT (PeakHours.StartTime BETWEEN '06:00' AND '09:00' OR PeakHours.StartTime BETWEEN '16:00' AND '19:00');,"The SQL query joins the 'Routes', 'Trips', and 'PeakHours' tables. It filters for rows where the 'RouteName' is 'Red Line' and the 'TripDateTime' does not fall within the start and end times of a peak hour. It then calculates the average of the 'Passengers' column to determine the average number of passengers per trip for the 'Red Line' route during non-peak hours."
5471,chemicals,"Chemical manufacturing data, safety protocols, environmental impact assessments, and product innovation metrics.",single join,"only one join (specify inner, outer, cross)",analytics and reporting,"generating reports, dashboards, and analytical insights",Identify the average safety incident rate per manufacturing plant in Europe in the past 12 months.,"CREATE TABLE SafetyIncidents (IncidentID INT, PlantID INT, IncidentDate DATE); INSERT INTO SafetyIncidents (IncidentID, PlantID, IncidentDate) VALUES (1, 101, '2020-06-15'), (2, 102, '2020-07-22'), (3, 101, '2021-02-03'), (4, 103, '2021-04-10'); CREATE TABLE ManufacturingPlants (PlantID INT, PlantLocation VARCHAR(50)); INSERT INTO ManufacturingPlants (PlantID, PlantLocation) VALUES (101, 'London'), (102, 'Paris'), (103, 'Berlin');","SELECT AVG(COUNT(DISTINCT PlantID)) AS AvgSafetyIncidentRate FROM SafetyIncidents JOIN ManufacturingPlants ON SafetyIncidents.PlantID = ManufacturingPlants.PlantID WHERE IncidentDate >= DATE_SUB(CURRENT_DATE, INTERVAL 12 MONTH) GROUP BY PlantLocation;","This query calculates the average safety incident rate per manufacturing plant in Europe in the past 12 months. It does this by joining the SafetyIncidents table with the ManufacturingPlants table on the PlantID column, filtering for rows where the IncidentDate is within the past 12 months, and grouping the results by PlantLocation. For each group, it calculates the count of distinct PlantIDs (i.e., the number of safety incidents at each plant), and then takes the average of those counts."
5472,space,"Space data on space exploration, satellite technology, space debris mitigation, and astrobiology.",aggregation,"aggregation functions (COUNT, SUM, AVG, MIN, MAX, etc.), and HAVING clause",analytics and reporting,"generating reports, dashboards, and analytical insights",What is the total cost of each country's space program?,"CREATE TABLE space_programs (program_id INT PRIMARY KEY, country VARCHAR(50), year INT, cost FLOAT); INSERT INTO space_programs (program_id, country, year, cost) VALUES (1, 'USA', 2020, 60000000000), (2, 'China', 2019, 12000000000), (3, 'Russia', 2021, 8000000000), (4, 'USA', 2019, 55000000000), (5, 'India', 2020, 2500000000);","SELECT country, SUM(cost) AS total_cost FROM space_programs GROUP BY country;","The SQL query uses the GROUP BY statement to group space programs by country, and the SUM() function to calculate the total cost of each country's space program."
5473,food industry,"Food safety records, nutrition data, supply chain transparency, and sustainable food trends.",basic SQL,basic SQL with a simple select statement,analytics and reporting,"generating reports, dashboards, and analytical insights",Find the maximum quantity of any ingredient,"CREATE TABLE inventory (id INT, ingredient_id INT, quantity INT); INSERT INTO inventory (id, ingredient_id, quantity) VALUES (1, 1, 50), (2, 2, 200), (3, 3, 100), (4, 4, 250);",SELECT MAX(quantity) FROM inventory;,This query finds the maximum quantity of any ingredient by selecting the 'quantity' column from the 'inventory' table and applying the MAX aggregate function.
5474,mining operations,"Mining operation data, environmental impact stats, workforce diversity, and resource depletion metrics.",basic SQL,basic SQL with a simple select statement,analytics and reporting,"generating reports, dashboards, and analytical insights",Calculate the average water consumption by mine for the mining company.,"CREATE TABLE mines (id INT, name VARCHAR(255), location VARCHAR(255), water_consumption INT); INSERT INTO mines (id, name, location, water_consumption) VALUES (1, 'Mine A', 'USA', 500000), (2, 'Mine B', 'Canada', 600000), (3, 'Mine C', 'USA', 400000), (4, 'Mine D', 'USA', 450000);",SELECT AVG(m.water_consumption) as avg_water_consumption FROM mines m;,The SQL query uses the mines table and calculates the average value for the water_consumption column.
5475,agriculture,"Comprehensive data on agroecology, food justice, indigenous food systems, and urban agriculture.",aggregation,"aggregation functions (COUNT, SUM, AVG, MIN, MAX, etc.), and HAVING clause",analytics and reporting,"generating reports, dashboards, and analytical insights",What is the average production of crops by year?,"CREATE TABLE crops_year (id INT, name VARCHAR(50), year INT, production INT); INSERT INTO crops_year (id, name, year, production) VALUES (1, 'Rice', 2020, 5000), (2, 'Wheat', 2020, 7000), (3, 'Soybean', 2020, 3000), (4, 'Barley', 2020, 4000), (5, 'Rice', 2019, 6000), (6, 'Wheat', 2019, 8000), (7, 'Soybean', 2019, 4000), (8, 'Barley', 2019, 5000);","SELECT year, AVG(production) as avg_production FROM crops_year GROUP BY year;",This query groups crops by year and then calculates the average production of each year using the AVG() function and the GROUP BY clause.
5476,artificial intelligence,"AI data on algorithmic fairness, AI safety, explainable AI, and creative AI applications.",subqueries,"subqueries, including correlated and nested subqueries",analytics and reporting,"generating reports, dashboards, and analytical insights",Which creative AI applications have a higher explainability score than the average explainability score for all creative AI applications?,"CREATE TABLE Creative_AI (app_name TEXT, explainability_score INT); INSERT INTO Creative_AI (app_name, explainability_score) VALUES ('AI Painter', 75), ('AI Poet', 82), ('AI Music Composer', 78);",SELECT app_name FROM Creative_AI WHERE explainability_score > (SELECT AVG(explainability_score) FROM Creative_AI);,"This SQL query identifies the creative AI applications in the Creative_AI table that have a higher explainability score than the average explainability score for all creative AI applications. It does this by using a subquery to calculate the average explainability score, and then using a WHERE clause to filter the rows in the Creative_AI table based on that average."
5477,entertainment industry,"Audience demographics, viewership trends, content ratings, production budgets, and marketing strategies for movies, TV shows, and music.",aggregation,"aggregation functions (COUNT, SUM, AVG, MIN, MAX, etc.), and HAVING clause",analytics and reporting,"generating reports, dashboards, and analytical insights","What was the total marketing budget for movies and TV shows, by genre and quarter?","CREATE TABLE MarketingBudget (title VARCHAR(255), genre VARCHAR(255), quarter INT, budget FLOAT); INSERT INTO MarketingBudget (title, genre, quarter, budget) VALUES ('Movie1', 'Action', 1, 100000), ('TVShow1', 'Comedy', 2, 150000), ('Movie2', 'Drama', 3, 120000), ('TVShow2', 'Action', 4, 140000), ('Movie3', 'Comedy', 1, 90000);","SELECT genre, quarter, SUM(budget) FROM MarketingBudget GROUP BY genre, quarter;","This SQL query calculates the total marketing budget for movies and TV shows, by genre and quarter. It first groups the data by genre and quarter, and then calculates the sum of the budget for each group."
5478,gaming industry,"Player analytics, game performance metrics, eSports data, and virtual reality trends.",subqueries,"subqueries, including correlated and nested subqueries",analytics and reporting,"generating reports, dashboards, and analytical insights",What is the number of players who have achieved a high score in each game genre?,"CREATE TABLE PlayerScores (PlayerID INT, GameID INT, HighScore INT); INSERT INTO PlayerScores (PlayerID, GameID, HighScore) VALUES (1, 1, 1000), (2, 2, 2000), (3, 1, 1500), (4, 3, 2500), (5, 2, 2200), (6, 1, 3000), (7, 4, 3500), (8, 3, 3000), (9, 2, 3300), (10, 5, 4000);   CREATE TABLE GameGenres (GameID INT, Genre VARCHAR(50)); INSERT INTO GameGenres (GameID, Genre) VALUES (1, 'Action'), (2, 'Strategy'), (3, 'RPG'), (4, 'Simulation'), (5, 'Puzzle');","SELECT Genre, COUNT(*) as PlayerCount FROM PlayerScores INNER JOIN GameGenres ON PlayerScores.GameID = GameGenres.GameID WHERE HighScore >= (SELECT AVG(HighScore) FROM PlayerScores) GROUP BY Genre;","This query calculates the number of players who have achieved a high score in each game genre by joining the PlayerScores and GameGenres tables on GameID, filtering for high scores (greater than the average), and then counting the number of players for each game genre."
5479,space exploration,"Spacecraft manufacturing data, space mission records, astronaut medical data, and astrophysics research.",CTEs,common table expressions,data manipulation,"inserting, updating, or deleting records",Add a new spacecraft to the Spacecrafts table.,"CREATE TABLE Spacecrafts (Sid INT, Name VARCHAR, Manufacturer VARCHAR, Launch_Date DATE, Status VARCHAR);","WITH new_spacecraft AS (VALUES (1, 'New Horizons 2', 'NASA', '2025-01-01', 'Active')) INSERT INTO Spacecrafts (Sid, Name, Manufacturer, Launch_Date, Status) SELECT * FROM new_spacecraft;",This query creates a CTE named new_spacecraft that contains a new spacecraft with its details. It then inserts this record into the Spacecrafts table.
5480,public health,"Community health statistics, infectious disease tracking data, healthcare access metrics, and public health policy analysis.",set operations,"set operations such as UNION, INTERSECT, and EXCEPT",analytics and reporting,"generating reports, dashboards, and analytical insights",Show the total number of healthcare providers in the Western and Southeast Asian regions.,"CREATE TABLE west_providers (region VARCHAR(255), provider VARCHAR(255)); INSERT INTO west_providers (region, provider) VALUES ('Western', 'General Practitioner'); INSERT INTO west_providers (region, provider) VALUES ('Western', 'Nurse Practitioner'); CREATE TABLE southeast_providers (region VARCHAR(255), provider VARCHAR(255)); INSERT INTO southeast_providers (region, provider) VALUES ('Southeast', 'Community Health Worker'); INSERT INTO southeast_providers (region, provider) VALUES ('Southeast', 'Public Health Nurse');",SELECT COUNT(*) FROM west_providers UNION ALL SELECT COUNT(*) FROM southeast_providers;,The SQL query uses the UNION ALL operator to combine the count of providers from both west_providers and southeast_providers tables.
5481,defense security,"Detailed records on military technology, intelligence operations, national security, and cybersecurity strategies.",aggregation,"aggregation functions (COUNT, SUM, AVG, MIN, MAX, etc.), and HAVING clause",analytics and reporting,"generating reports, dashboards, and analytical insights","How many cyber security incidents of each type occurred, with more than one incident?","CREATE TABLE CyberSecurityIncidents (id INT PRIMARY KEY, name VARCHAR(50), type VARCHAR(50), year INT); INSERT INTO CyberSecurityIncidents (id, name, type, year) VALUES (1, 'Heartbleed', 'Vulnerability', 2014); INSERT INTO CyberSecurityIncidents (id, name, type, year) VALUES (2, 'WannaCry', 'Ransomware', 2017);","SELECT type, COUNT(*) FROM CyberSecurityIncidents GROUP BY type HAVING COUNT(*) > 1 ORDER BY COUNT(*) DESC;","The SQL query groups the cyber security incidents by their type and then filters for types with more than one incident, ordering the results by the number of incidents in descending order. It uses the COUNT function to find the number of incidents for each type and the GROUP BY clause to group the results by type."
5482,gaming technology,"Player demographics, game design data, esports event information, and virtual reality technology adoption.",basic SQL,basic SQL with a simple select statement,analytics and reporting,"generating reports, dashboards, and analytical insights",List the unique game genres for esports events.,"CREATE TABLE Events (EventID INT, Name VARCHAR(100), Country VARCHAR(50), Participants INT, Genre VARCHAR(50)); INSERT INTO Events (EventID, Name, Country, Participants, Genre) VALUES (1, 'Event1', 'USA', 500, 'Action'), (2, 'Event2', 'Canada', 400, 'Adventure'), (3, 'Event3', 'England', 600, 'Simulation'), (4, 'Event4', 'France', 300, 'Strategy');",SELECT DISTINCT Genre FROM Events;,This query lists the unique game genres for esports events. It does this by selecting the distinct values of the Genre column using the DISTINCT keyword.
5483,forestry,"Comprehensive data on sustainable forest management, timber production, wildlife habitat, and carbon sequestration in forestry.",aggregation,"aggregation functions (COUNT, SUM, AVG, MIN, MAX, etc.), and HAVING clause",analytics and reporting,"generating reports, dashboards, and analytical insights","What is the average area of carbon sequestration sites in each continent, in hectares?","CREATE TABLE carbon_sequestration (id INT, continent VARCHAR(255), site_name VARCHAR(255), area FLOAT); INSERT INTO carbon_sequestration (id, continent, site_name, area) VALUES (1, 'North America', 'Site E', 30000.0), (2, 'North America', 'Site F', 40000.0), (3, 'South America', 'Site G', 50000.0), (4, 'South America', 'Site H', 60000.0);","SELECT continent, AVG(area) FROM carbon_sequestration GROUP BY continent;",The SQL query selects the continent and the average of the area from the carbon_sequestration table. It then groups the results by continent.
5484,sustainable infrastructure,"Green building data, renewable energy infrastructure projects, carbon offset initiatives, and smart city technology adoption.",basic SQL,basic SQL with a simple select statement,analytics and reporting,"generating reports, dashboards, and analytical insights",How many carbon offset initiatives are there in total in the 'carbon_offsets' table?,"CREATE TABLE if not exists carbon_offsets (initiative_id INT, initiative_name VARCHAR(255), location VARCHAR(255), offset_amount INT);",SELECT COUNT(*) FROM carbon_offsets WHERE offset_amount IS NOT NULL;,This query calculates the total number of carbon offset initiatives by counting the number of records in the 'carbon_offsets' table.
5485,charitable organizations,"Financial data, program impact, donor demographics, and volunteer management.",basic SQL,basic SQL with a simple select statement,analytics and reporting,"generating reports, dashboards, and analytical insights",What is the total amount donated by donors from the US?,"CREATE TABLE donors (id INT, name TEXT, country TEXT, amount_donated DECIMAL(10,2));",SELECT SUM(amount_donated) FROM donors WHERE country = 'US';,This query calculates the total amount donated by summing the 'amount_donated' column for all records where the 'country' column is equal to 'US'.
5486,mining industry,"Mineral extraction statistics, environmental impact assessments, labor productivity metrics, and geological survey information.",aggregation,"aggregation functions (COUNT, SUM, AVG, MIN, MAX, etc.), and HAVING clause",analytics and reporting,"generating reports, dashboards, and analytical insights",Compare labor productivity in coal mines between the Northern and Southern regions.,"CREATE TABLE labor_productivity (mine_type VARCHAR(20), region VARCHAR(20), productivity FLOAT); INSERT INTO labor_productivity (mine_type, region, productivity) VALUES ('Coal', 'North', 2.8), ('Coal', 'North', 2.9), ('Coal', 'South', 3.1), ('Coal', 'South', 3.0), ('Gold', 'North', 3.4), ('Gold', 'South', 3.6);","SELECT region, AVG(productivity) FROM labor_productivity WHERE mine_type = 'Coal' GROUP BY region;",This query compares labor productivity in coal mines between the Northern and Southern regions by finding the average productivity for coal mines in each region and grouping by 'region'.
5487,startups,"Company founding data, funding records, diversity metrics, and innovation trends.",basic SQL,basic SQL with a simple select statement,analytics and reporting,"generating reports, dashboards, and analytical insights",What is the total funding received by companies founded by people who identify as LGBTQ+ in the biotech sector?,"CREATE TABLE companies (id INT, name TEXT, industry TEXT, founders_lgbtq BOOLEAN, funding FLOAT);",SELECT SUM(funding) FROM companies WHERE founders_lgbtq = true AND industry = 'biotech';,This query calculates the total funding received by companies founded by people who identify as LGBTQ+ in the biotech sector by summing the 'funding' column for rows where 'founders_lgbtq' is true and 'industry' is 'biotech'.
5488,arts and culture,"Audience demographics, event attendance, program impact, and funding sources.",aggregation,"aggregation functions (COUNT, SUM, AVG, MIN, MAX, etc.), and HAVING clause",analytics and reporting,"generating reports, dashboards, and analytical insights",What is the average donation amount by continent?,"CREATE TABLE Donors (donor_id INT, donation_amount INT, continent VARCHAR(50)); INSERT INTO Donors (donor_id, donation_amount, continent) VALUES (13, 30, 'Europe'), (14, 80, 'Asia'), (15, 50, 'Africa');","SELECT continent, AVG(donation_amount) FROM Donors GROUP BY continent;",*Group the Donors table by continent and calculate the average donation amount for each continent.*
5489,nonprofit operations,"Donation records, program outcomes, volunteer engagement metrics, budget reports, and community impact assessments.",aggregation,"aggregation functions (COUNT, SUM, AVG, MIN, MAX, etc.), and HAVING clause",analytics and reporting,"generating reports, dashboards, and analytical insights",What was the budget for each department in 2019?,"CREATE TABLE Budget (id INT, department VARCHAR(50), category VARCHAR(50), amount FLOAT, budget_date DATE); INSERT INTO Budget (id, department, category, amount, budget_date) VALUES (1, 'Operations', 'Salaries', 50000, '2019-01-01'); INSERT INTO Budget (id, department, category, amount, budget_date) VALUES (2, 'Marketing', 'Advertising', 30000, '2019-02-01');","SELECT department, SUM(amount) as total_budget FROM Budget WHERE YEAR(budget_date) = 2019 GROUP BY department;","This SQL query calculates the total budget for each department in the year 2019 by using the SUM function on the amount column, grouped by the department column. The WHERE clause filters the records to only include budget records from 2019."
5490,public health,"Community health statistics, infectious disease tracking data, healthcare access metrics, and public health policy analysis.",basic SQL,basic SQL with a simple select statement,analytics and reporting,"generating reports, dashboards, and analytical insights",How many hospitals are there in the state of Texas?,"CREATE TABLE Hospitals (ID INT, Name VARCHAR(100), State VARCHAR(50)); INSERT INTO Hospitals (ID, Name, State) VALUES (1, 'MD Anderson Cancer Center', 'Texas'), (2, 'Baylor University Medical Center', 'Texas');",SELECT COUNT(*) FROM Hospitals WHERE State = 'Texas';,This SQL query counts the number of hospitals in the state of Texas by using the COUNT function on all rows (*) and filtering the data using the WHERE clause to only include hospitals from Texas.
5491,nonprofit,"Nonprofit data on charitable giving trends, social impact assessment, capacity building, and volunteer management.",subqueries,"subqueries, including correlated and nested subqueries",analytics and reporting,"generating reports, dashboards, and analytical insights",What is the minimum donation amount in the year 2021 from donors who have donated more than twice?,"CREATE TABLE donors (donor_id INT PRIMARY KEY, donation_amount DECIMAL(10, 2), donation_date DATE, first_donation_date DATE); INSERT INTO donors (donor_id, donation_amount, donation_date, first_donation_date) VALUES (1, 250, '2021-01-01', '2020-01-01'), (2, 750, '2021-01-03', '2019-01-01'), (3, 900, '2021-02-05', '2021-01-01'), (4, 400, '2021-03-01', '2020-01-01');",SELECT MIN(donation_amount) FROM donors WHERE YEAR(donation_date) = 2021 AND donor_id IN (SELECT donor_id FROM donors GROUP BY donor_id HAVING COUNT(*) > 2);,The SQL query calculates the minimum donation_amount from the donors table where donation_date falls in the year 2021 and donor_id appears more than twice in the donors table.
5492,legal services,"Case outcomes, legal precedents, attorney performance metrics, client demographics, and billing information.",basic SQL,basic SQL with a simple select statement,analytics and reporting,"generating reports, dashboards, and analytical insights",What is the maximum billing amount for cases in the civil law category?,"CREATE TABLE cases (case_id INT, category VARCHAR(20), billing_amount DECIMAL(10, 2));",SELECT MAX(billing_amount) FROM cases WHERE category = 'civil';,This query calculates the maximum billing amount for cases in the 'civil' category by finding the highest billing_amount value in the cases table where the category is 'civil'.
5493,museums,"Visitor demographics, exhibition analytics, community engagement metrics, and digital museum trends.",basic SQL,basic SQL with a simple select statement,analytics and reporting,"generating reports, dashboards, and analytical insights",What is the maximum number of visitors to temporary exhibitions in Tokyo?,"CREATE TABLE Exhibitions (id INT, city VARCHAR(50), visitors INT, exhibition_type VARCHAR(50)); INSERT INTO Exhibitions (id, city, visitors, exhibition_type) VALUES (1, 'Tokyo', 4000, 'temporary');",SELECT MAX(visitors) FROM Exhibitions WHERE city = 'Tokyo' AND exhibition_type = 'temporary';,Identify the maximum number of visitors to temporary exhibitions in Tokyo.
5494,journalism,"News reporting data, audience demographics, media ethics information, and investigative journalism projects.",set operations,"set operations such as UNION, INTERSECT, and EXCEPT",analytics and reporting,"generating reports, dashboards, and analytical insights","Identify the number of articles published daily in 'Denver Post' and 'San Francisco Chronicle' for the month of July 2022, excluding weekends.","CREATE TABLE DP_Articles(id INT, title VARCHAR(50), publication DATE, category VARCHAR(20));CREATE TABLE SFC_Articles(id INT, title VARCHAR(50), publication DATE, category VARCHAR(20));","SELECT CASE WHEN DATEPART(dw, publication) IN (1,7) THEN 'Weekend' ELSE 'Weekday' END AS DayType, COUNT(*) FROM DP_Articles WHERE publication BETWEEN '2022-07-01' AND '2022-07-31' AND DATEPART(dw, publication) NOT IN (1,7) GROUP BY CASE WHEN DATEPART(dw, publication) IN (1,7) THEN 'Weekend' ELSE 'Weekday' END UNION ALL SELECT CASE WHEN DATEPART(dw, publication) IN (1,7) THEN 'Weekend' ELSE 'Weekday' END AS DayType, COUNT(*) FROM SFC_Articles WHERE publication BETWEEN '2022-07-01' AND '2022-07-31' AND DATEPART(dw, publication) NOT IN (1,7) GROUP BY CASE WHEN DATEPART(dw, publication) IN (1,7) THEN 'Weekend' ELSE 'Weekday' END;","Identify the number of articles published daily in 'Denver Post' and 'San Francisco Chronicle' for the month of July 2022, excluding weekends by joining the two tables on the 'publication' column and filtering for articles published between the start and end dates of the month in the 'publication' column. Group the result by day type."
5495,sports,"Extensive data on athlete performance, team management, fan engagement, facility operations, and event planning in sports.",subqueries,"subqueries, including correlated and nested subqueries",analytics and reporting,"generating reports, dashboards, and analytical insights",Who has the highest number of three-point field goals for the Celtics?,"CREATE TABLE teams (team_id INT, team_name VARCHAR(50)); INSERT INTO teams (team_id, team_name) VALUES (1, 'Celtics'); CREATE TABLE games (game_id INT, home_team_id INT, away_team_id INT, home_team_score INT, away_team_score INT, home_team_three_point INT, away_team_three_point INT); INSERT INTO games (game_id, home_team_id, away_team_id, home_team_score, away_team_score, home_team_three_point, away_team_three_point) VALUES (1, 1, 2, 100, 90, 12, 10), (2, 2, 1, 80, 85, 15, 11), (3, 1, 3, 110, 105, 13, 14), (4, 4, 1, 70, 75, 9, 12);","SELECT home_team_three_point, away_team_three_point, (home_team_three_point + away_team_three_point) as total_three_point FROM games WHERE home_team_id = (SELECT team_id FROM teams WHERE team_name = 'Celtics') OR away_team_id = (SELECT team_id FROM teams WHERE team_name = 'Celtics') ORDER BY total_three_point DESC LIMIT 1;",The SQL query finds the total number of three-point field goals for the Celtics in each game and orders them in descending order. The query then returns the player with the highest number of three-point field goals.
5496,civil engineering,"Infrastructure development data, engineering design standards, public works project information, and resilience metrics.",basic SQL,basic SQL with a simple select statement,data manipulation,"inserting, updating, or deleting records","Insert a new record into the 'Roads' table for a road named 'Rainbow Road' with an ID of 4, located in 'Auckland, New Zealand', and added on '1985-07-20'.","CREATE TABLE Roads (ID INT, Name VARCHAR(50), Location VARCHAR(50), DateAdded DATE); INSERT INTO Roads (ID, Name, Location, DateAdded) VALUES (1, 'Highway 1', 'San Francisco, CA', '1937-05-27'); INSERT INTO Roads (ID, Name, Location, DateAdded) VALUES (2, 'Country Road 32', 'Gravel', '1967-03-21');","INSERT INTO Roads (ID, Name, Location, DateAdded) VALUES (4, 'Rainbow Road', 'Auckland, New Zealand', '1985-07-20');","The SQL query inserts a new record into the Roads table with the ID, Name, Location, and DateAdded values provided. This will add a new road record to the table for Rainbow Road."
5497,mental health,"In-depth data on mental health conditions, treatment approaches, patient outcomes, and public awareness campaigns in mental health.",single join,"only one join (specify inner, outer, cross)",analytics and reporting,"generating reports, dashboards, and analytical insights",What is the most common treatment approach for depression?,"CREATE TABLE treatments (id INT, patient_id INT, approach TEXT); CREATE TABLE conditions (id INT, name TEXT); INSERT INTO conditions (id, name) VALUES (1, 'Depression');","SELECT approach, COUNT(*) as count FROM treatments JOIN conditions ON treatments.approach = conditions.name WHERE conditions.id = 1 GROUP BY approach ORDER BY count DESC LIMIT 1;","This SQL query finds the most common treatment approach for depression. It does this by joining the treatments and conditions tables on the approach column, then filtering for rows where the condition id is 1 (which corresponds to 'Depression'). It then groups the results by the approach column and uses the COUNT function to count the number of rows in each group. The results are ordered in descending order by the count, and the top row is selected."
5498,finance,"Financial data on Shariah-compliant finance, socially responsible lending, financial capability, and financial wellbeing.",window functions,"window functions (e.g., ROW_NUMBER, LEAD, LAG, RANk, NTILE, PERCENT_RANK, etc.) with partitioning and ordering",analytics and reporting,"generating reports, dashboards, and analytical insights",What is the total amount of Shariah-compliant financing for clients in the top 3 countries with the most Shariah-compliant financing?,"CREATE TABLE shariah_financing(client_id INT, country VARCHAR(25), amount FLOAT);INSERT INTO shariah_financing(client_id, country, amount) VALUES (1, 'Malaysia', 5000), (2, 'UAE', 7000), (3, 'Indonesia', 6000), (4, 'Saudi Arabia', 8000), (5, 'Malaysia', 9000), (6, 'UAE', 10000), (7, 'Indonesia', 11000), (8, 'Saudi Arabia', 12000), (9, 'Malaysia', 13000), (10, 'UAE', 14000);","SELECT country, SUM(amount) as total_financing FROM shariah_financing WHERE country IN (SELECT country FROM (SELECT country, ROW_NUMBER() OVER (ORDER BY SUM(amount) DESC) as rank FROM shariah_financing GROUP BY country) WHERE rank <= 3) GROUP BY country;","This query first calculates the total amount of Shariah-compliant financing for each country using the SUM() function and groups the results by country. It then uses a subquery to rank the countries by the total amount of Shariah-compliant financing in descending order using the ROW_NUMBER() function. Finally, it selects the top 3 countries with the most Shariah-compliant financing and calculates the total amount of financing for each of these countries."
5499,media,"Media data on content diversity, media literacy, disinformation detection, and media representation.",basic SQL,basic SQL with a simple select statement,analytics and reporting,"generating reports, dashboards, and analytical insights",What is the total number of articles published in Spanish by El País in 2019 and 2020?,"CREATE TABLE articles_es (id INT, title VARCHAR(100), publication_date DATE, publisher VARCHAR(50), language VARCHAR(50)); INSERT INTO articles_es (id, title, publication_date, publisher, language) VALUES (1, 'Article1', '2019-01-01', 'El País', 'Spanish'), (2, 'Article2', '2020-02-01', 'El País', 'Spanish'), (3, 'Article3', '2021-03-01', 'El País', 'Spanish');",SELECT COUNT(*) FROM articles_es WHERE publication_date BETWEEN '2019-01-01' AND '2020-12-31' AND publisher = 'El País' AND language = 'Spanish';,Count the total number of articles published in Spanish by El País in 2019 and 2020.
5500,entertainment industry,"Audience demographics, viewership trends, content ratings, production budgets, and marketing strategies for movies, TV shows, and music.",basic SQL,basic SQL with a simple select statement,analytics and reporting,"generating reports, dashboards, and analytical insights",How many TV shows were produced in Canada and have more than 10 seasons?,"CREATE TABLE TV_Shows (show_id INT, title TEXT, country TEXT, seasons INT); INSERT INTO TV_Shows (show_id, title, country, seasons) VALUES (1, 'ShowC', 'USA', 8), (2, 'ShowD', 'Canada', 12);",SELECT COUNT(*) FROM TV_Shows WHERE country = 'Canada' AND seasons > 10;,This query counts the number of TV shows in the TV_Shows table that were produced in Canada and have more than 10 seasons by using the COUNT(*) aggregate function.
5501,civil engineering,"Infrastructure development data, engineering design standards, public works project information, and resilience metrics.",subqueries,"subqueries, including correlated and nested subqueries",analytics and reporting,"generating reports, dashboards, and analytical insights",Show the 5 most expensive projects in 'Dam Construction'.,"CREATE TABLE project_info (id INT, name VARCHAR(50), category VARCHAR(50), cost INT); INSERT INTO project_info (id, name, category, cost) VALUES (1, 'Test1', 'Dam Construction', 5000000);",SELECT * FROM (SELECT * FROM project_info WHERE category = 'Dam Construction' ORDER BY cost DESC) subquery LIMIT 5;,This query uses a subquery and the LIMIT keyword to show the 5 most expensive projects in the 'Dam Construction' category by order of cost.
5502,public transportation,"Extensive data on route planning, fare collection, vehicle maintenance, and accessibility in public transportation.",basic SQL,basic SQL with a simple select statement,analytics and reporting,"generating reports, dashboards, and analytical insights",What is the total distance traveled for all buses in the London transit system on a given day?,"CREATE TABLE london_buses (bus_id INT, daily_distance FLOAT, date DATE);",SELECT SUM(daily_distance) FROM london_buses WHERE date = '2022-03-01';,"This query sums the daily distance for all buses in the London transit system on March 1, 2022."
5503,gaming technology,"Player demographics, game design data, esports event information, and virtual reality technology adoption.",aggregation,"aggregation functions (COUNT, SUM, AVG, MIN, MAX, etc.), and HAVING clause",analytics and reporting,"generating reports, dashboards, and analytical insights","How many players have played a game in the past week, partitioned by platform?","CREATE TABLE PlayerGameHistory (PlayerGameID INT, PlayerID INT, GameID INT, PlayDate DATE, Platform VARCHAR(10)); INSERT INTO PlayerGameHistory (PlayerGameID, PlayerID, GameID, PlayDate, Platform) VALUES (1, 1, 1, '2022-02-01', 'PC'); INSERT INTO PlayerGameHistory (PlayerGameID, PlayerID, GameID, PlayDate, Platform) VALUES (2, 2, 2, '2022-02-05', 'Console');","SELECT Platform, COUNT(DISTINCT PlayerID) as PlayersLastWeek FROM PlayerGameHistory WHERE PlayDate >= '2022-02-01' GROUP BY Platform","Count the number of players who have played a game in the past week, partitioned by platform, by counting the number of unique players and grouping them by platform."
5504,artificial intelligence,"AI data on algorithmic fairness, AI safety, explainable AI, and creative AI applications.",single join,"only one join (specify inner, outer, cross)",analytics and reporting,"generating reports, dashboards, and analytical insights","How many algorithmic fairness issues have been reported for AI systems operating in the US, ordered by the number of issues in descending order?","CREATE TABLE ai_systems (system_id INT, system_name VARCHAR(50), country VARCHAR(50)); INSERT INTO ai_systems (system_id, system_name, country) VALUES (1, 'AISystem1', 'USA'), (2, 'AISystem2', 'Canada'), (3, 'AISystem3', 'Mexico'), (4, 'AISystem4', 'Brazil'); CREATE TABLE fairness_reports (report_id INT, system_id INT, issue_count INT); INSERT INTO fairness_reports (report_id, system_id, issue_count) VALUES (1, 1, 5), (2, 2, 3), (3, 3, 7), (4, 4, 2);","SELECT a.system_name, SUM(fr.issue_count) as total_issues FROM ai_systems a JOIN fairness_reports fr ON a.system_id = fr.system_id WHERE a.country = 'USA' GROUP BY a.system_name ORDER BY total_issues DESC;","The SQL query calculates the total number of algorithmic fairness issues for AI systems operating in the US by joining the ai_systems and fairness_reports tables, filtering the data based on country, aggregating the results using the SUM function, and ordering the results based on the total number of issues in descending order."
5505,oceanography,"Marine life research data, ocean floor mapping projects, pollution control initiatives, and maritime law compliance.",basic SQL,basic SQL with a simple select statement,analytics and reporting,"generating reports, dashboards, and analytical insights",How many marine species are in the Caribbean Sea?,"CREATE TABLE CaribbeanSea (species_name TEXT, population INT); INSERT INTO CaribbeanSea (species_name, population) VALUES ('Manatee', 6500), ('Coral', 50000);",SELECT COUNT(species_name) FROM CaribbeanSea WHERE species_name != 'Coral';,"This query identifies the number of marine species in the Caribbean Sea by counting the number of records in the 'CaribbeanSea' table, excluding the 'Coral' row as it represents a group of organisms rather than a single species."
5506,rural development,"Agricultural innovation metrics, rural infrastructure projects, community development initiatives, and economic diversification efforts.",subqueries,"subqueries, including correlated and nested subqueries",analytics and reporting,"generating reports, dashboards, and analytical insights",What is the name of the community development initiative with the most participants in the 'community_development' table?;,"CREATE TABLE community_development (id INT, initiative_name VARCHAR(50), number_of_participants INT); INSERT INTO community_development VALUES (1, 'Youth Skills Training', 100), (2, 'Women Empowerment', 120), (3, 'Elderly Care', 80), (4, 'Environmental Conservation', 150), (5, 'Cultural Preservation', 110);",SELECT initiative_name FROM community_development WHERE number_of_participants = (SELECT MAX(number_of_participants) FROM community_development);,"The SQL query finds the name of the community development initiative with the most participants by using a subquery to find the maximum number of participants in the community_development table, and then selecting the initiative_name field where the number_of_participants field matches this maximum value."
5507,healthcare,"Healthcare data on mental health parity, cultural competency, health equity metrics, and community health workers.",aggregation,"aggregation functions (COUNT, SUM, AVG, MIN, MAX, etc.), and HAVING clause",analytics and reporting,"generating reports, dashboards, and analytical insights",What is the count of community health workers by their language preference?,"CREATE TABLE community_health_workers (id INT, name VARCHAR(50), language VARCHAR(50)); INSERT INTO community_health_workers (id, name, language) VALUES (1, 'Juan Garcia', 'Spanish'), (2, 'James Smith', 'English'), (3, 'Sophia Nguyen', 'Vietnamese');","SELECT language, COUNT(*) as count FROM community_health_workers GROUP BY language;",This SQL query calculates the count of community health workers by their preferred language. It uses the COUNT function to count the number of community health workers in each language group and the GROUP BY clause to group the results by language.
5508,manufacturing,"Detailed records on ethical manufacturing, circular economy, workforce development, and industry 4.0.",aggregation,"aggregation functions (COUNT, SUM, AVG, MIN, MAX, etc.), and HAVING clause",analytics and reporting,"generating reports, dashboards, and analytical insights",How many machines in the renewable energy department need maintenance in the upcoming week?,"CREATE TABLE machines(id INT, name TEXT, department TEXT, last_maintenance DATE, next_maintenance DATE);INSERT INTO machines(id, name, department, last_maintenance, next_maintenance) VALUES (1, 'Machine A', 'Renewable Energy', '2021-09-01', '2021-11-05'), (2, 'Machine B', 'Renewable Energy', '2021-08-15', '2022-01-03'), (3, 'Machine C', 'Mechanical Engineering', '2021-10-01', '2021-12-05'), (4, 'Machine D', 'Electrical Engineering', '2021-07-01', '2021-09-30');","SELECT department, COUNT(*) as machines_need_maintenance FROM machines WHERE next_maintenance <= DATE_ADD(CURRENT_DATE, INTERVAL 1 WEEK) AND department = 'Renewable Energy' GROUP BY department;","The query filters machines in the renewable energy department that need maintenance in the upcoming week using a WHERE clause, and then groups the result by department to calculate the number of machines that need maintenance."
5509,education,"Education data on student mental health, teacher professional development, open pedagogy, and lifelong learning.",subqueries,"subqueries, including correlated and nested subqueries",analytics and reporting,"generating reports, dashboards, and analytical insights",How many students from underrepresented communities have enrolled in lifelong learning programs since 2018?,"CREATE TABLE students (student_id INT, enrollment_date DATE, underrepresented_community INT); INSERT INTO students (student_id, enrollment_date, underrepresented_community) VALUES (1, '2018-09-01', 1), (2, '2019-01-15', 0), (3, '2020-06-01', 1), (4, '2021-02-28', 0), (5, '2018-12-31', 1); CREATE TABLE programs (program_id INT, program_type VARCHAR(20)); INSERT INTO programs (program_id, program_type) VALUES (1, 'Lifelong Learning'), (2, 'Short Course'), (3, 'Workshop'), (4, 'Certification'), (5, 'Degree Program');",SELECT COUNT(*) FROM students WHERE underrepresented_community = 1 AND enrollment_date >= '2018-01-01' AND program_id IN (SELECT program_id FROM programs WHERE program_type = 'Lifelong Learning');,This query filters the students table for underrepresented community students who enrolled since 2018 and then counts the number of records with a lifelong learning program_id from the programs table.
5510,food industry,"Food safety records, nutrition data, supply chain transparency, and sustainable food trends.",single join,"only one join (specify inner, outer, cross)",analytics and reporting,"generating reports, dashboards, and analytical insights","What is the average caloric content of meals in each country, sorted by the highest average?","CREATE TABLE Meals (meal_id INT, meal_name TEXT, country_id INT, caloric_content FLOAT); CREATE TABLE Countries (country_id INT, country_name TEXT);","SELECT Countries.country_name, AVG(Meals.caloric_content) as avg_caloric_content FROM Meals INNER JOIN Countries ON Meals.country_id = Countries.country_id GROUP BY Countries.country_name ORDER BY avg_caloric_content DESC;","This query calculates the average caloric content of meals in each country, sorted by the highest average, by performing an inner join on the country_id column present in both tables, grouping the records based on the country_name column, calculating the average of the caloric_content column, and then ordering the results in descending order based on the average caloric content."
5511,human resources,"Employee demographics, talent acquisition data, diversity and inclusion metrics, and training program statistics.",aggregation,"aggregation functions (COUNT, SUM, AVG, MIN, MAX, etc.), and HAVING clause",analytics and reporting,"generating reports, dashboards, and analytical insights",Show the number of employees in each region from 'employee_demographics',"CREATE TABLE employee_demographics (id INT PRIMARY KEY, employee_id INT, name VARCHAR(255), department VARCHAR(255), region VARCHAR(255)); INSERT INTO employee_demographics (id, employee_id, name, department, region) VALUES (1, 101, 'Jamal Johnson', 'Marketing', 'Northwest'), (2, 102, 'Sofia Garcia', 'IT', 'Northeast');","SELECT region, COUNT(*) FROM employee_demographics GROUP BY region;",The query counts the number of employees in each region and groups the results by region.
5512,government services,"Public service delivery, budget allocation, citizen feedback, and policy impact.",aggregation,"aggregation functions (COUNT, SUM, AVG, MIN, MAX, etc.), and HAVING clause",analytics and reporting,"generating reports, dashboards, and analytical insights","What was the total number of citizen feedback records received in 2022, grouped by feedback type?","CREATE TABLE Feedback (Year INT, Type VARCHAR(20), Records INT); INSERT INTO Feedback (Year, Type, Records) VALUES (2022, 'Online', 12000), (2022, 'In-Person', 8000), (2022, 'Phone', 5000);","SELECT Type, SUM(Records) FROM Feedback WHERE Year = 2022 GROUP BY Type;","This query calculates the total number of citizen feedback records received in 2022, grouped by feedback type, by summing the records for each type in that year."
5513,civil engineering,"Infrastructure development data, engineering design standards, public works project information, and resilience metrics.",basic SQL,basic SQL with a simple select statement,analytics and reporting,"generating reports, dashboards, and analytical insights",What is the highest design standard for building load capacity in tonnes?,"CREATE TABLE design_standards (id INT, structure_type VARCHAR(255), load_capacity_tonnes FLOAT); INSERT INTO design_standards (id, structure_type, load_capacity_tonnes) VALUES (1, 'Building', 500.0), (2, 'Bridge', 800.0), (3, 'Tunnel', 600.0);",SELECT MAX(load_capacity_tonnes) FROM design_standards WHERE structure_type = 'Building';,"The SQL query calculates the highest design standard for building load capacity in tonnes by selecting the load_capacity_tonnes column, filtering for building projects, and then calculating the maximum value using the MAX() function."
5514,fashion retail,"Fashion trend data, textile sourcing info, customer size diversity, and sustainable fashion metrics.",single join,"only one join (specify inner, outer, cross)",analytics and reporting,"generating reports, dashboards, and analytical insights",What is the total quantity of each fabric type used in the production of sustainable clothing items in 2021?,"CREATE TABLE FabricInventory (InventoryID INT, ItemID INT, FabricType TEXT, Quantity INT); INSERT INTO FabricInventory (InventoryID, ItemID, FabricType, Quantity) VALUES (1, 1, 'Organic Cotton', 3), (2, 1, 'Hemp', 2), (3, 2, 'Recycled Polyester', 4), (4, 3, 'Organic Cotton', 5), (5, 4, 'Tencel', 6), (6, 5, 'Conventional Cotton', 7), (7, 6, 'Organic Cotton', 8), (8, 6, 'Hemp', 3), (9, 7, 'Recycled Polyester', 9); CREATE TABLE ClothingItems (ItemID INT, ItemName TEXT, ProductionDate DATE, Sustainable BOOLEAN); INSERT INTO ClothingItems (ItemID, ItemName, ProductionDate, Sustainable) VALUES (1, 'Organic Cotton Dress', '2021-01-01', true), (2, 'Recycled Polyester Skirt', '2021-02-01', true), (3, 'Organic Cotton Pants', '2021-03-01', true), (4, 'Tencel Jacket', '2021-04-01', true), (5, 'Conventional Cotton Shirt', '2021-05-01', false), (6, 'Sustainable Denim Jeans', '2021-06-01', true);","SELECT FabricType, SUM(Quantity) as TotalQuantity FROM FabricInventory JOIN ClothingItems ON FabricInventory.ItemID = ClothingItems.ItemID WHERE ProductionDate BETWEEN '2021-01-01' AND '2021-12-31' AND Sustainable = true GROUP BY FabricType;","The SQL query joins FabricInventory and ClothingItems tables based on ItemID, filters for sustainable clothing items produced in 2021, calculates the sum of fabric quantities by grouping by FabricType, and returns the total quantity of each fabric type used in the production of sustainable clothing items in 2021."
5515,retail,"Retail data on circular supply chains, ethical labor practices, product transparency, and consumer education.",basic SQL,basic SQL with a simple select statement,analytics and reporting,"generating reports, dashboards, and analytical insights",What is the average product price for items produced in the USA?,"CREATE TABLE products (product_id INT, product_name TEXT, price DECIMAL, country_of_origin TEXT); INSERT INTO products (product_id, product_name, price, country_of_origin) VALUES (1, 'T-Shirt', 20, 'USA'), (2, 'Jeans', 50, 'Italy');",SELECT AVG(price) FROM products WHERE country_of_origin = 'USA';,The SQL query calculates the average price of products by filtering the 'products' table for items from the USA and then applying the AVG() function.
5516,rare earth elements,"Rare earth element production data, market trends, environmental impact stats, and supply chain transparency.",window functions,"window functions (e.g., ROW_NUMBER, LEAD, LAG, RANk, NTILE, PERCENT_RANK, etc.) with partitioning and ordering",analytics and reporting,"generating reports, dashboards, and analytical insights",Identify companies that had a continuous increase in dysprosium production from 2018 to 2020.,"CREATE TABLE DysprosiumProduction (Company VARCHAR(50), Year INT, Production FLOAT); INSERT INTO DysprosiumProduction(Company, Year, Production) VALUES ('CompanyA', 2018, 75.3), ('CompanyA', 2019, 82.7), ('CompanyA', 2020, 90.1), ('CompanyB', 2018, 63.9), ('CompanyB', 2019, 68.1), ('CompanyB', 2020, 73.8), ('CompanyC', 2018, 86.4), ('CompanyC', 2019, 88.2), ('CompanyC', 2020, 89.6);","SELECT Company FROM (SELECT Company, Production, ROW_NUMBER() OVER (PARTITION BY Company ORDER BY Year) as rn, LAG(Production) OVER (PARTITION BY Company ORDER BY Year) as prev_prod FROM DysprosiumProduction) t WHERE rn > 1 AND prev_prod < Production GROUP BY Company HAVING COUNT(*) = 3;","This query identifies companies that had a continuous increase in dysprosium production from 2018 to 2020 by using the ROW_NUMBER() and LAG() functions to compare the production of each company for consecutive years, filtering for rows where the current production is greater than the previous production, and grouping by company to ensure a continuous increase for all years."
5517,biotechnology,"Genetic research data, bioprocess engineering information, biotech startup funding, and biosensor technology development.",basic SQL,basic SQL with a simple select statement,analytics and reporting,"generating reports, dashboards, and analytical insights",Which genetic research has a budget greater than $8M?,"CREATE TABLE research (name TEXT, budget FLOAT); INSERT INTO research (name, budget) VALUES ('ResearchA', 7000000), ('ResearchB', 9000000), ('ResearchC', 6000000);",SELECT name FROM research WHERE budget > 8000000;,This query retrieves the names of genetic research projects with a budget greater than $8M by using a WHERE clause to filter the 'budget' column.
5518,aquaculture,"Aquatic farming data, fish stock management, ocean health metrics, and sustainable seafood trends.",subqueries,"subqueries, including correlated and nested subqueries",analytics and reporting,"generating reports, dashboards, and analytical insights",What is the average water salinity in the Mediterranean Sea for the past decade?,"CREATE TABLE mediterranean_salinity (year INT, salinity FLOAT); INSERT INTO mediterranean_salinity (year, salinity) VALUES (2012, 38.4), (2013, 38.3), (2014, 38.5), (2015, 38.6), (2016, 38.7), (2017, 38.8), (2018, 38.9), (2019, 39.0), (2020, 39.1), (2021, 39.2);",SELECT AVG(salinity) FROM mediterranean_salinity WHERE year BETWEEN (SELECT EXTRACT(YEAR FROM NOW()) - 10) AND EXTRACT(YEAR FROM NOW());,This SQL query calculates the average water salinity in the Mediterranean Sea for the past decade. It starts by calculating the current year using NOW() function and then subtracting 10 from it to get the start year. The final SELECT statement retrieves the average salinity from the 'mediterranean_salinity' table for the specified range of years.
5519,waste management,"Waste generation metrics, recycling rates, landfill capacity data, and circular economy initiatives.",subqueries,"subqueries, including correlated and nested subqueries",analytics and reporting,"generating reports, dashboards, and analytical insights",Identify cities with waste generation above the average for cities in the recycling program.,"CREATE TABLE Cities (CityID INT, CityName VARCHAR(50), WasteGeneration FLOAT); INSERT INTO Cities VALUES (1, 'CityA', 1200), (2, 'CityB', 1800), (3, 'CityC', 1500); CREATE TABLE RecyclingProgram (CityID INT); INSERT INTO RecyclingProgram VALUES (1), (2), (3);","SELECT CityName, WasteGeneration FROM Cities WHERE WasteGeneration > (SELECT AVG(Cities.WasteGeneration) FROM Cities INNER JOIN RecyclingProgram ON Cities.CityID = RecyclingProgram.CityID);","This query identifies cities with waste generation above the average for cities in the recycling program by comparing the WasteGeneration column to the average WasteGeneration for cities in the recycling program, calculated using a subquery and a join between the Cities and RecyclingProgram tables."
5520,tourism,"International visitor statistics, travel advisory information, destination marketing data, and sustainable tourism practices.",aggregation,"aggregation functions (COUNT, SUM, AVG, MIN, MAX, etc.), and HAVING clause",analytics and reporting,"generating reports, dashboards, and analytical insights",Which destinations have the lowest sustainable tourism ratings in the Middle East in the second half of 2023?,"CREATE TABLE SustainabilityRatings (DestinationID INT, Destination VARCHAR(50), SustainabilityRating INT, Country VARCHAR(50)); INSERT INTO SustainabilityRatings (DestinationID, Destination, SustainabilityRating, Country) VALUES (1, 'Desert Retreat', 2, 'United Arab Emirates'), (2, 'Ancient Ruins', 3, 'Israel'), (3, 'Historic City', 4, 'Turkey');","SELECT Destination, SUM(SustainabilityRating) AS TotalRating FROM SustainabilityRatings WHERE Country = 'United Arab Emirates' OR Country = 'Israel' OR Country = 'Turkey' AND SustainabilityRating < 5 GROUP BY Destination ORDER BY TotalRating ASC;","This query filters the SustainabilityRatings table for destinations in the Middle East with sustainable tourism ratings lower than 5 in the second half of 2023 with the WHERE clause. It groups the results by the destination, calculates the total sustainable tourism rating for each destination, and orders the results in ascending order based on the total rating."
5521,rural development,"Agricultural innovation metrics, rural infrastructure projects, community development initiatives, and economic diversification efforts.",basic SQL,basic SQL with a simple select statement,analytics and reporting,"generating reports, dashboards, and analytical insights",What is the maximum budget for an agricultural innovation project in the 'rural_infrastructure' table?,"CREATE TABLE rural_infrastructure (id INT, name VARCHAR(50), type VARCHAR(50), budget FLOAT); INSERT INTO rural_infrastructure (id, name, type, budget) VALUES (1, 'Solar Irrigation', 'Agricultural Innovation', 150000.00), (2, 'Wind Turbines', 'Rural Infrastructure', 200000.00), (3, 'Drip Irrigation', 'Agricultural Innovation', 110000.00);",SELECT MAX(budget) FROM rural_infrastructure WHERE type = 'Agricultural Innovation';,This query uses the MAX function to retrieve the maximum budget for an agricultural innovation project from the rural_infrastructure table. The WHERE clause filters the rows based on the type column being 'Agricultural Innovation'. The result is the maximum value of the budget column for all rows that match this condition.
5522,government policy,"Government data on open data initiatives, public participation, evidence-based policy making, and government transparency.",basic SQL,basic SQL with a simple select statement,data manipulation,"inserting, updating, or deleting records",Update the registration date of voter with ID '12345' to '2022-01-01'.,"CREATE TABLE voting_data (voter_id INT, name VARCHAR(100), age INT, state VARCHAR(50), registration_date DATE);",UPDATE voting_data SET registration_date = '2022-01-01' WHERE voter_id = 12345;,This query updates the registration date of the voter with ID '12345' to '2022-01-01' in the 'voting_data' table.
5523,museums,"Visitor demographics, exhibition analytics, community engagement metrics, and digital museum trends.",aggregation,"aggregation functions (COUNT, SUM, AVG, MIN, MAX, etc.), and HAVING clause",analytics and reporting,"generating reports, dashboards, and analytical insights",What is the average visitor count for exhibitions held in each country?,"CREATE TABLE exhibitions (id INT, country VARCHAR(50), visitor_count INT); INSERT INTO exhibitions (id, country, visitor_count) VALUES (1, 'USA', 300), (2, 'Canada', 200), (3, 'Mexico', 100);","SELECT country, AVG(visitor_count) FROM exhibitions GROUP BY country;","This query finds the average visitor count for exhibitions held in each country. It does so by using the AVG() function on the visitor_count column, grouping the data by country using the GROUP BY clause."
5524,artificial intelligence,"AI data on algorithmic fairness, AI safety, explainable AI, and creative AI applications.",aggregation,"aggregation functions (COUNT, SUM, AVG, MIN, MAX, etc.), and HAVING clause",analytics and reporting,"generating reports, dashboards, and analytical insights",What is the distribution of explainability scores for creative AI algorithms by continent?,"CREATE TABLE creative_ai_algorithm_explainability_scores (issue_id INT PRIMARY KEY, ai_algorithm_id INT, explainability_score FLOAT, continent VARCHAR(255));","SELECT continent, AVG(explainability_score) AS avg_explainability_score FROM creative_ai_algorithm_explainability_scores GROUP BY continent;","This SQL query lists the distribution of explainability scores for creative AI algorithms by continent. It does this by using the GROUP BY clause to group the results by continent, and the AVG function to calculate the average value of the explainability_score column."
5525,precision agriculture,"Precision farming data, satellite imagery analysis, IoT sensor metrics, and agricultural automation trends.",basic SQL,basic SQL with a simple select statement,analytics and reporting,"generating reports, dashboards, and analytical insights",What is the total precipitation in Germany for the current month?,"CREATE TABLE iot_sensors (id INT, location VARCHAR(50), precipitation FLOAT, reading_time TIMESTAMP);","SELECT SUM(precipitation) FROM iot_sensors WHERE location = 'Germany' AND reading_time BETWEEN DATE_FORMAT(NOW(), '%Y-%m-01') AND LAST_DAY(NOW());",This query calculates the total precipitation in Germany for the current month. It filters the data for Germany and the current month using the location and reading_time columns and the WHERE clause. The SUM function is used to calculate the total precipitation.
5526,aquaculture,"Aquatic farming data, fish stock management, ocean health metrics, and sustainable seafood trends.",aggregation,"aggregation functions (COUNT, SUM, AVG, MIN, MAX, etc.), and HAVING clause",analytics and reporting,"generating reports, dashboards, and analytical insights","What is the average dissolved oxygen level for each country's aquaculture sites, partitioned by farm type?","CREATE TABLE aquaculture_sites (site_id INT, country VARCHAR(50), farm_type VARCHAR(50), dissolved_oxygen FLOAT); INSERT INTO aquaculture_sites VALUES (1, 'Norway', 'Freshwater', 7.5), (2, 'Norway', 'Marine', 8.2), (3, 'Canada', 'Freshwater', 6.8), (4, 'Canada', 'Marine', 8.0);","SELECT country, farm_type, AVG(dissolved_oxygen) AS avg_dissolved_oxygen FROM aquaculture_sites GROUP BY country, farm_type;",Calculate the average dissolved oxygen level for each unique combination of country and farm type.
5527,disability services,"Comprehensive data on disability accommodations, support programs, policy advocacy, and inclusion efforts in disability services.",single join,"only one join (specify inner, outer, cross)",analytics and reporting,"generating reports, dashboards, and analytical insights",How many students with visual impairments have received accommodations in the last year?,"CREATE TABLE Accommodations (id INT, student VARCHAR(255), date DATE); CREATE TABLE Students (id INT, name VARCHAR(255), age INT, disability VARCHAR(255));","SELECT COUNT(*) FROM Accommodations INNER JOIN Students ON Accommodations.student = Students.id WHERE disability = 'visual impairment' AND date >= DATE_SUB(CURRENT_DATE, INTERVAL 1 YEAR);","The SQL query calculates the number of students with visual impairments who have received accommodations in the last year. It joins the Accommodations and Students tables on the student column, filters the records based on the disability and date columns, and then counts the number of records using the COUNT function."
5528,humanitarian aid,"Extensive data on disaster response, refugee support, community development, and advocacy in humanitarian aid.",window functions,"window functions (e.g., ROW_NUMBER, LEAD, LAG, RANk, NTILE, PERCENT_RANK, etc.) with partitioning and ordering",analytics and reporting,"generating reports, dashboards, and analytical insights",What is the running total of donations for each supporter?,"CREATE TABLE donations (id INT, supporter INT, amount FLOAT); INSERT INTO donations (id, supporter, amount) VALUES (1, 1, 50.00), (2, 2, 100.00), (3, 3, 150.00), (4, 4, 200.00);","SELECT supporter, amount, SUM(amount) OVER (ORDER BY supporter) AS running_total FROM donations;",This query retrieves the running total of donations for each supporter by ordering the donations table by supporter and then computing the sum of the amount column using the window function SUM(amount) OVER.
5529,defense operations,"Defense data on military innovation, peacekeeping operations, defense diplomacy, and humanitarian assistance.",aggregation,"aggregation functions (COUNT, SUM, AVG, MIN, MAX, etc.), and HAVING clause",analytics and reporting,"generating reports, dashboards, and analytical insights","What is the average number of military personnel in humanitarian assistance operations by country, for countries with more than 200 personnel?","CREATE TABLE HumanitarianAssistanceOperations (id INT, country VARCHAR(50), military_personnel INT);","SELECT country, AVG(military_personnel) FROM HumanitarianAssistanceOperations GROUP BY country HAVING COUNT(*) > 200;","The SQL query calculates the average number of military personnel in humanitarian assistance operations for countries with more than 200 personnel. It starts with a SELECT statement to choose the country and the average military personnel. Then, it uses the GROUP BY clause to group the records by country. Lastly, the HAVING clause is applied to filter countries with more than 200 personnel."
5530,oceans,"Ocean data on marine conservation, ocean acidification, deep-sea exploration, and maritime safety.",aggregation,"aggregation functions (COUNT, SUM, AVG, MIN, MAX, etc.), and HAVING clause",analytics and reporting,"generating reports, dashboards, and analytical insights",What is the total CO2 emissions for each marine conservation project?,"CREATE TABLE conservation_projects (id INT, name VARCHAR(20), co2_emissions INT); INSERT INTO conservation_projects (id, name, co2_emissions) VALUES (1, 'Coral Reef Restoration', 250), (2, 'Mangrove Forest Protection', 180), (3, 'Seagrass Meadows Conservation', 120);","SELECT name, SUM(co2_emissions) FROM conservation_projects GROUP BY name;",The SQL query uses the SUM aggregate function to calculate the total CO2 emissions for each marine conservation project and groups the results by name.
5531,fitness industry,"Workout data, membership demographics, wearable technology metrics, and wellness trends.",basic SQL,basic SQL with a simple select statement,analytics and reporting,"generating reports, dashboards, and analytical insights",What is the maximum workout duration for users from Brazil?,"CREATE TABLE Workout (user_id INT, workout_duration INT, country VARCHAR(50)); INSERT INTO Workout (user_id, workout_duration, country) VALUES (1, 30, 'Brazil'), (2, 40, 'USA'), (3, 50, 'Brazil'), (4, 60, 'Brazil');",SELECT MAX(workout_duration) FROM Workout WHERE country = 'Brazil';,This query finds the maximum workout duration for users from Brazil by selecting the maximum value of the workout_duration column for rows with the country value as 'Brazil'.
5532,mining operations,"Mining operation data, environmental impact stats, workforce diversity, and resource depletion metrics.",basic SQL,basic SQL with a simple select statement,analytics and reporting,"generating reports, dashboards, and analytical insights",What is the total number of employees from underrepresented communities?,"CREATE TABLE employee (employee_id INT, employee_name TEXT, gender TEXT, ethnicity TEXT); INSERT INTO employee (employee_id, employee_name, gender, ethnicity) VALUES (1, 'John Doe', 'Male', 'Caucasian'), (2, 'Jane Smith', 'Female', 'African American'), (3, 'Alice Johnson', 'Female', 'Hispanic'), (4, 'Bob Brown', 'Male', 'Asian'), (5, 'Emily Davis', 'Female', 'Native American'), (6, 'Michael Lee', 'Male', 'Asian'), (7, 'Jessica Kim', 'Female', 'Asian'), (8, 'David Nguyen', 'Male', 'Asian'), (9, 'Grace Park', 'Female', 'Asian'), (10, 'Daniel Kim', 'Male', 'Asian');","SELECT COUNT(e.employee_id) as total_employees FROM employee e WHERE e.ethnicity IN ('African American', 'Hispanic', 'Native American');","This SQL query counts the number of employees from underrepresented communities by filtering the employee table for employees who are African American, Hispanic, or Native American."
5533,pharmaceuticals,"Clinical trial outcomes, drug approval data, sales figures, R&D expenditures, and market access strategies.",basic SQL,basic SQL with a simple select statement,analytics and reporting,"generating reports, dashboards, and analytical insights",What was the total sales for DrugC in 2016?,"CREATE TABLE PharmaSales (DrugName TEXT, Year INTEGER, Sales INTEGER); INSERT INTO PharmaSales (DrugName, Year, Sales) VALUES ('DrugA', 2015, 5000000); INSERT INTO PharmaSales (DrugName, Year, Sales) VALUES ('DrugA', 2016, 5500000); INSERT INTO PharmaSales (DrugName, Year, Sales) VALUES ('DrugB', 2015, 6000000); INSERT INTO PharmaSales (DrugName, Year, Sales) VALUES ('DrugB', 2016, 6500000); INSERT INTO PharmaSales (DrugName, Year, Sales) VALUES ('DrugC', 2017, 7000000); INSERT INTO PharmaSales (DrugName, Year, Sales) VALUES ('DrugC', 2016, 6000000);",SELECT SUM(Sales) FROM PharmaSales WHERE DrugName = 'DrugC' AND Year = 2016;,Calculate the total sales for DrugC in 2016.
5534,public safety,"Crime statistics, emergency response times, community policing metrics, and disaster preparedness data.",aggregation,"aggregation functions (COUNT, SUM, AVG, MIN, MAX, etc.), and HAVING clause",analytics and reporting,"generating reports, dashboards, and analytical insights",What is the maximum 911 call volume for each day of the week?,"CREATE TABLE call_volume (cvid INT, call_date DATE, call_count INT, day_of_week VARCHAR(10));","SELECT day_of_week, MAX(call_count) FROM call_volume GROUP BY day_of_week;",Groups the call_volume table by day_of_week and calculates the maximum call count for each day.
5535,water resources,"Water usage metrics, drought impact assessments, wastewater treatment data, and water conservation initiatives.",aggregation,"aggregation functions (COUNT, SUM, AVG, MIN, MAX, etc.), and HAVING clause",analytics and reporting,"generating reports, dashboards, and analytical insights","Identify the number of wastewater treatment plants built in each state between 2000 and 2010, excluding California.","CREATE TABLE wastewater_plants(state VARCHAR(20), year INT, num_plants INT); INSERT INTO wastewater_plants VALUES ('California', 2000, 15), ('California', 2001, 17), ('California', 2002, 19), ('Nevada', 2000, 5), ('Nevada', 2001, 6), ('Nevada', 2002, 7), ('Arizona', 2000, 8), ('Arizona', 2001, 9), ('Arizona', 2002, 10);","SELECT state, COUNT(*) FROM wastewater_plants WHERE state != 'California' AND year BETWEEN 2000 AND 2010 GROUP BY state;","The SQL query identifies the number of wastewater treatment plants built in each state between 2000 and 2010, excluding California. It filters the wastewater_plants table for the specified conditions and then groups the data by state, counting the number of plants for each state."
5536,construction,"Building permit data, construction labor statistics, project timeline information, and sustainable building practices.",basic SQL,basic SQL with a simple select statement,analytics and reporting,"generating reports, dashboards, and analytical insights",What is the maximum construction labor cost per hour in Oregon?,"CREATE TABLE labor_costs (id INT, task VARCHAR(50), cost FLOAT, state VARCHAR(50)); INSERT INTO labor_costs (id, task, cost, state) VALUES (1, 'Concrete Work', 50.00, 'Oregon'); INSERT INTO labor_costs (id, task, cost, state) VALUES (2, 'Electrical Work', 60.50, 'Oregon');",SELECT MAX(cost) FROM labor_costs WHERE state = 'Oregon',"This query retrieves the maximum construction labor cost per hour in Oregon by selecting the cost column from the labor_costs table, filtering the results by the state column with the value 'Oregon', and then applying the MAX aggregate function to the cost column."
5537,entertainment industry,"Audience demographics, viewership trends, content ratings, production budgets, and marketing strategies for movies, TV shows, and music.",basic SQL,basic SQL with a simple select statement,analytics and reporting,"generating reports, dashboards, and analytical insights",List the top 3 most viewed Animation movies in descending order.,"CREATE TABLE movie (id INT, title VARCHAR(50), genre VARCHAR(20), viewers INT); INSERT INTO movie (id, title, genre, viewers) VALUES (1, 'Movie1', 'Animation', 150000), (2, 'Movie2', 'Action', 250000), (3, 'Movie3', 'Animation', 200000), (4, 'Movie4', 'Drama', 100000), (5, 'Movie5', 'Animation', 220000);",SELECT title FROM movie WHERE genre = 'Animation' ORDER BY viewers DESC LIMIT 3;,This query retrieves the titles of the top 3 most viewed Animation movies in descending order by selecting the title column for movies in the Animation genre and then ordering the results by the viewers column in descending order and limiting the results to the top 3.
5538,oil and gas,"Exploration data, production figures, infrastructure development, and market trends.",basic SQL,basic SQL with a simple select statement,analytics and reporting,"generating reports, dashboards, and analytical insights",What is the maximum depth for wells in the 'SouthChinaSea' schema?,"CREATE TABLE SouthChinaSea.wells (well_id INT, depth FLOAT); INSERT INTO SouthChinaSea.wells (well_id, depth) VALUES (1, 1200.5), (2, 1800.3), (3, 2050.2);",SELECT MAX(depth) FROM SouthChinaSea.wells;,This query calculates the maximum value of the 'depth' column in the 'wells' table located in the 'SouthChinaSea' schema using the MAX() function.
5539,philanthropy,"Philanthropy data on effective altruism, impact investing, philanthropic trends, and donor demographics.",aggregation,"aggregation functions (COUNT, SUM, AVG, MIN, MAX, etc.), and HAVING clause",analytics and reporting,"generating reports, dashboards, and analytical insights",How many unique donors are there for each cause?,"CREATE TABLE unique_donors (donor_id INT, cause_id INT); INSERT INTO unique_donors (donor_id, cause_id) VALUES (1, 1), (1, 2), (2, 2), (3, 3), (3, 3), (4, 1);","SELECT cause_id, COUNT(DISTINCT donor_id) AS unique_donors FROM unique_donors GROUP BY cause_id;",This SQL query calculates the number of unique donors for each cause by grouping the cause_id and counting the number of distinct donor_id.
5540,maritime,"Vessel performance data, cargo tracking, safety records, and regulatory compliance.",single join,"only one join (specify inner, outer, cross)",analytics and reporting,"generating reports, dashboards, and analytical insights","List all the vessels that have a capacity less than 50,000 tons.","CREATE TABLE vessel_capacity (id INT, vessel_id INT, capacity INT);",SELECT v.name FROM vessel_capacity vc JOIN vessel v ON vc.vessel_id = v.id WHERE vc.capacity < 50000;,"This query retrieves the names of vessels that have a capacity less than 50,000 tons. It joins the vessel_capacity table with the vessel table based on the vessel_id. It then filters the results based on the capacity, using the < operator."
5541,space,"Space data on space exploration, satellite technology, space debris mitigation, and astrobiology.",basic SQL,basic SQL with a simple select statement,data manipulation,"inserting, updating, or deleting records",Delete any space missions in Low Earth Orbit (LEO) that have been active for more than 10 years.,"CREATE TABLE leo_missions (id INT, name VARCHAR(50), type VARCHAR(50), orbit VARCHAR(50), years_active INT); INSERT INTO leo_missions (id, name, type, orbit, years_active) VALUES (1, 'Mission1', 'Communication', 'LEO', 8), (2, 'Mission2', 'Observation', 'LEO', 11), (3, 'Mission3', 'Navigation', 'LEO', 9);",DELETE FROM leo_missions WHERE orbit = 'LEO' AND years_active > 10;,Delete records from the leo_missions table where orbit is 'LEO' and years_active is greater than 10.
5542,gaming industry,"Player analytics, game performance metrics, eSports data, and virtual reality trends.",basic SQL,basic SQL with a simple select statement,analytics and reporting,"generating reports, dashboards, and analytical insights",What was the average score of players from Japan in the 'global_tournament' table?,"CREATE TABLE global_tournament (player_id INT, player_name TEXT, score INT, country TEXT);",SELECT AVG(score) as avg_score FROM global_tournament WHERE country = 'Japan';,This query calculates the average score of players from Japan in the 'global_tournament' table. It does this by selecting the average 'score' column value where the 'country' column is equal to 'Japan'.
5543,music,"Detailed records on music creation, distribution, marketing, and consumption patterns across various genres and platforms.",aggregation,"aggregation functions (COUNT, SUM, AVG, MIN, MAX, etc.), and HAVING clause",analytics and reporting,"generating reports, dashboards, and analytical insights",What is the average number of tracks per album for pop artists?,"CREATE TABLE artists (id INT, name VARCHAR(255), genre VARCHAR(255)); CREATE TABLE albums (id INT, artist_id INT, title VARCHAR(255), num_tracks INT); INSERT INTO artists (id, name, genre) VALUES (1, 'Taylor Swift', 'Pop'), (2, 'BTS', 'Pop'), (3, 'Ed Sheeran', 'Pop'); INSERT INTO albums (id, artist_id, title, num_tracks) VALUES (1, 1, 'Lover', 18), (2, 1, 'Fearless', 13), (3, 2, 'BE', 14), (4, 3, 'Divide', 16);",SELECT AVG(num_tracks) FROM albums WHERE genre = 'Pop' GROUP BY artist_id;,"Calculate the average number of tracks per album for pop artists by grouping albums by the artist_id and genre, and then applying the AVG function to the num_tracks column."
5544,retail,"Retail data on circular supply chains, ethical labor practices, product transparency, and consumer education.",aggregation,"aggregation functions (COUNT, SUM, AVG, MIN, MAX, etc.), and HAVING clause",analytics and reporting,"generating reports, dashboards, and analytical insights",What is the maximum quantity of products that are 'recycled' and 'fair_trade' certified?,"CREATE TABLE products (product_id INT, product_name VARCHAR(255), certification VARCHAR(255), quantity INT);INSERT INTO products VALUES (1,'Product A','recycled',5),(2,'Product B','fair_trade',10),(3,'Product C','organic',15),(4,'Product D','recycled',20),(5,'Product E','fair_trade',25),(6,'Product F','recycled, fair_trade',30);","SELECT MAX(quantity) FROM products WHERE certification IN ('recycled', 'fair_trade') GROUP BY certification HAVING COUNT(DISTINCT certification) = 2",The SQL query calculates the maximum quantity of products that are both 'recycled' and 'fair_trade' certified by using the IN operator to filter the products table based on the certification column and the GROUP BY and HAVING clauses to only consider rows where both certifications are present.
5545,charitable organizations,"Financial data, program impact, donor demographics, and volunteer management.",single join,"only one join (specify inner, outer, cross)",analytics and reporting,"generating reports, dashboards, and analytical insights",What is the total amount donated by each donor type in the last quarter?,"CREATE TABLE Donors (DonorID INT, DonorName VARCHAR(50), DonorType VARCHAR(50));  CREATE TABLE Donations (DonationID INT, DonorID INT, DonationAmount DECIMAL(10,2), DonationDate DATE);","SELECT Donors.DonorType, SUM(Donations.DonationAmount) FROM Donors INNER JOIN Donations ON Donors.DonorID = Donations.DonorID WHERE Donations.DonationDate >= DATEADD(quarter, -1, GETDATE()) GROUP BY Donors.DonorType;","This query calculates the total amount donated by each donor type in the last quarter by using the SUM function on the DonationAmount column, filtering the Donations table to only include rows where the DonationDate is within the last quarter, and grouping the results by the DonorType column."
5546,real estate,"Real estate data on inclusive housing policies, sustainable urbanism, property co-ownership, and housing affordability.",single join,"only one join (specify inner, outer, cross)",analytics and reporting,"generating reports, dashboards, and analytical insights",Find the co-owners of a property in the EcoHousing development.,"CREATE TABLE EcoHousing (property_id INT, coowner_name TEXT, units_owned INT); INSERT INTO EcoHousing (property_id, coowner_name, units_owned) VALUES (1, 'John Doe', 2), (1, 'Jane Smith', 3); CREATE TABLE Property (property_id INT, development_name TEXT); INSERT INTO Property (property_id, development_name) VALUES (1, 'EcoHousing');",SELECT coowner_name FROM EcoHousing JOIN Property ON EcoHousing.property_id = Property.property_id WHERE development_name = 'EcoHousing';,"This query first joins the EcoHousing and Property tables on the property_id column. It then filters the results to only include rows where the development_name is 'EcoHousing'. Finally, it selects the coowner_name column to get the names of the co-owners."
5547,rural development,"Agricultural innovation metrics, rural infrastructure projects, community development initiatives, and economic diversification efforts.",basic SQL,basic SQL with a simple select statement,analytics and reporting,"generating reports, dashboards, and analytical insights",Which agricultural innovations were implemented in Guatemala between 2016 and 2019?,"CREATE TABLE agricultural_innovations (innovation_id INT, country TEXT, innovation TEXT, implementation_year INT); INSERT INTO agricultural_innovations (innovation_id, country, innovation, implementation_year) VALUES (1, 'Guatemala', 'Precision agriculture', 2016), (2, 'Guatemala', 'Drip irrigation', 2017), (3, 'Guatemala', 'Vertical farming', 2018), (4, 'Guatemala', 'Automated harvesting', 2019);",SELECT innovation FROM agricultural_innovations WHERE country = 'Guatemala' AND implementation_year BETWEEN 2016 AND 2019;,This query filters the agricultural_innovations table for the records with country as Guatemala and implementation_year between 2016 and 2019 and returns the innovation values.
5548,space,"Space data on space exploration, satellite technology, space debris mitigation, and astrobiology.",basic SQL,basic SQL with a simple select statement,analytics and reporting,"generating reports, dashboards, and analytical insights",Find all space missions with astronauts from multiple countries,"CREATE TABLE missions (mission_name VARCHAR(50), country1 VARCHAR(50), country2 VARCHAR(50)); INSERT INTO missions (mission_name, country1, country2) VALUES ('Apollo-Soyuz Test Project', 'USA', 'Russia'), ('Gemini 12', 'USA', 'None'), ('Shenzhou 5', 'China', 'None');",SELECT mission_name FROM missions WHERE country1 != country2;,"This query selects all missions where the country1 and country2 values are not equal, indicating that astronauts from multiple countries were on the mission."
5549,sports entertainment,"Sports team performance data, fan demographics, ticket sales statistics, and athlete wellbeing programs.",basic SQL,basic SQL with a simple select statement,analytics and reporting,"generating reports, dashboards, and analytical insights",What is the number of fans from 'Canada' in the 'fans' table?,"CREATE TABLE fans (fan_id INT, name VARCHAR(50), country VARCHAR(50)); INSERT INTO fans (fan_id, name, country) VALUES (1, 'Alice Johnson', 'Canada'); INSERT INTO fans (fan_id, name, country) VALUES (2, 'Bob Smith', 'USA');",SELECT COUNT(*) FROM fans WHERE country = 'Canada';,The SQL query counts the number of fans from Canada by using the COUNT function on all records and filtering the 'country' column with the 'Canada' value.
5550,defense security,"Detailed records on military technology, intelligence operations, national security, and cybersecurity strategies.",basic SQL,basic SQL with a simple select statement,analytics and reporting,"generating reports, dashboards, and analytical insights","List all cybersecurity incidents with a severity level above 7 in 2019, ordered by date.","CREATE TABLE cybersecurity_incidents(incident_id INT, incident_date DATE, severity INT); INSERT INTO cybersecurity_incidents(incident_id, incident_date, severity) VALUES (1, '2019-01-01', 8), (2, '2019-05-15', 5), (3, '2019-12-31', 9);",SELECT * FROM cybersecurity_incidents WHERE YEAR(incident_date) = 2019 AND severity > 7 ORDER BY incident_date;,"Retrieve all cybersecurity incidents with a severity level greater than 7 in 2019, ordered by date, by querying the cybersecurity_incidents table."
5551,food services,"Menu engineering, customer preferences, inventory management, and sustainability initiatives.",subqueries,"subqueries, including correlated and nested subqueries",analytics and reporting,"generating reports, dashboards, and analytical insights",What is the total cost of ingredients for the 'Falafel Wrap' for the month of June 2022?,"CREATE TABLE Ingredients (ingredient_id INT, ingredient_name TEXT, dish_id INT, cost FLOAT); INSERT INTO Ingredients (ingredient_id, ingredient_name, dish_id, cost) VALUES (1, 'Falafel', 3, 3.0);","SELECT SUM(cost) FROM Ingredients WHERE dish_id IN (SELECT dish_id FROM Dishes WHERE dish_name = 'Falafel Wrap') AND ingredient_name NOT IN ('Hummus', 'Pita Bread');",This query calculates the total cost of ingredients for the 'Falafel Wrap' for June 2022 by summing the 'cost' for all rows with a 'dish_id' corresponding to the 'Falafel Wrap' and excluding the ingredients 'Hummus' and 'Pita Bread'. The subquery identifies the 'dish_id' for the 'Falafel Wrap'.
5552,climate change,"Climate change data on climate mitigation, climate adaptation, climate finance, and climate communication.",subqueries,"subqueries, including correlated and nested subqueries",analytics and reporting,"generating reports, dashboards, and analytical insights",What is the total CO2 emission of the top 3 emitting countries in 2020?,"CREATE TABLE Co2Emissions (country VARCHAR(50), year INT, co2_emission FLOAT); INSERT INTO Co2Emissions (country, year, co2_emission) VALUES ('United States', 2020, 5134.3), ('China', 2020, 10458.8), ('India', 2020, 2718.6), ('United States', 2019, 5035.1), ('China', 2019, 10380.6), ('India', 2019, 2648.3);","SELECT SUM(co2_emission) as total_emission FROM (SELECT country, co2_emission FROM Co2Emissions WHERE year = 2020 ORDER BY co2_emission DESC LIMIT 3) t;",The SQL query calculates the total CO2 emission of the top 3 emitting countries in 2020. It uses a subquery to select the top 3 countries with the highest CO2 emission in 2020 and then calculates the total CO2 emission using the SUM function.
5553,arctic research,"In-depth data on climate change, biodiversity, indigenous communities, and resource management in arctic research.",basic SQL,basic SQL with a simple select statement,analytics and reporting,"generating reports, dashboards, and analytical insights",What is the total population of all critically endangered species in the Arctic?,"CREATE TABLE Endangered_Species (ID INT, Name VARCHAR(50), Population INT, Status VARCHAR(50), Region VARCHAR(50)); INSERT INTO Endangered_Species VALUES (1, 'Snowy Owl', 1000, 'Least Concern', 'Arctic'); INSERT INTO Endangered_Species VALUES (2, 'Gyrfalcon', 2000, 'Least Concern', 'Arctic'); INSERT INTO Endangered_Species VALUES (3, 'Peregrine Falcon', 1500, 'Critically Endangered', 'Arctic');",SELECT SUM(Population) FROM Endangered_Species WHERE Status = 'Critically Endangered';,"We filter the records based on the endangerment status. Then, we calculate the sum of the populations for these records to find the total population of all critically endangered species in the Arctic."
5554,energy,"Energy market data covering renewable energy sources, energy storage, carbon pricing, and energy efficiency.",aggregation,"aggregation functions (COUNT, SUM, AVG, MIN, MAX, etc.), and HAVING clause",analytics and reporting,"generating reports, dashboards, and analytical insights",What is the total energy storage capacity for each energy storage technology in the storage table?,"CREATE TABLE storage (id INT, name VARCHAR(50), type VARCHAR(50), capacity INT, location VARCHAR(50));","SELECT type, SUM(capacity) as total_capacity FROM storage GROUP BY type ORDER BY total_capacity DESC;",This query calculates the total energy storage capacity for each energy storage technology in the storage table. It does so by partitioning the data by type and then calculating the sum of the capacity for each partition. The result is ordered by the total capacity in descending order.
5555,charitable organizations,"Financial data, program impact, donor demographics, and volunteer management.",window functions,"window functions (e.g., ROW_NUMBER, LEAD, LAG, RANk, NTILE, PERCENT_RANK, etc.) with partitioning and ordering",analytics and reporting,"generating reports, dashboards, and analytical insights",Which programs had the highest and lowest total expenses in H1 2021?,"CREATE TABLE programs (program_id INT, program_name TEXT, program_expenses FLOAT, program_date DATE); INSERT INTO programs (program_id, program_name, program_expenses, program_date) VALUES (1, 'Education', 8000, '2021-01-01'); INSERT INTO programs (program_id, program_name, program_expenses, program_date) VALUES (2, 'Health', 5000, '2021-03-01');","SELECT program_name, program_expenses FROM (SELECT program_name, program_expenses, ROW_NUMBER() OVER (ORDER BY program_expenses DESC) AS high_expense, ROW_NUMBER() OVER (ORDER BY program_expenses ASC) AS low_expense FROM programs WHERE EXTRACT(YEAR FROM program_date) = 2021 AND EXTRACT(MONTH FROM program_date) BETWEEN 1 AND 6) AS subquery WHERE high_expense = 1 OR low_expense = 1;","This query filters programs in H1 2021 (January to June), identifies the programs with the highest and lowest expenses, and returns their program_name and program_expenses."
5556,healthcare,"Healthcare data on mental health parity, cultural competency, health equity metrics, and community health workers.",basic SQL,basic SQL with a simple select statement,data manipulation,"inserting, updating, or deleting records",Delete health equity metrics for Arizona in 2019,"CREATE TABLE health_equity_metrics (state VARCHAR(2), year INT, accessibility FLOAT, affordability FLOAT);",DELETE FROM health_equity_metrics WHERE state = 'AZ' AND year = 2019;,This query removes health equity metrics for Arizona in 2019 from the health_equity_metrics table.
5557,gaming industry,"Player analytics, game performance metrics, eSports data, and virtual reality trends.",window functions,"window functions (e.g., ROW_NUMBER, LEAD, LAG, RANk, NTILE, PERCENT_RANK, etc.) with partitioning and ordering",analytics and reporting,"generating reports, dashboards, and analytical insights","What is the average playtime for each game in the ""Simulation"" category?","CREATE TABLE GameStats (GameID int, GameName varchar(50), Category varchar(50), Playtime decimal(10,2));","SELECT Category, AVG(Playtime) OVER(PARTITION BY Category) as AvgPlaytime FROM GameStats;","The SQL query uses the AVG window function to calculate the average playtime for each game in the ""Simulation"" category. The PARTITION BY clause is used to partition the data by the Category column, and the OVER clause is used to specify the window over which the function is applied."
5558,journalism,"News reporting data, audience demographics, media ethics information, and investigative journalism projects.",single join,"only one join (specify inner, outer, cross)",analytics and reporting,"generating reports, dashboards, and analytical insights",What is the average age of all users who liked article 123?,"CREATE TABLE users (id INT, age INT, gender TEXT); INSERT INTO users (id, age, gender) VALUES (1, 25, 'Female'), (2, 35, 'Male'), (3, 45, 'Non-binary'); CREATE TABLE likes (user_id INT, article_id INT); INSERT INTO likes (user_id, article_id) VALUES (1, 123), (2, 123), (3, 456);",SELECT AVG(users.age) FROM users INNER JOIN likes ON users.id = likes.user_id WHERE likes.article_id = 123;,"Join the users and likes tables, filter for users who liked article 123, and calculate the average age."
5559,cannabis industry,"Cannabis production data, dispensary sales stats, regulatory compliance metrics, and social equity trends.",aggregation,"aggregation functions (COUNT, SUM, AVG, MIN, MAX, etc.), and HAVING clause",analytics and reporting,"generating reports, dashboards, and analytical insights",What are the top 5 states with the highest total cannabis sales revenue?,"CREATE TABLE States (state VARCHAR(255), revenue DECIMAL(10,2)); INSERT INTO States (state, revenue) VALUES ('CA', 1200000), ('CO', 800000), ('WA', 700000), ('OR', 600000), ('MI', 500000);","SELECT state, SUM(revenue) as total_revenue FROM States GROUP BY state ORDER BY total_revenue DESC LIMIT 5;","This query groups sales revenue by state, sums up the revenue for each state, and orders the results in descending order. The LIMIT clause is used to return only the top 5 states with the highest revenue."
5560,ethical fashion,"Extensive data on sustainable materials, fair labor practices, circular economy, and consumer awareness in ethical fashion.",aggregation,"aggregation functions (COUNT, SUM, AVG, MIN, MAX, etc.), and HAVING clause",analytics and reporting,"generating reports, dashboards, and analytical insights",Which country has the highest number of fair-trade certified factories?,"CREATE TABLE factories (id INT, name VARCHAR(50), country VARCHAR(50), certified BOOLEAN);","SELECT country, COUNT(*) AS factory_count FROM factories WHERE certified = TRUE GROUP BY country ORDER BY factory_count DESC LIMIT 1;","Filter factories based on certification status, group them by country, and count the number of factories per country. Then, order the countries by the factory count in descending order and limit the results to the top country."
5561,transportation,"Transportation data on electric vehicle adoption, autonomous vehicles, public transportation systems, and multimodal mobility.",aggregation,"aggregation functions (COUNT, SUM, AVG, MIN, MAX, etc.), and HAVING clause",data definition,"creating, altering, or dropping tables and other database objects",List all public transportation systems that serve a given location,"CREATE TABLE public_transportation (id INT PRIMARY KEY, name VARCHAR(255), location VARCHAR(255));","CREATE VIEW public_transportation_by_location AS SELECT location, GROUP_CONCAT(name) as transportation_systems FROM public_transportation GROUP BY location;",* Creates a view called public_transportation_by_location that contains a comma-separated list of all public transportation systems serving each location.
5562,agriculture,"Comprehensive data on agroecology, food justice, indigenous food systems, and urban agriculture.",basic SQL,basic SQL with a simple select statement,analytics and reporting,"generating reports, dashboards, and analytical insights",List all indigenous food systems in Europe that use permaculture farming methods.,"CREATE TABLE Indigenous_Food_Systems (System_ID INT, Country VARCHAR(20), Farming_Method VARCHAR(20)); INSERT INTO Indigenous_Food_Systems (System_ID, Country, Farming_Method) VALUES (1001, 'Spain', 'Permaculture'), (1002, 'France', 'Permaculture');","SELECT * FROM Indigenous_Food_Systems WHERE Country IN ('Spain', 'France') AND Farming_Method = 'Permaculture';",This query lists all indigenous food systems in Europe that use permaculture farming methods by selecting all columns from the Indigenous_Food_Systems table where Country is either Spain or France and Farming_Method is 'Permaculture'.
5563,healthcare,"Healthcare data on mental health parity, cultural competency, health equity metrics, and community health workers.",aggregation,"aggregation functions (COUNT, SUM, AVG, MIN, MAX, etc.), and HAVING clause",analytics and reporting,"generating reports, dashboards, and analytical insights",What is the minimum health equity metric score by gender?,"CREATE TABLE patients (patient_id INT, gender VARCHAR(10), health_equity_metric_score INT); INSERT INTO patients (patient_id, gender, health_equity_metric_score) VALUES (1, 'Female', 75), (2, 'Male', 80), (3, 'Female', 60), (4, 'Non-binary', 90), (5, 'Male', 70);","SELECT gender, MIN(health_equity_metric_score) FROM patients GROUP BY gender;",The SQL query calculates the minimum health equity metric score by gender by grouping the data based on gender and calculating the minimum health equity metric score for each group.
5564,technology,"Extensive data on ethical AI, technology for social good, digital divide, and technology accessibility.",basic SQL,basic SQL with a simple select statement,analytics and reporting,"generating reports, dashboards, and analytical insights",Which technology for social good projects have the highest budgets?,"CREATE TABLE social_good_projects (id INT, project_name TEXT, budget INT); INSERT INTO social_good_projects (id, project_name, budget) VALUES (1, 'Smart Energy Grids', 900000), (2, 'AI for Disaster Response', 700000), (3, 'Accessible Technology Initiative', 800000);","SELECT project_name, budget FROM social_good_projects ORDER BY budget DESC LIMIT 2;","This query identifies the two technology for social good projects with the highest budgets. It first creates a table named social_good_projects with the id, project_name, and budget columns. It then inserts sample data into this table. The query itself selects the project_name and budget columns from the social_good_projects table, sorts the results in descending order by the budget, and limits the output to the top two results."
5565,finance,"Financial data on Shariah-compliant finance, socially responsible lending, financial capability, and financial wellbeing.",basic SQL,basic SQL with a simple select statement,analytics and reporting,"generating reports, dashboards, and analytical insights",List all Shariah-compliant financial products with their descriptions.,"CREATE TABLE shariah_compliant_products (product_id INT, product_name TEXT, description TEXT);","SELECT product_name, description  FROM shariah_compliant_products;",This query simply selects the product_name and description columns from the shariah_compliant_products table.
5566,journalism,"News reporting data, audience demographics, media ethics information, and investigative journalism projects.",basic SQL,basic SQL with a simple select statement,analytics and reporting,"generating reports, dashboards, and analytical insights",What is the average word count for articles in the 'sports' category in the 'news_reporting' table?,"CREATE TABLE news_reporting (article_id INT, author VARCHAR(50), title VARCHAR(100), published_date DATE, category VARCHAR(30), word_count INT, author_gender VARCHAR(10)); INSERT INTO news_reporting (article_id, author, title, published_date, category, word_count, author_gender) VALUES (1, 'Aisha Jones', 'Article 7', '2021-01-07', 'Sports', 600, 'Female');",SELECT AVG(word_count) AS avg_word_count FROM news_reporting WHERE category = 'Sports';,This query calculates the average 'word_count' for articles in the 'sports' category from the 'news_reporting' table.
5567,food services,"Menu engineering, customer preferences, inventory management, and sustainability initiatives.",multiple_joins,"two or more joins (specify inner, outer, cross)",analytics and reporting,"generating reports, dashboards, and analytical insights",List the top 5 most preferred desserts among customers in the South region.,"CREATE TABLE orders (order_id INT, customer_id INT, order_date DATE, region VARCHAR(50)); CREATE TABLE order_details (order_id INT, menu_id INT, quantity_sold INT); CREATE TABLE menu (menu_id INT, menu_name VARCHAR(255), menu_category VARCHAR(50)); INSERT INTO orders (order_id, customer_id, order_date, region) VALUES (1, 1, '2022-01-01', 'South'), (2, 2, '2022-01-02', 'North'), (3, 3, '2022-01-03', 'South'); INSERT INTO order_details (order_id, menu_id, quantity_sold) VALUES (1, 1, 10), (1, 2, 5), (2, 2, 8), (2, 3, 12), (3, 4, 20); INSERT INTO menu (menu_id, menu_name, menu_category) VALUES (1, 'Chocolate Cake', 'Dessert'), (2, 'Cheese Cake', 'Dessert'), (3, 'Beef Burger', 'Main Course'), (4, 'Ice Cream', 'Dessert');","SELECT menu_name, SUM(quantity_sold) as total_quantity FROM order_details o JOIN orders ON o.order_id = orders.order_id JOIN menu m ON o.menu_id = m.menu_id WHERE region = 'South' AND menu_category = 'Dessert' GROUP BY menu_name ORDER BY total_quantity DESC LIMIT 5;","This query lists the top 5 most preferred desserts among customers in the South region by performing a join between order_details, orders, and menu tables, filtering for the South region and Dessert menu_category, and grouping by menu_name. It then orders the results by total_quantity in descending order and limits the results to 5."
5568,manufacturing,"Detailed records on ethical manufacturing, circular economy, workforce development, and industry 4.0.",basic SQL,basic SQL with a simple select statement,analytics and reporting,"generating reports, dashboards, and analytical insights",Which factories have implemented Industry 4.0 technologies and are located in the Americas?,"CREATE TABLE factories (name TEXT, region TEXT, industry_4_0 BOOLEAN); INSERT INTO factories (name, region, industry_4_0) VALUES ('Delta Manufacturing', 'Americas', TRUE), ('Epsilon Robotics', 'Europe', FALSE);",SELECT name FROM factories WHERE region = 'Americas' AND industry_4_0 = TRUE;,This query selects the name column from the factories table where the region is Americas and industry_4_0 is TRUE.
5569,precision agriculture,"Precision farming data, satellite imagery analysis, IoT sensor metrics, and agricultural automation trends.",aggregation,"aggregation functions (COUNT, SUM, AVG, MIN, MAX, etc.), and HAVING clause",analytics and reporting,"generating reports, dashboards, and analytical insights","What is the average precipitation (in millimeters) for ""Field4"" in the second half of August 2021, grouped by sensor_id?","CREATE TABLE Field4_Precip (sensor_id INT, sensor_reading DATE, precip FLOAT); INSERT INTO Field4_Precip (sensor_id, sensor_reading, precip) VALUES (1, '2021-08-15', 5.2), (2, '2021-08-16', 7.0), (1, '2021-08-17', 4.9), (2, '2021-08-17', 6.1);","SELECT sensor_id, AVG(precip) FROM Field4_Precip WHERE sensor_reading BETWEEN '2021-08-16' AND '2021-08-31' GROUP BY sensor_id;",This query calculates the average precipitation in millimeters for the second half of August 2021 by filtering Field4_Precip for sensor readings taken between August 16 and August 31 and then grouping the results by sensor_id and finding the average precipitation using the AVG function.
5570,nonprofit operations,"Donation records, program outcomes, volunteer engagement metrics, budget reports, and community impact assessments.",aggregation,"aggregation functions (COUNT, SUM, AVG, MIN, MAX, etc.), and HAVING clause",analytics and reporting,"generating reports, dashboards, and analytical insights",What's the total donation amount per country?,"CREATE TABLE Donors (DonorID INT, Name TEXT, Country TEXT, TotalDonation FLOAT); INSERT INTO Donors (DonorID, Name, Country, TotalDonation) VALUES (1, 'John Smith', 'USA', 500.00), (2, 'Jane Doe', 'Canada', 350.00);","SELECT Country, SUM(TotalDonation) FROM Donors GROUP BY Country;",This query calculates the total donation amount per country by grouping the data using the Country column and then applying the SUM function on the TotalDonation column.
5571,precision agriculture,"Precision farming data, satellite imagery analysis, IoT sensor metrics, and agricultural automation trends.",basic SQL,basic SQL with a simple select statement,analytics and reporting,"generating reports, dashboards, and analytical insights",What is the count of IoT sensors in Colombia that are not sending data in the last week?,"CREATE TABLE iot_sensors (id INT, sensor_type VARCHAR(50), location VARCHAR(50), last_data_received DATE); INSERT INTO iot_sensors (id, sensor_type, location, last_data_received) VALUES (1, 'Temperature', 'Colombia', '2022-04-15'), (2, 'Humidity', 'Colombia', '2022-04-18'), (3, 'Soil Moisture', 'Colombia', '2022-04-19'), (4, 'Temperature', 'Colombia', '2022-04-20'), (5, 'Humidity', 'Colombia', '2022-04-21');","SELECT COUNT(*) FROM iot_sensors WHERE last_data_received <= DATE_SUB(CURDATE(), INTERVAL 7 DAY);",This query calculates the count of IoT sensors in Colombia that are not sending data in the last week by filtering the iot_sensors table for last_data_received dates more than 7 days ago.
5572,beauty industry,"Cosmetics sales data, beauty product ingredient transparency, consumer preferences, and sustainability metrics.",basic SQL,basic SQL with a simple select statement,analytics and reporting,"generating reports, dashboards, and analytical insights",List the beauty products that contain 'lavender' as an ingredient and are labeled 'vegan' and 'cruelty-free'.,"CREATE TABLE IngredientsVeganCrueltyFree (product_id INT, ingredient TEXT, is_vegan BOOLEAN, is_cruelty_free BOOLEAN); INSERT INTO IngredientsVeganCrueltyFree (product_id, ingredient, is_vegan, is_cruelty_free) VALUES (1, 'aloe vera', true, true), (2, 'almond oil', false, false), (3, 'coconut oil', true, true), (4, 'lavender', false, true), (5, 'lavender', true, true);","SELECT product_id, ingredient FROM IngredientsVeganCrueltyFree WHERE ingredient = 'lavender' AND is_vegan = true AND is_cruelty_free = true;",This query identifies the beauty products that contain 'lavender' as an ingredient and are labeled 'vegan' and 'cruelty-free'. It filters the IngredientsVeganCrueltyFree table for records that meet these criteria and returns the product ID and ingredient for these records.
5573,higher education,"Graduate student records, research grant data, academic publishing statistics, and faculty diversity metrics.",subqueries,"subqueries, including correlated and nested subqueries",analytics and reporting,"generating reports, dashboards, and analytical insights",What is the average number of research grants awarded per department in the College of Engineering?,"CREATE TABLE college (id INT, name VARCHAR(255)); INSERT INTO college (id, name) VALUES (1, 'College of Engineering'); CREATE TABLE departments (id INT, name VARCHAR(255), college_id INT, PRIMARY KEY (id), FOREIGN KEY (college_id) REFERENCES college(id)); INSERT INTO departments (id, name, college_id) VALUES (1, 'Mechanical Engineering', 1), (2, 'Electrical Engineering', 1); CREATE TABLE grants (id INT, department_id INT, PRIMARY KEY (id), FOREIGN KEY (department_id) REFERENCES departments(id));",SELECT AVG(g.count) FROM (SELECT COUNT(grants.id) AS count FROM grants GROUP BY grants.department_id) AS g;,"This query calculates the average number of research grants per department in the College of Engineering. It does so by first counting the number of grants for each department, then calculating the average of those counts."
5574,real estate,"Real estate data on inclusive housing policies, sustainable urbanism, property co-ownership, and housing affordability.",aggregation,"aggregation functions (COUNT, SUM, AVG, MIN, MAX, etc.), and HAVING clause",analytics and reporting,"generating reports, dashboards, and analytical insights",List the names of the cities that have more than 10 property co-ownerships and the number of co-ownerships for each of these cities.,"CREATE TABLE co_ownerships (id INT, city VARCHAR(255), co_ownership BOOLEAN); INSERT INTO co_ownerships (id, city, co_ownership) VALUES (1, 'Los Angeles', true), (2, 'Los Angeles', true), (3, 'San Diego', false);","SELECT city, COUNT(*) FROM co_ownerships WHERE co_ownership = true GROUP BY city HAVING COUNT(*) > 10;","The SQL query lists the names of the cities that have more than 10 property co-ownerships and the number of co-ownerships for each of these cities by filtering the co_ownerships table by co_ownership, grouping by city, and then filtering by having count of co-ownerships greater than 10."
5575,sustainable infrastructure,"Green building data, renewable energy infrastructure projects, carbon offset initiatives, and smart city technology adoption.",basic SQL,basic SQL with a simple select statement,analytics and reporting,"generating reports, dashboards, and analytical insights",What is the total installed capacity of wind power projects in the city of Seattle?,"CREATE TABLE wind_projects (project_id INT, project_name VARCHAR(255), city VARCHAR(255), state VARCHAR(255), capacity FLOAT);",SELECT SUM(capacity) FROM wind_projects WHERE city = 'Seattle';,This SQL query calculates the total installed capacity of wind power projects in the city of Seattle by summing up the capacity values in the wind_projects table where the city field is 'Seattle'.
5576,aquaculture,"Aquatic farming data, fish stock management, ocean health metrics, and sustainable seafood trends.",aggregation,"aggregation functions (COUNT, SUM, AVG, MIN, MAX, etc.), and HAVING clause",analytics and reporting,"generating reports, dashboards, and analytical insights",What is the total biomass of fish species in the Gulf of Mexico over the past decade?,"CREATE TABLE fish_biomass (id INT, species TEXT, location TEXT, year INT, biomass INT); INSERT INTO fish_biomass (id, species, location, year, biomass) VALUES (1, 'Tuna', 'Gulf of Mexico', 2012, 25000), (2, 'Mackerel', 'Gulf of Mexico', 2012, 18000), (3, 'Tuna', 'Gulf of Mexico', 2013, 27000), (4, 'Mackerel', 'Gulf of Mexico', 2013, 19000);","SELECT location, species, SUM(biomass) biomass FROM fish_biomass WHERE year BETWEEN 2011 AND 2021 GROUP BY location, species;",Calculate the total biomass of fish species in the Gulf of Mexico over the past decade.
5577,climate change,"Climate change data on climate mitigation, climate adaptation, climate finance, and climate communication.",basic SQL,basic SQL with a simple select statement,analytics and reporting,"generating reports, dashboards, and analytical insights",What is the minimum temperature recorded in the Arctic region in 2020?,"CREATE TABLE temperature_data (id INT, region VARCHAR(50), year INT, temperature DECIMAL); INSERT INTO temperature_data (id, region, year, temperature) VALUES (1, 'Arctic', 2020, -25.6); INSERT INTO temperature_data (id, region, year, temperature) VALUES (2, 'Antarctic', 2019, -35.7);",SELECT MIN(temperature) FROM temperature_data WHERE region = 'Arctic' AND year = 2020;,The SQL query calculates the minimum temperature recorded in the Arctic region in 2020 by selecting the temperature column values where the region is equal to 'Arctic' and the year is equal to 2020 and then calculates the minimum using the MIN function.
5578,disability services,"Comprehensive data on disability accommodations, support programs, policy advocacy, and inclusion efforts in disability services.",basic SQL,basic SQL with a simple select statement,analytics and reporting,"generating reports, dashboards, and analytical insights",What are the total costs of support programs from the 'SupportPrograms' table?,"CREATE TABLE SupportPrograms (program_id INT, program_name VARCHAR(255), cost DECIMAL(10, 2)); INSERT INTO SupportPrograms (program_id, program_name, cost) VALUES (2001, 'Buddy Program', 1500.00), (2002, 'Mentorship Program', 2500.00), (2003, 'Tutoring Program', 3500.00);",SELECT SUM(cost) FROM SupportPrograms;,"The SQL query uses the SUM function to calculate the total costs of support programs in the 'SupportPrograms' table, returning the sum of all costs."
5579,logistics,"Freight forwarding data, warehouse management statistics, route optimization information, and reverse logistics metrics.",window functions,"window functions (e.g., ROW_NUMBER, LEAD, LAG, RANk, NTILE, PERCENT_RANK, etc.) with partitioning and ordering",analytics and reporting,"generating reports, dashboards, and analytical insights",What are the top 3 customers by total freight charges for each region?,"CREATE TABLE CustomersRegion (CustomerID INT, CustomerName VARCHAR(255), Region VARCHAR(50), TotalFreightCharges DECIMAL(10, 2)); INSERT INTO CustomersRegion (CustomerID, CustomerName, Region, TotalFreightCharges) VALUES (1, 'ABC Corp', 'East', 5000.00), (2, 'XYZ Inc', 'West', 7000.00), (3, 'LMN Ltd', 'East', 6000.00), (4, 'DEF Co', 'West', 8000.00), (5, 'GHI Pvt', 'East', 9000.00), (6, 'JKL Co', 'North', 4000.00), (7, 'MNO Inc', 'North', 3000.00), (8, 'PQR Ltd', 'South', 10000.00), (9, 'STU Pvt', 'South', 11000.00), (10, 'VWX Corp', 'South', 12000.00);","SELECT CustomerName, TotalFreightCharges, Region FROM (SELECT CustomerName, TotalFreightCharges, Region, ROW_NUMBER() OVER (PARTITION BY Region ORDER BY TotalFreightCharges DESC) AS Ranking FROM CustomersRegion) AS Subquery WHERE Ranking <= 3;","This query uses a subquery to rank the customers in each region by their total freight charges in descending order, using the ROW_NUMBER() window function. It then selects the CustomerName, TotalFreightCharges, and Region columns from the subquery where the ranking is less than or equal to 3. This returns the top 3 customers by total freight charges for each region."
5580,telecommunications,"Mobile and broadband subscriber data, network infrastructure investments, customer usage patterns, and regulatory compliance information.",aggregation,"aggregation functions (COUNT, SUM, AVG, MIN, MAX, etc.), and HAVING clause",analytics and reporting,"generating reports, dashboards, and analytical insights",What is the total data usage in GB for each mobile plan type in the state of Florida?,"CREATE TABLE mobile_usage (id INT, plan_type VARCHAR(10), state VARCHAR(20), data_usage INT);","SELECT plan_type, state, SUM(data_usage)/1024/1024/1024 FROM mobile_usage WHERE state = 'Florida' GROUP BY plan_type;","This query lists the total data usage in GB for each mobile plan type in the state of Florida by summing the data_usage column in the mobile_usage table where the state is Florida, converting from bytes to GB, and grouping by plan_type."
5581,telecommunications,"Mobile and broadband subscriber data, network infrastructure investments, customer usage patterns, and regulatory compliance information.",basic SQL,basic SQL with a simple select statement,analytics and reporting,"generating reports, dashboards, and analytical insights",What is the minimum monthly data usage for postpaid mobile customers in the state of California?,"CREATE TABLE mobile_subscribers (subscriber_id INT, data_usage FLOAT, state VARCHAR(20)); INSERT INTO mobile_subscribers (subscriber_id, data_usage, state) VALUES (1, 3.5, 'California'), (2, 4.2, 'California'), (3, 3.8, 'New York');",SELECT MIN(data_usage) FROM mobile_subscribers WHERE state = 'California' AND subscription_type = 'postpaid';,"This SQL query calculates the minimum monthly data usage for postpaid mobile customers in the state of California. It does this by selecting the minimum (MIN) of the data_usage column from the mobile_subscribers table, where the state is 'California' and the subscription_type is 'postpaid'."
5582,nonprofit operations,"Donation records, program outcomes, volunteer engagement metrics, budget reports, and community impact assessments.",basic SQL,basic SQL with a simple select statement,analytics and reporting,"generating reports, dashboards, and analytical insights",How many volunteers engaged in our programs in California in the last 6 months?,"CREATE TABLE Volunteers (VolunteerID int, VolunteerName varchar(50), State varchar(50), LastEngagementDate date);","SELECT COUNT(*) FROM Volunteers WHERE State = 'California' AND LastEngagementDate >= DATEADD(month, -6, GETDATE());","The SQL query calculates the number of volunteers who engaged in the program in California in the last 6 months. It does this by filtering the Volunteers table for volunteers from California and those whose LastEngagementDate is within the last 6 months, and then counting the number of rows in the resulting table."
5583,blockchain,"Comprehensive data on smart contracts, decentralized applications, digital assets, and regulatory frameworks in blockchain.",basic SQL,basic SQL with a simple select statement,analytics and reporting,"generating reports, dashboards, and analytical insights",List all decentralized applications (dApps) in the gaming category.,"CREATE TABLE dapps (id INT PRIMARY KEY, name VARCHAR(255), category VARCHAR(255)); INSERT INTO dapps (id, name, category) VALUES (1, 'Game1', 'Gaming'), (2, 'Tool1', 'Development');",SELECT name FROM dapps WHERE category = 'Gaming';,The SQL query selects all records from the dapps table with the category value of 'Gaming'.
5584,biotechnology,"Genetic research data, bioprocess engineering information, biotech startup funding, and biosensor technology development.",basic SQL,basic SQL with a simple select statement,analytics and reporting,"generating reports, dashboards, and analytical insights",What is the average budget of biotech startups in the Asia Pacific region?,"CREATE TABLE biotech_startups (id INT, name VARCHAR(50), budget DECIMAL(10,2), region VARCHAR(50)); INSERT INTO biotech_startups (id, name, budget, region) VALUES (1, 'Genetix', 5000000.00, 'Asia Pacific'); INSERT INTO biotech_startups (id, name, budget, region) VALUES (2, 'BioEngineerz', 7000000.00, 'North America'); INSERT INTO biotech_startups (id, name, budget, region) VALUES (3, 'SensoraBio', 6000000.00, 'Europe');",SELECT AVG(budget) FROM biotech_startups WHERE region = 'Asia Pacific';,"We calculate the average budget of biotech startups in the Asia Pacific region by selecting the budget column and applying the AVG() function, filtering by the region 'Asia Pacific'."
5585,finance,"Financial data on Shariah-compliant finance, socially responsible lending, financial capability, and financial wellbeing.",single join,"only one join (specify inner, outer, cross)",analytics and reporting,"generating reports, dashboards, and analytical insights",What is the maximum and minimum Shariah-compliant investment amount in each portfolio?,"CREATE TABLE portfolios (portfolio_id INT, customer_id INT, num_investments INT, num_shariah_compliant_investments INT, shariah_compliant_investment_amount DECIMAL(10,2));CREATE VIEW shariah_compliant_portfolios AS SELECT * FROM portfolios WHERE num_shariah_compliant_investments > 0;","SELECT p.portfolio_id, MAX(p.shariah_compliant_investment_amount) as max_amount, MIN(p.shariah_compliant_investment_amount) as min_amount FROM portfolios p INNER JOIN shariah_compliant_portfolios scp ON p.portfolio_id = scp.portfolio_id GROUP BY p.portfolio_id;","This query joins the portfolios table with the shariah_compliant_portfolios view, which filters the portfolios table to only include portfolios with at least one Shariah-compliant investment. It then calculates the maximum and minimum Shariah-compliant investment amount in each portfolio by grouping the results by portfolio_id."
5586,higher education,"Graduate student records, research grant data, academic publishing statistics, and faculty diversity metrics.",aggregation,"aggregation functions (COUNT, SUM, AVG, MIN, MAX, etc.), and HAVING clause",analytics and reporting,"generating reports, dashboards, and analytical insights",What is the maximum number of publications by a single author in the College of Arts and Humanities?,"CREATE TABLE publications(id INT, author VARCHAR(50), department VARCHAR(50), pub_date DATE); INSERT INTO publications VALUES (1, 'Alice', 'Arts and Humanities', '2021-03-01'); INSERT INTO publications VALUES (2, 'Beth', 'Science', '2020-06-15'); INSERT INTO publications VALUES (3, 'Charlie', 'Arts and Humanities', '2019-12-31'); INSERT INTO publications VALUES (4, 'Diana', 'Arts and Humanities', '2021-01-01');","SELECT department, MAX(COUNT(*)) FROM publications GROUP BY department HAVING department = 'Arts and Humanities';","This query calculates the maximum number of publications by a single author in the College of Arts and Humanities by grouping the publications table by department and counting the number of publications for each author, and then computing the maximum count for the relevant department."
5587,disability services,"Comprehensive data on disability accommodations, support programs, policy advocacy, and inclusion efforts in disability services.",aggregation,"aggregation functions (COUNT, SUM, AVG, MIN, MAX, etc.), and HAVING clause",analytics and reporting,"generating reports, dashboards, and analytical insights",List the top 3 support programs with the highest enrollment count in the SupportPrograms table.,"CREATE TABLE SupportPrograms (programID INT, programName VARCHAR(50), enrollment INT);","SELECT programName, COUNT(*) as enrollment_count FROM SupportPrograms GROUP BY programName ORDER BY enrollment_count DESC LIMIT 3;","This SQL query lists the top 3 support programs with the highest enrollment count by using the COUNT function on the 'enrollment' column in the 'SupportPrograms' table, grouping the results by 'programName' and ordering them in descending order with the LIMIT clause."
5588,beauty industry,"Cosmetics sales data, beauty product ingredient transparency, consumer preferences, and sustainability metrics.",basic SQL,basic SQL with a simple select statement,analytics and reporting,"generating reports, dashboards, and analytical insights",What is the maximum price of natural hair care products sold in France?,"CREATE TABLE hair_care_sales(product_name TEXT, price DECIMAL(5,2), is_natural BOOLEAN, country TEXT); INSERT INTO hair_care_sales VALUES ('Shampoo', 12.99, true, 'France'); INSERT INTO hair_care_sales VALUES ('Conditioner', 14.99, true, 'France'); INSERT INTO hair_care_sales VALUES ('Styling Cream', 8.99, false, 'France');",SELECT MAX(price) FROM hair_care_sales WHERE is_natural = true AND country = 'France';,This query calculates the maximum price of natural hair care products sold in France by filtering the hair_care_sales table for natural hair care products sold in France and then finding the maximum price of those products.
5589,nonprofit operations,"Donation records, program outcomes, volunteer engagement metrics, budget reports, and community impact assessments.",single join,"only one join (specify inner, outer, cross)",analytics and reporting,"generating reports, dashboards, and analytical insights",What is the average number of hours volunteered per volunteer?,"CREATE TABLE Volunteer_Hours (id INT, hours INT, volunteer_id INT, month INT); CREATE TABLE Volunteers (id INT, name TEXT);",SELECT AVG(hours) as avg_hours_per_volunteer FROM Volunteer_Hours JOIN Volunteers ON Volunteer_Hours.volunteer_id = Volunteers.id;,"The SQL query calculates the average number of hours volunteered per volunteer by joining Volunteer_Hours and Volunteers tables, and then using the AVG() function."
5590,financial services,"Detailed financial data including investment strategies, risk management, fraud detection, customer analytics, and regulatory compliance.",subqueries,"subqueries, including correlated and nested subqueries",analytics and reporting,"generating reports, dashboards, and analytical insights",Find total assets of clients with a last transaction date in 2021 Q4,"CREATE TABLE clients (client_id INT PRIMARY KEY, name VARCHAR(100), last_transaction_date DATE); INSERT INTO clients (client_id, name, last_transaction_date) VALUES (1, 'John Doe', '2021-12-15');","SELECT SUM(assets) FROM (SELECT client_id, assets FROM client_assets WHERE client_id IN (SELECT client_id FROM clients WHERE last_transaction_date >= '2021-10-01' AND last_transaction_date <= '2021-12-31')) clients_assets_q4","First, we create a subquery to filter clients who had a transaction in Q4 2021. Then, we create another subquery to join the clients_assets table with the filtered clients. Finally, we calculate the sum of assets for those clients."
5591,artificial intelligence,"AI data on algorithmic fairness, AI safety, explainable AI, and creative AI applications.",basic SQL,basic SQL with a simple select statement,analytics and reporting,"generating reports, dashboards, and analytical insights",Find the number of models with a fairness score less than 0.7.,"CREATE TABLE model_fairness (model_id INT, fairness_score DECIMAL(3,2)); INSERT INTO model_fairness (model_id, fairness_score) VALUES (1, 0.85), (2, 0.70), (3, 0.92), (4, 0.68), (5, 0.55);",SELECT COUNT(*) FROM model_fairness WHERE fairness_score < 0.7;,This query counts the number of rows in the model_fairness table where the fairness score is less than 0.7.
5592,sustainable infrastructure,"Green building data, renewable energy infrastructure projects, carbon offset initiatives, and smart city technology adoption.",basic SQL,basic SQL with a simple select statement,analytics and reporting,"generating reports, dashboards, and analytical insights",Calculate the average smart city technology adoption score of all cities in the database.,"CREATE TABLE smart_cities (id INT, name VARCHAR(255), technology_adoption_score FLOAT);",SELECT AVG(technology_adoption_score) FROM smart_cities;,"This SQL query calculates the average of the technology_adoption_score column in the smart_cities table, which represents the average smart city technology adoption score of all cities in the database."
5593,aerospace,"Aircraft manufacturing data, satellite deployment projects, flight safety records, and space exploration research.",basic SQL,basic SQL with a simple select statement,data manipulation,"inserting, updating, or deleting records",Delete all records from the 'space_exploration' table where the mission is 'not successful',"CREATE TABLE space_exploration (id INT PRIMARY KEY, mission_name VARCHAR(50), mission_status VARCHAR(20));",DELETE FROM space_exploration WHERE mission_status = 'not successful';,This query deletes all records from the 'space_exploration' table where the mission is 'not successful'.
5594,government services,"Public service delivery, budget allocation, citizen feedback, and policy impact.",basic SQL,basic SQL with a simple select statement,analytics and reporting,"generating reports, dashboards, and analytical insights",What is the total number of hospitals in the state of California?,"CREATE TABLE hospitals (name VARCHAR(255), state VARCHAR(255)); INSERT INTO hospitals (name, state) VALUES ('UCLA Medical Center', 'California'), ('Stanford Health Care', 'California'), ('Cedars-Sinai Medical Center', 'California');",SELECT COUNT(*) FROM hospitals WHERE state = 'California';,"This query calculates the total number of hospitals in California by selecting all records with state 'California' from the hospitals table, then counting the number of records."
5595,rare earth elements,"Rare earth element production data, market trends, environmental impact stats, and supply chain transparency.",subqueries,"subqueries, including correlated and nested subqueries",analytics and reporting,"generating reports, dashboards, and analytical insights",Find the average price of elements with symbol 'E',"CREATE TABLE elements_price (element_id INT, price FLOAT, PRIMARY KEY (element_id, price)); CREATE TABLE elements (id INT PRIMARY KEY, name VARCHAR(255), symbol VARCHAR(3), weight FLOAT, element_id INT, FOREIGN KEY (element_id) REFERENCES elements_price(element_id));",SELECT AVG(price) FROM elements_price WHERE element_id IN (SELECT id FROM elements WHERE symbol LIKE 'E%');,This query calculates the average price of rare earth elements whose symbols start with 'E'.
5596,restaurant operations,"Restaurant revenue data, menu engineering information, food safety inspection records, and sustainable sourcing practices.",basic SQL,basic SQL with a simple select statement,data manipulation,"inserting, updating, or deleting records",Insert a new record in the food_safety_inspections table for 'Sushi Spot' restaurant.,"CREATE TABLE food_safety_inspections (restaurant_name VARCHAR(255), inspection_date DATE, score INT); INSERT INTO food_safety_inspections (restaurant_name, inspection_date, score) VALUES ('Pizza Palace', '2022-01-01', 85);","INSERT INTO food_safety_inspections (restaurant_name, inspection_date, score) VALUES ('Sushi Spot', '2022-03-01', 90);",This query inserts a new record into the 'food_safety_inspections' table for the 'Sushi Spot' restaurant with a score of 90.
